stage,layer,comparison,positions,full_logits_exact,top1_set_exact,top1_order_exact,top10_set_exact,top10_order_exact,top20_set_exact,top20_order_exact
Attention KV write,11,Final compiled M8 vs final eager M8,320,320,320,320,320,320,320,320
Attention KV write,11,Fix 1 compiled M8 vs Fix 1 eager M8,320,320,320,320,320,320,320,320
Attention KV write,11,Fix 1 compiled M8 vs Fix 1 compiled M1,320,320,320,320,320,320,320,320
Attention KV write,11,Old compiled M8 vs old compiled M1,320,320,320,320,320,320,320,320
Attention KV write,15,Final compiled M8 vs final eager M8,320,320,320,320,320,320,320,320
Attention KV write,15,Fix 1 compiled M8 vs Fix 1 eager M8,320,320,320,320,320,320,320,320
Attention KV write,15,Fix 1 compiled M8 vs Fix 1 compiled M1,320,320,320,320,320,320,320,320
Attention KV write,15,Old compiled M8 vs old compiled M1,320,320,320,320,320,320,320,320
Attention KV write,19,Final compiled M8 vs final eager M8,320,320,320,320,320,320,320,320
Attention KV write,19,Fix 1 compiled M8 vs Fix 1 eager M8,320,320,320,320,320,320,320,320
Attention KV write,19,Fix 1 compiled M8 vs Fix 1 compiled M1,320,320,320,320,320,320,320,320
Attention KV write,19,Old compiled M8 vs old compiled M1,320,320,320,320,320,320,320,320
Attention KV write,23,Final compiled M8 vs final eager M8,320,320,320,320,320,320,320,320
Attention KV write,23,Fix 1 compiled M8 vs Fix 1 eager M8,320,320,320,320,320,320,320,320
Attention KV write,23,Fix 1 compiled M8 vs Fix 1 compiled M1,320,320,320,320,320,320,320,320
Attention KV write,23,Old compiled M8 vs old compiled M1,320,320,320,320,320,320,320,320
Attention KV write,27,Final compiled M8 vs final eager M8,320,320,320,320,320,320,320,320
Attention KV write,27,Fix 1 compiled M8 vs Fix 1 eager M8,320,320,320,320,320,320,320,320
Attention KV write,27,Fix 1 compiled M8 vs Fix 1 compiled M1,320,320,320,320,320,320,320,320
Attention KV write,27,Old compiled M8 vs old compiled M1,320,320,320,320,320,320,320,320
Attention KV write,3,Final compiled M8 vs final eager M8,320,320,320,320,320,320,320,320
Attention KV write,3,Fix 1 compiled M8 vs Fix 1 eager M8,320,320,320,320,320,320,320,320
Attention KV write,3,Fix 1 compiled M8 vs Fix 1 compiled M1,320,320,320,320,320,320,320,320
Attention KV write,3,Old compiled M8 vs old compiled M1,320,320,320,320,320,320,320,320
Attention KV write,31,Final compiled M8 vs final eager M8,320,320,320,320,320,320,320,320
Attention KV write,31,Fix 1 compiled M8 vs Fix 1 eager M8,320,320,320,320,320,320,320,320
Attention KV write,31,Fix 1 compiled M8 vs Fix 1 compiled M1,320,320,320,320,320,320,320,320
Attention KV write,31,Old compiled M8 vs old compiled M1,320,320,320,320,320,320,320,320
Attention KV write,35,Final compiled M8 vs final eager M8,320,320,320,320,320,320,320,320
Attention KV write,35,Fix 1 compiled M8 vs Fix 1 eager M8,320,320,320,320,320,320,320,320
Attention KV write,35,Fix 1 compiled M8 vs Fix 1 compiled M1,320,320,320,320,320,320,320,320
Attention KV write,35,Old compiled M8 vs old compiled M1,320,320,320,320,320,320,320,320
Attention KV write,39,Final compiled M8 vs final eager M8,320,320,320,320,320,320,320,320
Attention KV write,39,Fix 1 compiled M8 vs Fix 1 eager M8,320,320,320,320,320,320,320,320
Attention KV write,39,Fix 1 compiled M8 vs Fix 1 compiled M1,320,320,320,320,320,320,320,320
Attention KV write,39,Old compiled M8 vs old compiled M1,320,320,320,320,320,320,320,320
Attention KV write,43,Final compiled M8 vs final eager M8,320,320,320,320,320,320,320,320
Attention KV write,43,Fix 1 compiled M8 vs Fix 1 eager M8,320,320,320,320,320,320,320,320
Attention KV write,43,Fix 1 compiled M8 vs Fix 1 compiled M1,320,320,320,320,320,320,320,320
Attention KV write,43,Old compiled M8 vs old compiled M1,320,320,320,320,320,320,320,320
Attention KV write,47,Final compiled M8 vs final eager M8,320,320,320,320,320,320,320,320
Attention KV write,47,Fix 1 compiled M8 vs Fix 1 eager M8,320,320,320,320,320,320,320,320
Attention KV write,47,Fix 1 compiled M8 vs Fix 1 compiled M1,320,320,320,320,320,320,320,320
Attention KV write,47,Old compiled M8 vs old compiled M1,320,320,320,320,320,320,320,320
Attention KV write,51,Final compiled M8 vs final eager M8,320,320,320,320,320,320,320,320
Attention KV write,51,Fix 1 compiled M8 vs Fix 1 eager M8,320,320,320,320,320,320,320,320
Attention KV write,51,Fix 1 compiled M8 vs Fix 1 compiled M1,320,320,320,320,320,320,320,320
Attention KV write,51,Old compiled M8 vs old compiled M1,320,320,320,320,320,320,320,320
Attention KV write,55,Final compiled M8 vs final eager M8,320,320,320,320,320,320,320,320
Attention KV write,55,Fix 1 compiled M8 vs Fix 1 eager M8,320,320,320,320,320,320,320,320
Attention KV write,55,Fix 1 compiled M8 vs Fix 1 compiled M1,320,320,320,320,320,320,320,320
Attention KV write,55,Old compiled M8 vs old compiled M1,320,320,320,320,320,320,320,320
Attention KV write,59,Final compiled M8 vs final eager M8,320,320,320,320,320,320,320,320
Attention KV write,59,Fix 1 compiled M8 vs Fix 1 eager M8,320,320,320,320,320,320,320,320
Attention KV write,59,Fix 1 compiled M8 vs Fix 1 compiled M1,320,320,320,320,320,320,320,320
Attention KV write,59,Old compiled M8 vs old compiled M1,320,320,320,320,320,320,320,320
Attention KV write,63,Final compiled M8 vs final eager M8,320,320,320,320,320,320,320,320
Attention KV write,63,Fix 1 compiled M8 vs Fix 1 eager M8,320,320,320,320,320,320,320,320
Attention KV write,63,Fix 1 compiled M8 vs Fix 1 compiled M1,320,320,320,320,320,320,320,320
Attention KV write,63,Old compiled M8 vs old compiled M1,320,320,320,320,320,320,320,320
Attention KV write,7,Final compiled M8 vs final eager M8,320,320,320,320,320,320,320,320
Attention KV write,7,Fix 1 compiled M8 vs Fix 1 eager M8,320,320,320,320,320,320,320,320
Attention KV write,7,Fix 1 compiled M8 vs Fix 1 compiled M1,320,320,320,320,320,320,320,320
Attention KV write,7,Old compiled M8 vs old compiled M1,320,320,320,320,320,320,320,320
Attention Q/K normalization,11:k,Final compiled M8 vs final eager M8,320,320,320,320,320,320,320,320
Attention Q/K normalization,11:k,Fix 1 compiled M8 vs Fix 1 eager M8,320,320,320,320,320,320,320,320
Attention Q/K normalization,11:k,Fix 1 compiled M8 vs Fix 1 compiled M1,320,320,320,320,320,320,320,320
Attention Q/K normalization,11:q,Final compiled M8 vs final eager M8,320,320,320,320,320,320,320,320
Attention Q/K normalization,11:q,Fix 1 compiled M8 vs Fix 1 eager M8,320,320,320,320,320,320,320,320
Attention Q/K normalization,11:q,Fix 1 compiled M8 vs Fix 1 compiled M1,320,320,320,320,320,320,320,320
Attention Q/K normalization,15:k,Final compiled M8 vs final eager M8,320,320,320,320,320,320,320,320
Attention Q/K normalization,15:k,Fix 1 compiled M8 vs Fix 1 eager M8,320,320,320,320,320,320,320,320
Attention Q/K normalization,15:k,Fix 1 compiled M8 vs Fix 1 compiled M1,320,320,320,320,320,320,320,320
Attention Q/K normalization,15:q,Final compiled M8 vs final eager M8,320,320,320,320,320,320,320,320
Attention Q/K normalization,15:q,Fix 1 compiled M8 vs Fix 1 eager M8,320,320,320,320,320,320,320,320
Attention Q/K normalization,15:q,Fix 1 compiled M8 vs Fix 1 compiled M1,320,320,320,320,320,320,320,320
Attention Q/K normalization,19:k,Final compiled M8 vs final eager M8,320,320,320,320,320,320,320,320
Attention Q/K normalization,19:k,Fix 1 compiled M8 vs Fix 1 eager M8,320,320,320,320,320,320,320,320
Attention Q/K normalization,19:k,Fix 1 compiled M8 vs Fix 1 compiled M1,320,320,320,320,320,320,320,320
Attention Q/K normalization,19:q,Final compiled M8 vs final eager M8,320,320,320,320,320,320,320,320
Attention Q/K normalization,19:q,Fix 1 compiled M8 vs Fix 1 eager M8,320,320,320,320,320,320,320,320
Attention Q/K normalization,19:q,Fix 1 compiled M8 vs Fix 1 compiled M1,320,320,320,320,320,320,320,320
Attention Q/K normalization,23:k,Final compiled M8 vs final eager M8,320,320,320,320,320,320,320,320
Attention Q/K normalization,23:k,Fix 1 compiled M8 vs Fix 1 eager M8,320,320,320,320,320,320,320,320
Attention Q/K normalization,23:k,Fix 1 compiled M8 vs Fix 1 compiled M1,320,320,320,320,320,320,320,320
Attention Q/K normalization,23:q,Final compiled M8 vs final eager M8,320,320,320,320,320,320,320,320
Attention Q/K normalization,23:q,Fix 1 compiled M8 vs Fix 1 eager M8,320,320,320,320,320,320,320,320
Attention Q/K normalization,23:q,Fix 1 compiled M8 vs Fix 1 compiled M1,320,320,320,320,320,320,320,320
Attention Q/K normalization,27:k,Final compiled M8 vs final eager M8,320,320,320,320,320,320,320,320
Attention Q/K normalization,27:k,Fix 1 compiled M8 vs Fix 1 eager M8,320,320,320,320,320,320,320,320
Attention Q/K normalization,27:k,Fix 1 compiled M8 vs Fix 1 compiled M1,320,320,320,320,320,320,320,320
Attention Q/K normalization,27:q,Final compiled M8 vs final eager M8,320,320,320,320,320,320,320,320
Attention Q/K normalization,27:q,Fix 1 compiled M8 vs Fix 1 eager M8,320,320,320,320,320,320,320,320
Attention Q/K normalization,27:q,Fix 1 compiled M8 vs Fix 1 compiled M1,320,320,320,320,320,320,320,320
Attention Q/K normalization,31:k,Final compiled M8 vs final eager M8,320,320,320,320,320,320,320,320
Attention Q/K normalization,31:k,Fix 1 compiled M8 vs Fix 1 eager M8,320,320,320,320,320,320,320,320
Attention Q/K normalization,31:k,Fix 1 compiled M8 vs Fix 1 compiled M1,320,320,320,320,320,320,320,320
Attention Q/K normalization,31:q,Final compiled M8 vs final eager M8,320,320,320,320,320,320,320,320
Attention Q/K normalization,31:q,Fix 1 compiled M8 vs Fix 1 eager M8,320,320,320,320,320,320,320,320
Attention Q/K normalization,31:q,Fix 1 compiled M8 vs Fix 1 compiled M1,320,320,320,320,320,320,320,320
Attention Q/K normalization,35:k,Final compiled M8 vs final eager M8,320,320,320,320,320,320,320,320
Attention Q/K normalization,35:k,Fix 1 compiled M8 vs Fix 1 eager M8,320,320,320,320,320,320,320,320
Attention Q/K normalization,35:k,Fix 1 compiled M8 vs Fix 1 compiled M1,320,320,320,320,320,320,320,320
Attention Q/K normalization,35:q,Final compiled M8 vs final eager M8,320,320,320,320,320,320,320,320
Attention Q/K normalization,35:q,Fix 1 compiled M8 vs Fix 1 eager M8,320,320,320,320,320,320,320,320
Attention Q/K normalization,35:q,Fix 1 compiled M8 vs Fix 1 compiled M1,320,320,320,320,320,320,320,320
Attention Q/K normalization,39:k,Final compiled M8 vs final eager M8,320,320,320,320,320,320,320,320
Attention Q/K normalization,39:k,Fix 1 compiled M8 vs Fix 1 eager M8,320,320,320,320,320,320,320,320
Attention Q/K normalization,39:k,Fix 1 compiled M8 vs Fix 1 compiled M1,320,320,320,320,320,320,320,320
Attention Q/K normalization,39:q,Final compiled M8 vs final eager M8,320,320,320,320,320,320,320,320
Attention Q/K normalization,39:q,Fix 1 compiled M8 vs Fix 1 eager M8,320,320,320,320,320,320,320,320
Attention Q/K normalization,39:q,Fix 1 compiled M8 vs Fix 1 compiled M1,320,320,320,320,320,320,320,320
Attention Q/K normalization,3:k,Final compiled M8 vs final eager M8,320,320,320,320,320,320,320,320
Attention Q/K normalization,3:k,Fix 1 compiled M8 vs Fix 1 eager M8,320,320,320,320,320,320,320,320
Attention Q/K normalization,3:k,Fix 1 compiled M8 vs Fix 1 compiled M1,320,320,320,320,320,320,320,320
Attention Q/K normalization,3:q,Final compiled M8 vs final eager M8,320,320,320,320,320,320,320,320
Attention Q/K normalization,3:q,Fix 1 compiled M8 vs Fix 1 eager M8,320,320,320,320,320,320,320,320
Attention Q/K normalization,3:q,Fix 1 compiled M8 vs Fix 1 compiled M1,320,320,320,320,320,320,320,320
Attention Q/K normalization,43:k,Final compiled M8 vs final eager M8,320,320,320,320,320,320,320,320
Attention Q/K normalization,43:k,Fix 1 compiled M8 vs Fix 1 eager M8,320,320,320,320,320,320,320,320
Attention Q/K normalization,43:k,Fix 1 compiled M8 vs Fix 1 compiled M1,320,320,320,320,320,320,320,320
Attention Q/K normalization,43:q,Final compiled M8 vs final eager M8,320,320,320,320,320,320,320,320
Attention Q/K normalization,43:q,Fix 1 compiled M8 vs Fix 1 eager M8,320,320,320,320,320,320,320,320
Attention Q/K normalization,43:q,Fix 1 compiled M8 vs Fix 1 compiled M1,320,320,320,320,320,320,320,320
Attention Q/K normalization,47:k,Final compiled M8 vs final eager M8,320,320,320,320,320,320,320,320
Attention Q/K normalization,47:k,Fix 1 compiled M8 vs Fix 1 eager M8,320,320,320,320,320,320,320,320
Attention Q/K normalization,47:k,Fix 1 compiled M8 vs Fix 1 compiled M1,320,320,320,320,320,320,320,320
Attention Q/K normalization,47:q,Final compiled M8 vs final eager M8,320,320,320,320,320,320,320,320
Attention Q/K normalization,47:q,Fix 1 compiled M8 vs Fix 1 eager M8,320,320,320,320,320,320,320,320
Attention Q/K normalization,47:q,Fix 1 compiled M8 vs Fix 1 compiled M1,320,320,320,320,320,320,320,320
Attention Q/K normalization,51:k,Final compiled M8 vs final eager M8,320,320,320,320,320,320,320,320
Attention Q/K normalization,51:k,Fix 1 compiled M8 vs Fix 1 eager M8,320,320,320,320,320,320,320,320
Attention Q/K normalization,51:k,Fix 1 compiled M8 vs Fix 1 compiled M1,320,320,320,320,320,320,320,320
Attention Q/K normalization,51:q,Final compiled M8 vs final eager M8,320,320,320,320,320,320,320,320
Attention Q/K normalization,51:q,Fix 1 compiled M8 vs Fix 1 eager M8,320,320,320,320,320,320,320,320
Attention Q/K normalization,51:q,Fix 1 compiled M8 vs Fix 1 compiled M1,320,320,320,320,320,320,320,320
Attention Q/K normalization,55:k,Final compiled M8 vs final eager M8,320,320,320,320,320,320,320,320
Attention Q/K normalization,55:k,Fix 1 compiled M8 vs Fix 1 eager M8,320,320,320,320,320,320,320,320
Attention Q/K normalization,55:k,Fix 1 compiled M8 vs Fix 1 compiled M1,320,320,320,320,320,320,320,320
Attention Q/K normalization,55:q,Final compiled M8 vs final eager M8,320,320,320,320,320,320,320,320
Attention Q/K normalization,55:q,Fix 1 compiled M8 vs Fix 1 eager M8,320,320,320,320,320,320,320,320
Attention Q/K normalization,55:q,Fix 1 compiled M8 vs Fix 1 compiled M1,320,320,320,320,320,320,320,320
Attention Q/K normalization,59:k,Final compiled M8 vs final eager M8,320,320,320,320,320,320,320,320
Attention Q/K normalization,59:k,Fix 1 compiled M8 vs Fix 1 eager M8,320,320,320,320,320,320,320,320
Attention Q/K normalization,59:k,Fix 1 compiled M8 vs Fix 1 compiled M1,320,320,320,320,320,320,320,320
Attention Q/K normalization,59:q,Final compiled M8 vs final eager M8,320,320,320,320,320,320,320,320
Attention Q/K normalization,59:q,Fix 1 compiled M8 vs Fix 1 eager M8,320,320,320,320,320,320,320,320
Attention Q/K normalization,59:q,Fix 1 compiled M8 vs Fix 1 compiled M1,320,320,320,320,320,320,320,320
Attention Q/K normalization,63:k,Final compiled M8 vs final eager M8,320,320,320,320,320,320,320,320
Attention Q/K normalization,63:k,Fix 1 compiled M8 vs Fix 1 eager M8,320,320,320,320,320,320,320,320
Attention Q/K normalization,63:k,Fix 1 compiled M8 vs Fix 1 compiled M1,320,320,320,320,320,320,320,320
Attention Q/K normalization,63:q,Final compiled M8 vs final eager M8,320,320,320,320,320,320,320,320
Attention Q/K normalization,63:q,Fix 1 compiled M8 vs Fix 1 eager M8,320,320,320,320,320,320,320,320
Attention Q/K normalization,63:q,Fix 1 compiled M8 vs Fix 1 compiled M1,320,320,320,320,320,320,320,320
Attention Q/K normalization,7:k,Final compiled M8 vs final eager M8,320,320,320,320,320,320,320,320
Attention Q/K normalization,7:k,Fix 1 compiled M8 vs Fix 1 eager M8,320,320,320,320,320,320,320,320
Attention Q/K normalization,7:k,Fix 1 compiled M8 vs Fix 1 compiled M1,320,320,320,320,320,320,320,320
Attention Q/K normalization,7:q,Final compiled M8 vs final eager M8,320,320,320,320,320,320,320,320
Attention Q/K normalization,7:q,Fix 1 compiled M8 vs Fix 1 eager M8,320,320,320,320,320,320,320,320
Attention Q/K normalization,7:q,Fix 1 compiled M8 vs Fix 1 compiled M1,320,320,320,320,320,320,320,320
"Attention Q/K normalization, RoPE and layout",11,Final compiled M8 vs final eager M8,320,320,320,320,320,320,320,320
"Attention Q/K normalization, RoPE and layout",11,Fix 1 compiled M8 vs Fix 1 eager M8,320,0,318,318,187,36,103,0
"Attention Q/K normalization, RoPE and layout",11,Fix 1 compiled M8 vs Fix 1 compiled M1,320,320,320,320,320,320,320,320
"Attention Q/K normalization, RoPE and layout",11,Old compiled M8 vs old compiled M1,320,320,320,320,320,320,320,320
"Attention Q/K normalization, RoPE and layout",15,Final compiled M8 vs final eager M8,320,320,320,320,320,320,320,320
"Attention Q/K normalization, RoPE and layout",15,Fix 1 compiled M8 vs Fix 1 eager M8,320,0,318,318,184,43,109,1
"Attention Q/K normalization, RoPE and layout",15,Fix 1 compiled M8 vs Fix 1 compiled M1,320,320,320,320,320,320,320,320
"Attention Q/K normalization, RoPE and layout",15,Old compiled M8 vs old compiled M1,320,320,320,320,320,320,320,320
"Attention Q/K normalization, RoPE and layout",19,Final compiled M8 vs final eager M8,320,320,320,320,320,320,320,320
"Attention Q/K normalization, RoPE and layout",19,Fix 1 compiled M8 vs Fix 1 eager M8,320,0,319,319,190,37,119,0
"Attention Q/K normalization, RoPE and layout",19,Fix 1 compiled M8 vs Fix 1 compiled M1,320,320,320,320,320,320,320,320
"Attention Q/K normalization, RoPE and layout",19,Old compiled M8 vs old compiled M1,320,320,320,320,320,320,320,320
"Attention Q/K normalization, RoPE and layout",23,Final compiled M8 vs final eager M8,320,320,320,320,320,320,320,320
"Attention Q/K normalization, RoPE and layout",23,Fix 1 compiled M8 vs Fix 1 eager M8,320,0,317,317,180,39,112,1
"Attention Q/K normalization, RoPE and layout",23,Fix 1 compiled M8 vs Fix 1 compiled M1,320,320,320,320,320,320,320,320
"Attention Q/K normalization, RoPE and layout",23,Old compiled M8 vs old compiled M1,320,320,320,320,320,320,320,320
"Attention Q/K normalization, RoPE and layout",27,Final compiled M8 vs final eager M8,320,320,320,320,320,320,320,320
"Attention Q/K normalization, RoPE and layout",27,Fix 1 compiled M8 vs Fix 1 eager M8,320,0,319,319,193,44,116,0
"Attention Q/K normalization, RoPE and layout",27,Fix 1 compiled M8 vs Fix 1 compiled M1,320,320,320,320,320,320,320,320
"Attention Q/K normalization, RoPE and layout",27,Old compiled M8 vs old compiled M1,320,320,320,320,320,320,320,320
"Attention Q/K normalization, RoPE and layout",3,Final compiled M8 vs final eager M8,320,320,320,320,320,320,320,320
"Attention Q/K normalization, RoPE and layout",3,Fix 1 compiled M8 vs Fix 1 eager M8,320,0,320,320,187,37,106,1
"Attention Q/K normalization, RoPE and layout",3,Fix 1 compiled M8 vs Fix 1 compiled M1,320,320,320,320,320,320,320,320
"Attention Q/K normalization, RoPE and layout",3,Old compiled M8 vs old compiled M1,320,320,320,320,320,320,320,320
"Attention Q/K normalization, RoPE and layout",31,Final compiled M8 vs final eager M8,320,320,320,320,320,320,320,320
"Attention Q/K normalization, RoPE and layout",31,Fix 1 compiled M8 vs Fix 1 eager M8,320,0,319,319,182,30,118,0
"Attention Q/K normalization, RoPE and layout",31,Fix 1 compiled M8 vs Fix 1 compiled M1,320,320,320,320,320,320,320,320
"Attention Q/K normalization, RoPE and layout",31,Old compiled M8 vs old compiled M1,320,320,320,320,320,320,320,320
"Attention Q/K normalization, RoPE and layout",35,Final compiled M8 vs final eager M8,320,320,320,320,320,320,320,320
"Attention Q/K normalization, RoPE and layout",35,Fix 1 compiled M8 vs Fix 1 eager M8,320,0,319,319,186,43,127,0
"Attention Q/K normalization, RoPE and layout",35,Fix 1 compiled M8 vs Fix 1 compiled M1,320,320,320,320,320,320,320,320
"Attention Q/K normalization, RoPE and layout",35,Old compiled M8 vs old compiled M1,320,320,320,320,320,320,320,320
"Attention Q/K normalization, RoPE and layout",39,Final compiled M8 vs final eager M8,320,320,320,320,320,320,320,320
"Attention Q/K normalization, RoPE and layout",39,Fix 1 compiled M8 vs Fix 1 eager M8,320,0,317,317,205,48,129,1
"Attention Q/K normalization, RoPE and layout",39,Fix 1 compiled M8 vs Fix 1 compiled M1,320,320,320,320,320,320,320,320
"Attention Q/K normalization, RoPE and layout",39,Old compiled M8 vs old compiled M1,320,320,320,320,320,320,320,320
"Attention Q/K normalization, RoPE and layout",43,Final compiled M8 vs final eager M8,320,320,320,320,320,320,320,320
"Attention Q/K normalization, RoPE and layout",43,Fix 1 compiled M8 vs Fix 1 eager M8,320,0,319,319,197,44,145,0
"Attention Q/K normalization, RoPE and layout",43,Fix 1 compiled M8 vs Fix 1 compiled M1,320,320,320,320,320,320,320,320
"Attention Q/K normalization, RoPE and layout",43,Old compiled M8 vs old compiled M1,320,320,320,320,320,320,320,320
"Attention Q/K normalization, RoPE and layout",47,Final compiled M8 vs final eager M8,320,320,320,320,320,320,320,320
"Attention Q/K normalization, RoPE and layout",47,Fix 1 compiled M8 vs Fix 1 eager M8,320,0,319,319,210,51,155,0
"Attention Q/K normalization, RoPE and layout",47,Fix 1 compiled M8 vs Fix 1 compiled M1,320,320,320,320,320,320,320,320
"Attention Q/K normalization, RoPE and layout",47,Old compiled M8 vs old compiled M1,320,320,320,320,320,320,320,320
"Attention Q/K normalization, RoPE and layout",51,Final compiled M8 vs final eager M8,320,320,320,320,320,320,320,320
"Attention Q/K normalization, RoPE and layout",51,Fix 1 compiled M8 vs Fix 1 eager M8,320,0,320,320,220,63,152,1
"Attention Q/K normalization, RoPE and layout",51,Fix 1 compiled M8 vs Fix 1 compiled M1,320,320,320,320,320,320,320,320
"Attention Q/K normalization, RoPE and layout",51,Old compiled M8 vs old compiled M1,320,320,320,320,320,320,320,320
"Attention Q/K normalization, RoPE and layout",55,Final compiled M8 vs final eager M8,320,320,320,320,320,320,320,320
"Attention Q/K normalization, RoPE and layout",55,Fix 1 compiled M8 vs Fix 1 eager M8,320,0,320,320,233,78,179,1
"Attention Q/K normalization, RoPE and layout",55,Fix 1 compiled M8 vs Fix 1 compiled M1,320,320,320,320,320,320,320,320
"Attention Q/K normalization, RoPE and layout",55,Old compiled M8 vs old compiled M1,320,320,320,320,320,320,320,320
"Attention Q/K normalization, RoPE and layout",59,Final compiled M8 vs final eager M8,320,320,320,320,320,320,320,320
"Attention Q/K normalization, RoPE and layout",59,Fix 1 compiled M8 vs Fix 1 eager M8,320,0,320,320,246,87,195,7
"Attention Q/K normalization, RoPE and layout",59,Fix 1 compiled M8 vs Fix 1 compiled M1,320,320,320,320,320,320,320,320
"Attention Q/K normalization, RoPE and layout",59,Old compiled M8 vs old compiled M1,320,320,320,320,320,320,320,320
"Attention Q/K normalization, RoPE and layout",63,Final compiled M8 vs final eager M8,320,320,320,320,320,320,320,320
"Attention Q/K normalization, RoPE and layout",63,Fix 1 compiled M8 vs Fix 1 eager M8,320,0,320,320,296,219,266,72
"Attention Q/K normalization, RoPE and layout",63,Fix 1 compiled M8 vs Fix 1 compiled M1,320,320,320,320,320,320,320,320
"Attention Q/K normalization, RoPE and layout",63,Old compiled M8 vs old compiled M1,320,320,320,320,320,320,320,320
"Attention Q/K normalization, RoPE and layout",7,Final compiled M8 vs final eager M8,320,320,320,320,320,320,320,320
"Attention Q/K normalization, RoPE and layout",7,Fix 1 compiled M8 vs Fix 1 eager M8,320,0,319,319,179,33,107,0
"Attention Q/K normalization, RoPE and layout",7,Fix 1 compiled M8 vs Fix 1 compiled M1,320,320,320,320,320,320,320,320
"Attention Q/K normalization, RoPE and layout",7,Old compiled M8 vs old compiled M1,320,320,320,320,320,320,320,320
Attention decode and split-KV merge,11,Final compiled M8 vs final eager M8,320,320,320,320,320,320,320,320
Attention decode and split-KV merge,11,Fix 1 compiled M8 vs Fix 1 eager M8,320,320,320,320,320,320,320,320
Attention decode and split-KV merge,11,Fix 1 compiled M8 vs Fix 1 compiled M1,320,320,320,320,320,320,320,320
Attention decode and split-KV merge,11,Old compiled M8 vs old compiled M1,320,3,318,318,197,42,118,3
Attention decode and split-KV merge,15,Final compiled M8 vs final eager M8,320,320,320,320,320,320,320,320
Attention decode and split-KV merge,15,Fix 1 compiled M8 vs Fix 1 eager M8,320,320,320,320,320,320,320,320
Attention decode and split-KV merge,15,Fix 1 compiled M8 vs Fix 1 compiled M1,320,320,320,320,320,320,320,320
Attention decode and split-KV merge,15,Old compiled M8 vs old compiled M1,320,6,318,318,193,44,112,7
Attention decode and split-KV merge,19,Final compiled M8 vs final eager M8,320,320,320,320,320,320,320,320
Attention decode and split-KV merge,19,Fix 1 compiled M8 vs Fix 1 eager M8,320,320,320,320,320,320,320,320
Attention decode and split-KV merge,19,Fix 1 compiled M8 vs Fix 1 compiled M1,320,320,320,320,320,320,320,320
Attention decode and split-KV merge,19,Old compiled M8 vs old compiled M1,320,1,320,320,193,37,119,1
Attention decode and split-KV merge,23,Final compiled M8 vs final eager M8,320,320,320,320,320,320,320,320
Attention decode and split-KV merge,23,Fix 1 compiled M8 vs Fix 1 eager M8,320,320,320,320,320,320,320,320
Attention decode and split-KV merge,23,Fix 1 compiled M8 vs Fix 1 compiled M1,320,320,320,320,320,320,320,320
Attention decode and split-KV merge,23,Old compiled M8 vs old compiled M1,320,1,319,319,181,32,110,1
Attention decode and split-KV merge,27,Final compiled M8 vs final eager M8,320,320,320,320,320,320,320,320
Attention decode and split-KV merge,27,Fix 1 compiled M8 vs Fix 1 eager M8,320,320,320,320,320,320,320,320
Attention decode and split-KV merge,27,Fix 1 compiled M8 vs Fix 1 compiled M1,320,320,320,320,320,320,320,320
Attention decode and split-KV merge,27,Old compiled M8 vs old compiled M1,320,0,318,318,199,35,124,0
Attention decode and split-KV merge,3,Final compiled M8 vs final eager M8,320,320,320,320,320,320,320,320
Attention decode and split-KV merge,3,Fix 1 compiled M8 vs Fix 1 eager M8,320,320,320,320,320,320,320,320
Attention decode and split-KV merge,3,Fix 1 compiled M8 vs Fix 1 compiled M1,320,320,320,320,320,320,320,320
Attention decode and split-KV merge,3,Old compiled M8 vs old compiled M1,320,11,318,318,199,58,124,11
Attention decode and split-KV merge,31,Final compiled M8 vs final eager M8,320,320,320,320,320,320,320,320
Attention decode and split-KV merge,31,Fix 1 compiled M8 vs Fix 1 eager M8,320,320,320,320,320,320,320,320
Attention decode and split-KV merge,31,Fix 1 compiled M8 vs Fix 1 compiled M1,320,320,320,320,320,320,320,320
Attention decode and split-KV merge,31,Old compiled M8 vs old compiled M1,320,0,319,319,198,40,123,0
Attention decode and split-KV merge,35,Final compiled M8 vs final eager M8,320,320,320,320,320,320,320,320
Attention decode and split-KV merge,35,Fix 1 compiled M8 vs Fix 1 eager M8,320,320,320,320,320,320,320,320
Attention decode and split-KV merge,35,Fix 1 compiled M8 vs Fix 1 compiled M1,320,320,320,320,320,320,320,320
Attention decode and split-KV merge,35,Old compiled M8 vs old compiled M1,320,0,319,319,207,44,119,2
Attention decode and split-KV merge,39,Final compiled M8 vs final eager M8,320,320,320,320,320,320,320,320
Attention decode and split-KV merge,39,Fix 1 compiled M8 vs Fix 1 eager M8,320,320,320,320,320,320,320,320
Attention decode and split-KV merge,39,Fix 1 compiled M8 vs Fix 1 compiled M1,320,320,320,320,320,320,320,320
Attention decode and split-KV merge,39,Old compiled M8 vs old compiled M1,320,1,319,319,203,46,128,1
Attention decode and split-KV merge,43,Final compiled M8 vs final eager M8,320,320,320,320,320,320,320,320
Attention decode and split-KV merge,43,Fix 1 compiled M8 vs Fix 1 eager M8,320,320,320,320,320,320,320,320
Attention decode and split-KV merge,43,Fix 1 compiled M8 vs Fix 1 compiled M1,320,320,320,320,320,320,320,320
Attention decode and split-KV merge,43,Old compiled M8 vs old compiled M1,320,2,319,319,218,44,141,2
Attention decode and split-KV merge,47,Final compiled M8 vs final eager M8,320,320,320,320,320,320,320,320
Attention decode and split-KV merge,47,Fix 1 compiled M8 vs Fix 1 eager M8,320,320,320,320,320,320,320,320
Attention decode and split-KV merge,47,Fix 1 compiled M8 vs Fix 1 compiled M1,320,320,320,320,320,320,320,320
Attention decode and split-KV merge,47,Old compiled M8 vs old compiled M1,320,2,318,318,228,54,145,2
Attention decode and split-KV merge,51,Final compiled M8 vs final eager M8,320,320,320,320,320,320,320,320
Attention decode and split-KV merge,51,Fix 1 compiled M8 vs Fix 1 eager M8,320,320,320,320,320,320,320,320
Attention decode and split-KV merge,51,Fix 1 compiled M8 vs Fix 1 compiled M1,320,320,320,320,320,320,320,320
Attention decode and split-KV merge,51,Old compiled M8 vs old compiled M1,320,1,318,318,225,59,159,3
Attention decode and split-KV merge,55,Final compiled M8 vs final eager M8,320,320,320,320,320,320,320,320
Attention decode and split-KV merge,55,Fix 1 compiled M8 vs Fix 1 eager M8,320,320,320,320,320,320,320,320
Attention decode and split-KV merge,55,Fix 1 compiled M8 vs Fix 1 compiled M1,320,320,320,320,320,320,320,320
Attention decode and split-KV merge,55,Old compiled M8 vs old compiled M1,320,1,319,319,233,77,179,2
Attention decode and split-KV merge,59,Final compiled M8 vs final eager M8,320,320,320,320,320,320,320,320
Attention decode and split-KV merge,59,Fix 1 compiled M8 vs Fix 1 eager M8,320,320,320,320,320,320,320,320
Attention decode and split-KV merge,59,Fix 1 compiled M8 vs Fix 1 compiled M1,320,320,320,320,320,320,320,320
Attention decode and split-KV merge,59,Old compiled M8 vs old compiled M1,320,1,319,319,247,105,191,7
Attention decode and split-KV merge,63,Final compiled M8 vs final eager M8,320,320,320,320,320,320,320,320
Attention decode and split-KV merge,63,Fix 1 compiled M8 vs Fix 1 eager M8,320,320,320,320,320,320,320,320
Attention decode and split-KV merge,63,Fix 1 compiled M8 vs Fix 1 compiled M1,320,320,320,320,320,320,320,320
Attention decode and split-KV merge,63,Old compiled M8 vs old compiled M1,320,31,320,320,305,262,304,175
Attention decode and split-KV merge,7,Final compiled M8 vs final eager M8,320,320,320,320,320,320,320,320
Attention decode and split-KV merge,7,Fix 1 compiled M8 vs Fix 1 eager M8,320,320,320,320,320,320,320,320
Attention decode and split-KV merge,7,Fix 1 compiled M8 vs Fix 1 compiled M1,320,320,320,320,320,320,320,320
Attention decode and split-KV merge,7,Old compiled M8 vs old compiled M1,320,1,318,318,181,31,121,1
Attention input activation FP8 quantization,11,Final compiled M8 vs final eager M8,320,320,320,320,320,320,320,320
Attention input activation FP8 quantization,11,Fix 1 compiled M8 vs Fix 1 eager M8,320,320,320,320,320,320,320,320
Attention input activation FP8 quantization,11,Fix 1 compiled M8 vs Fix 1 compiled M1,320,320,320,320,320,320,320,320
Attention input activation FP8 quantization,11,Old compiled M8 vs old compiled M1,320,320,320,320,320,320,320,320
Attention input activation FP8 quantization,15,Final compiled M8 vs final eager M8,320,320,320,320,320,320,320,320
Attention input activation FP8 quantization,15,Fix 1 compiled M8 vs Fix 1 eager M8,320,320,320,320,320,320,320,320
Attention input activation FP8 quantization,15,Fix 1 compiled M8 vs Fix 1 compiled M1,320,320,320,320,320,320,320,320
Attention input activation FP8 quantization,15,Old compiled M8 vs old compiled M1,320,320,320,320,320,320,320,320
Attention input activation FP8 quantization,19,Final compiled M8 vs final eager M8,320,320,320,320,320,320,320,320
Attention input activation FP8 quantization,19,Fix 1 compiled M8 vs Fix 1 eager M8,320,320,320,320,320,320,320,320
Attention input activation FP8 quantization,19,Fix 1 compiled M8 vs Fix 1 compiled M1,320,320,320,320,320,320,320,320
Attention input activation FP8 quantization,19,Old compiled M8 vs old compiled M1,320,320,320,320,320,320,320,320
Attention input activation FP8 quantization,23,Final compiled M8 vs final eager M8,320,320,320,320,320,320,320,320
Attention input activation FP8 quantization,23,Fix 1 compiled M8 vs Fix 1 eager M8,320,320,320,320,320,320,320,320
Attention input activation FP8 quantization,23,Fix 1 compiled M8 vs Fix 1 compiled M1,320,320,320,320,320,320,320,320
Attention input activation FP8 quantization,23,Old compiled M8 vs old compiled M1,320,320,320,320,320,320,320,320
Attention input activation FP8 quantization,27,Final compiled M8 vs final eager M8,320,320,320,320,320,320,320,320
Attention input activation FP8 quantization,27,Fix 1 compiled M8 vs Fix 1 eager M8,320,320,320,320,320,320,320,320
Attention input activation FP8 quantization,27,Fix 1 compiled M8 vs Fix 1 compiled M1,320,320,320,320,320,320,320,320
Attention input activation FP8 quantization,27,Old compiled M8 vs old compiled M1,320,320,320,320,320,320,320,320
Attention input activation FP8 quantization,3,Final compiled M8 vs final eager M8,320,320,320,320,320,320,320,320
Attention input activation FP8 quantization,3,Fix 1 compiled M8 vs Fix 1 eager M8,320,320,320,320,320,320,320,320
Attention input activation FP8 quantization,3,Fix 1 compiled M8 vs Fix 1 compiled M1,320,320,320,320,320,320,320,320
Attention input activation FP8 quantization,3,Old compiled M8 vs old compiled M1,320,320,320,320,320,320,320,320
Attention input activation FP8 quantization,31,Final compiled M8 vs final eager M8,320,320,320,320,320,320,320,320
Attention input activation FP8 quantization,31,Fix 1 compiled M8 vs Fix 1 eager M8,320,320,320,320,320,320,320,320
Attention input activation FP8 quantization,31,Fix 1 compiled M8 vs Fix 1 compiled M1,320,320,320,320,320,320,320,320
Attention input activation FP8 quantization,31,Old compiled M8 vs old compiled M1,320,320,320,320,320,320,320,320
Attention input activation FP8 quantization,35,Final compiled M8 vs final eager M8,320,320,320,320,320,320,320,320
Attention input activation FP8 quantization,35,Fix 1 compiled M8 vs Fix 1 eager M8,320,320,320,320,320,320,320,320
Attention input activation FP8 quantization,35,Fix 1 compiled M8 vs Fix 1 compiled M1,320,320,320,320,320,320,320,320
Attention input activation FP8 quantization,35,Old compiled M8 vs old compiled M1,320,320,320,320,320,320,320,320
Attention input activation FP8 quantization,39,Final compiled M8 vs final eager M8,320,320,320,320,320,320,320,320
Attention input activation FP8 quantization,39,Fix 1 compiled M8 vs Fix 1 eager M8,320,320,320,320,320,320,320,320
Attention input activation FP8 quantization,39,Fix 1 compiled M8 vs Fix 1 compiled M1,320,320,320,320,320,320,320,320
Attention input activation FP8 quantization,39,Old compiled M8 vs old compiled M1,320,320,320,320,320,320,320,320
Attention input activation FP8 quantization,43,Final compiled M8 vs final eager M8,320,320,320,320,320,320,320,320
Attention input activation FP8 quantization,43,Fix 1 compiled M8 vs Fix 1 eager M8,320,320,320,320,320,320,320,320
Attention input activation FP8 quantization,43,Fix 1 compiled M8 vs Fix 1 compiled M1,320,320,320,320,320,320,320,320
Attention input activation FP8 quantization,43,Old compiled M8 vs old compiled M1,320,320,320,320,320,320,320,320
Attention input activation FP8 quantization,47,Final compiled M8 vs final eager M8,320,320,320,320,320,320,320,320
Attention input activation FP8 quantization,47,Fix 1 compiled M8 vs Fix 1 eager M8,320,320,320,320,320,320,320,320
Attention input activation FP8 quantization,47,Fix 1 compiled M8 vs Fix 1 compiled M1,320,320,320,320,320,320,320,320
Attention input activation FP8 quantization,47,Old compiled M8 vs old compiled M1,320,320,320,320,320,320,320,320
Attention input activation FP8 quantization,51,Final compiled M8 vs final eager M8,320,320,320,320,320,320,320,320
Attention input activation FP8 quantization,51,Fix 1 compiled M8 vs Fix 1 eager M8,320,320,320,320,320,320,320,320
Attention input activation FP8 quantization,51,Fix 1 compiled M8 vs Fix 1 compiled M1,320,320,320,320,320,320,320,320
Attention input activation FP8 quantization,51,Old compiled M8 vs old compiled M1,320,320,320,320,320,320,320,320
Attention input activation FP8 quantization,55,Final compiled M8 vs final eager M8,320,320,320,320,320,320,320,320
Attention input activation FP8 quantization,55,Fix 1 compiled M8 vs Fix 1 eager M8,320,320,320,320,320,320,320,320
Attention input activation FP8 quantization,55,Fix 1 compiled M8 vs Fix 1 compiled M1,320,320,320,320,320,320,320,320
Attention input activation FP8 quantization,55,Old compiled M8 vs old compiled M1,320,320,320,320,320,320,320,320
Attention input activation FP8 quantization,59,Final compiled M8 vs final eager M8,320,320,320,320,320,320,320,320
Attention input activation FP8 quantization,59,Fix 1 compiled M8 vs Fix 1 eager M8,320,320,320,320,320,320,320,320
Attention input activation FP8 quantization,59,Fix 1 compiled M8 vs Fix 1 compiled M1,320,320,320,320,320,320,320,320
Attention input activation FP8 quantization,59,Old compiled M8 vs old compiled M1,320,320,320,320,320,320,320,320
Attention input activation FP8 quantization,63,Final compiled M8 vs final eager M8,320,320,320,320,320,320,320,320
Attention input activation FP8 quantization,63,Fix 1 compiled M8 vs Fix 1 eager M8,320,320,320,320,320,320,320,320
Attention input activation FP8 quantization,63,Fix 1 compiled M8 vs Fix 1 compiled M1,320,320,320,320,320,320,320,320
Attention input activation FP8 quantization,63,Old compiled M8 vs old compiled M1,320,320,320,320,320,320,320,320
Attention input activation FP8 quantization,7,Final compiled M8 vs final eager M8,320,320,320,320,320,320,320,320
Attention input activation FP8 quantization,7,Fix 1 compiled M8 vs Fix 1 eager M8,320,320,320,320,320,320,320,320
Attention input activation FP8 quantization,7,Fix 1 compiled M8 vs Fix 1 compiled M1,320,320,320,320,320,320,320,320
Attention input activation FP8 quantization,7,Old compiled M8 vs old compiled M1,320,320,320,320,320,320,320,320
Attention input projection,11,Final compiled M8 vs final eager M8,320,320,320,320,320,320,320,320
Attention input projection,11,Fix 1 compiled M8 vs Fix 1 eager M8,320,320,320,320,320,320,320,320
Attention input projection,11,Fix 1 compiled M8 vs Fix 1 compiled M1,320,320,320,320,320,320,320,320
Attention input projection,11,Old compiled M8 vs old compiled M1,320,320,320,320,320,320,320,320
Attention input projection,15,Final compiled M8 vs final eager M8,320,320,320,320,320,320,320,320
Attention input projection,15,Fix 1 compiled M8 vs Fix 1 eager M8,320,320,320,320,320,320,320,320
Attention input projection,15,Fix 1 compiled M8 vs Fix 1 compiled M1,320,320,320,320,320,320,320,320
Attention input projection,15,Old compiled M8 vs old compiled M1,320,320,320,320,320,320,320,320
Attention input projection,19,Final compiled M8 vs final eager M8,320,320,320,320,320,320,320,320
Attention input projection,19,Fix 1 compiled M8 vs Fix 1 eager M8,320,320,320,320,320,320,320,320
Attention input projection,19,Fix 1 compiled M8 vs Fix 1 compiled M1,320,320,320,320,320,320,320,320
Attention input projection,19,Old compiled M8 vs old compiled M1,320,320,320,320,320,320,320,320
Attention input projection,23,Final compiled M8 vs final eager M8,320,320,320,320,320,320,320,320
Attention input projection,23,Fix 1 compiled M8 vs Fix 1 eager M8,320,320,320,320,320,320,320,320
Attention input projection,23,Fix 1 compiled M8 vs Fix 1 compiled M1,320,320,320,320,320,320,320,320
Attention input projection,23,Old compiled M8 vs old compiled M1,320,320,320,320,320,320,320,320
Attention input projection,27,Final compiled M8 vs final eager M8,320,320,320,320,320,320,320,320
Attention input projection,27,Fix 1 compiled M8 vs Fix 1 eager M8,320,320,320,320,320,320,320,320
Attention input projection,27,Fix 1 compiled M8 vs Fix 1 compiled M1,320,320,320,320,320,320,320,320
Attention input projection,27,Old compiled M8 vs old compiled M1,320,320,320,320,320,320,320,320
Attention input projection,3,Final compiled M8 vs final eager M8,320,320,320,320,320,320,320,320
Attention input projection,3,Fix 1 compiled M8 vs Fix 1 eager M8,320,320,320,320,320,320,320,320
Attention input projection,3,Fix 1 compiled M8 vs Fix 1 compiled M1,320,320,320,320,320,320,320,320
Attention input projection,3,Old compiled M8 vs old compiled M1,320,320,320,320,320,320,320,320
Attention input projection,31,Final compiled M8 vs final eager M8,320,320,320,320,320,320,320,320
Attention input projection,31,Fix 1 compiled M8 vs Fix 1 eager M8,320,320,320,320,320,320,320,320
Attention input projection,31,Fix 1 compiled M8 vs Fix 1 compiled M1,320,320,320,320,320,320,320,320
Attention input projection,31,Old compiled M8 vs old compiled M1,320,320,320,320,320,320,320,320
Attention input projection,35,Final compiled M8 vs final eager M8,320,320,320,320,320,320,320,320
Attention input projection,35,Fix 1 compiled M8 vs Fix 1 eager M8,320,320,320,320,320,320,320,320
Attention input projection,35,Fix 1 compiled M8 vs Fix 1 compiled M1,320,320,320,320,320,320,320,320
Attention input projection,35,Old compiled M8 vs old compiled M1,320,320,320,320,320,320,320,320
Attention input projection,39,Final compiled M8 vs final eager M8,320,320,320,320,320,320,320,320
Attention input projection,39,Fix 1 compiled M8 vs Fix 1 eager M8,320,320,320,320,320,320,320,320
Attention input projection,39,Fix 1 compiled M8 vs Fix 1 compiled M1,320,320,320,320,320,320,320,320
Attention input projection,39,Old compiled M8 vs old compiled M1,320,320,320,320,320,320,320,320
Attention input projection,43,Final compiled M8 vs final eager M8,320,320,320,320,320,320,320,320
Attention input projection,43,Fix 1 compiled M8 vs Fix 1 eager M8,320,320,320,320,320,320,320,320
Attention input projection,43,Fix 1 compiled M8 vs Fix 1 compiled M1,320,320,320,320,320,320,320,320
Attention input projection,43,Old compiled M8 vs old compiled M1,320,320,320,320,320,320,320,320
Attention input projection,47,Final compiled M8 vs final eager M8,320,320,320,320,320,320,320,320
Attention input projection,47,Fix 1 compiled M8 vs Fix 1 eager M8,320,320,320,320,320,320,320,320
Attention input projection,47,Fix 1 compiled M8 vs Fix 1 compiled M1,320,320,320,320,320,320,320,320
Attention input projection,47,Old compiled M8 vs old compiled M1,320,320,320,320,320,320,320,320
Attention input projection,51,Final compiled M8 vs final eager M8,320,320,320,320,320,320,320,320
Attention input projection,51,Fix 1 compiled M8 vs Fix 1 eager M8,320,320,320,320,320,320,320,320
Attention input projection,51,Fix 1 compiled M8 vs Fix 1 compiled M1,320,320,320,320,320,320,320,320
Attention input projection,51,Old compiled M8 vs old compiled M1,320,320,320,320,320,320,320,320
Attention input projection,55,Final compiled M8 vs final eager M8,320,320,320,320,320,320,320,320
Attention input projection,55,Fix 1 compiled M8 vs Fix 1 eager M8,320,320,320,320,320,320,320,320
Attention input projection,55,Fix 1 compiled M8 vs Fix 1 compiled M1,320,320,320,320,320,320,320,320
Attention input projection,55,Old compiled M8 vs old compiled M1,320,320,320,320,320,320,320,320
Attention input projection,59,Final compiled M8 vs final eager M8,320,320,320,320,320,320,320,320
Attention input projection,59,Fix 1 compiled M8 vs Fix 1 eager M8,320,320,320,320,320,320,320,320
Attention input projection,59,Fix 1 compiled M8 vs Fix 1 compiled M1,320,320,320,320,320,320,320,320
Attention input projection,59,Old compiled M8 vs old compiled M1,320,320,320,320,320,320,320,320
Attention input projection,63,Final compiled M8 vs final eager M8,320,320,320,320,320,320,320,320
Attention input projection,63,Fix 1 compiled M8 vs Fix 1 eager M8,320,320,320,320,320,320,320,320
Attention input projection,63,Fix 1 compiled M8 vs Fix 1 compiled M1,320,320,320,320,320,320,320,320
Attention input projection,63,Old compiled M8 vs old compiled M1,320,320,320,320,320,320,320,320
Attention input projection,7,Final compiled M8 vs final eager M8,320,320,320,320,320,320,320,320
Attention input projection,7,Fix 1 compiled M8 vs Fix 1 eager M8,320,320,320,320,320,320,320,320
Attention input projection,7,Fix 1 compiled M8 vs Fix 1 compiled M1,320,320,320,320,320,320,320,320
Attention input projection,7,Old compiled M8 vs old compiled M1,320,320,320,320,320,320,320,320
Attention output activation FP8 quantization,11,Final compiled M8 vs final eager M8,320,320,320,320,320,320,320,320
Attention output activation FP8 quantization,11,Fix 1 compiled M8 vs Fix 1 eager M8,320,320,320,320,320,320,320,320
Attention output activation FP8 quantization,11,Fix 1 compiled M8 vs Fix 1 compiled M1,320,320,320,320,320,320,320,320
Attention output activation FP8 quantization,11,Old compiled M8 vs old compiled M1,320,320,320,320,320,320,320,320
Attention output activation FP8 quantization,15,Final compiled M8 vs final eager M8,320,320,320,320,320,320,320,320
Attention output activation FP8 quantization,15,Fix 1 compiled M8 vs Fix 1 eager M8,320,320,320,320,320,320,320,320
Attention output activation FP8 quantization,15,Fix 1 compiled M8 vs Fix 1 compiled M1,320,320,320,320,320,320,320,320
Attention output activation FP8 quantization,15,Old compiled M8 vs old compiled M1,320,320,320,320,320,320,320,320
Attention output activation FP8 quantization,19,Final compiled M8 vs final eager M8,320,320,320,320,320,320,320,320
Attention output activation FP8 quantization,19,Fix 1 compiled M8 vs Fix 1 eager M8,320,320,320,320,320,320,320,320
Attention output activation FP8 quantization,19,Fix 1 compiled M8 vs Fix 1 compiled M1,320,320,320,320,320,320,320,320
Attention output activation FP8 quantization,19,Old compiled M8 vs old compiled M1,320,320,320,320,320,320,320,320
Attention output activation FP8 quantization,23,Final compiled M8 vs final eager M8,320,320,320,320,320,320,320,320
Attention output activation FP8 quantization,23,Fix 1 compiled M8 vs Fix 1 eager M8,320,320,320,320,320,320,320,320
Attention output activation FP8 quantization,23,Fix 1 compiled M8 vs Fix 1 compiled M1,320,320,320,320,320,320,320,320
Attention output activation FP8 quantization,23,Old compiled M8 vs old compiled M1,320,320,320,320,320,320,320,320
Attention output activation FP8 quantization,27,Final compiled M8 vs final eager M8,320,320,320,320,320,320,320,320
Attention output activation FP8 quantization,27,Fix 1 compiled M8 vs Fix 1 eager M8,320,320,320,320,320,320,320,320
Attention output activation FP8 quantization,27,Fix 1 compiled M8 vs Fix 1 compiled M1,320,320,320,320,320,320,320,320
Attention output activation FP8 quantization,27,Old compiled M8 vs old compiled M1,320,320,320,320,320,320,320,320
Attention output activation FP8 quantization,3,Final compiled M8 vs final eager M8,320,320,320,320,320,320,320,320
Attention output activation FP8 quantization,3,Fix 1 compiled M8 vs Fix 1 eager M8,320,320,320,320,320,320,320,320
Attention output activation FP8 quantization,3,Fix 1 compiled M8 vs Fix 1 compiled M1,320,320,320,320,320,320,320,320
Attention output activation FP8 quantization,3,Old compiled M8 vs old compiled M1,320,320,320,320,320,320,320,320
Attention output activation FP8 quantization,31,Final compiled M8 vs final eager M8,320,320,320,320,320,320,320,320
Attention output activation FP8 quantization,31,Fix 1 compiled M8 vs Fix 1 eager M8,320,320,320,320,320,320,320,320
Attention output activation FP8 quantization,31,Fix 1 compiled M8 vs Fix 1 compiled M1,320,320,320,320,320,320,320,320
Attention output activation FP8 quantization,31,Old compiled M8 vs old compiled M1,320,320,320,320,320,320,320,320
Attention output activation FP8 quantization,35,Final compiled M8 vs final eager M8,320,320,320,320,320,320,320,320
Attention output activation FP8 quantization,35,Fix 1 compiled M8 vs Fix 1 eager M8,320,320,320,320,320,320,320,320
Attention output activation FP8 quantization,35,Fix 1 compiled M8 vs Fix 1 compiled M1,320,320,320,320,320,320,320,320
Attention output activation FP8 quantization,35,Old compiled M8 vs old compiled M1,320,320,320,320,320,320,320,320
Attention output activation FP8 quantization,39,Final compiled M8 vs final eager M8,320,320,320,320,320,320,320,320
Attention output activation FP8 quantization,39,Fix 1 compiled M8 vs Fix 1 eager M8,320,320,320,320,320,320,320,320
Attention output activation FP8 quantization,39,Fix 1 compiled M8 vs Fix 1 compiled M1,320,320,320,320,320,320,320,320
Attention output activation FP8 quantization,39,Old compiled M8 vs old compiled M1,320,320,320,320,320,320,320,320
Attention output activation FP8 quantization,43,Final compiled M8 vs final eager M8,320,320,320,320,320,320,320,320
Attention output activation FP8 quantization,43,Fix 1 compiled M8 vs Fix 1 eager M8,320,320,320,320,320,320,320,320
Attention output activation FP8 quantization,43,Fix 1 compiled M8 vs Fix 1 compiled M1,320,320,320,320,320,320,320,320
Attention output activation FP8 quantization,43,Old compiled M8 vs old compiled M1,320,320,320,320,320,320,320,320
Attention output activation FP8 quantization,47,Final compiled M8 vs final eager M8,320,320,320,320,320,320,320,320
Attention output activation FP8 quantization,47,Fix 1 compiled M8 vs Fix 1 eager M8,320,320,320,320,320,320,320,320
Attention output activation FP8 quantization,47,Fix 1 compiled M8 vs Fix 1 compiled M1,320,320,320,320,320,320,320,320
Attention output activation FP8 quantization,47,Old compiled M8 vs old compiled M1,320,320,320,320,320,320,320,320
Attention output activation FP8 quantization,51,Final compiled M8 vs final eager M8,320,320,320,320,320,320,320,320
Attention output activation FP8 quantization,51,Fix 1 compiled M8 vs Fix 1 eager M8,320,320,320,320,320,320,320,320
Attention output activation FP8 quantization,51,Fix 1 compiled M8 vs Fix 1 compiled M1,320,320,320,320,320,320,320,320
Attention output activation FP8 quantization,51,Old compiled M8 vs old compiled M1,320,320,320,320,320,320,320,320
Attention output activation FP8 quantization,55,Final compiled M8 vs final eager M8,320,320,320,320,320,320,320,320
Attention output activation FP8 quantization,55,Fix 1 compiled M8 vs Fix 1 eager M8,320,320,320,320,320,320,320,320
Attention output activation FP8 quantization,55,Fix 1 compiled M8 vs Fix 1 compiled M1,320,320,320,320,320,320,320,320
Attention output activation FP8 quantization,55,Old compiled M8 vs old compiled M1,320,320,320,320,320,320,320,320
Attention output activation FP8 quantization,59,Final compiled M8 vs final eager M8,320,320,320,320,320,320,320,320
Attention output activation FP8 quantization,59,Fix 1 compiled M8 vs Fix 1 eager M8,320,320,320,320,320,320,320,320
Attention output activation FP8 quantization,59,Fix 1 compiled M8 vs Fix 1 compiled M1,320,320,320,320,320,320,320,320
Attention output activation FP8 quantization,59,Old compiled M8 vs old compiled M1,320,320,320,320,320,320,320,320
Attention output activation FP8 quantization,63,Final compiled M8 vs final eager M8,320,320,320,320,320,320,320,320
Attention output activation FP8 quantization,63,Fix 1 compiled M8 vs Fix 1 eager M8,320,320,320,320,320,320,320,320
Attention output activation FP8 quantization,63,Fix 1 compiled M8 vs Fix 1 compiled M1,320,320,320,320,320,320,320,320
Attention output activation FP8 quantization,63,Old compiled M8 vs old compiled M1,320,320,320,320,320,320,320,320
Attention output activation FP8 quantization,7,Final compiled M8 vs final eager M8,320,320,320,320,320,320,320,320
Attention output activation FP8 quantization,7,Fix 1 compiled M8 vs Fix 1 eager M8,320,320,320,320,320,320,320,320
Attention output activation FP8 quantization,7,Fix 1 compiled M8 vs Fix 1 compiled M1,320,320,320,320,320,320,320,320
Attention output activation FP8 quantization,7,Old compiled M8 vs old compiled M1,320,320,320,320,320,320,320,320
Attention output gating,11,Final compiled M8 vs final eager M8,320,320,320,320,320,320,320,320
Attention output gating,11,Fix 1 compiled M8 vs Fix 1 eager M8,320,0,318,318,188,36,117,1
Attention output gating,11,Fix 1 compiled M8 vs Fix 1 compiled M1,320,320,320,320,320,320,320,320
Attention output gating,11,Old compiled M8 vs old compiled M1,320,320,320,320,320,320,320,320
Attention output gating,15,Final compiled M8 vs final eager M8,320,320,320,320,320,320,320,320
Attention output gating,15,Fix 1 compiled M8 vs Fix 1 eager M8,320,0,319,319,192,40,129,1
Attention output gating,15,Fix 1 compiled M8 vs Fix 1 compiled M1,320,320,320,320,320,320,320,320
Attention output gating,15,Old compiled M8 vs old compiled M1,320,320,320,320,320,320,320,320
Attention output gating,19,Final compiled M8 vs final eager M8,320,320,320,320,320,320,320,320
Attention output gating,19,Fix 1 compiled M8 vs Fix 1 eager M8,320,0,319,319,179,31,119,2
Attention output gating,19,Fix 1 compiled M8 vs Fix 1 compiled M1,320,320,320,320,320,320,320,320
Attention output gating,19,Old compiled M8 vs old compiled M1,320,320,320,320,320,320,320,320
Attention output gating,23,Final compiled M8 vs final eager M8,320,320,320,320,320,320,320,320
Attention output gating,23,Fix 1 compiled M8 vs Fix 1 eager M8,320,0,318,318,199,42,107,0
Attention output gating,23,Fix 1 compiled M8 vs Fix 1 compiled M1,320,320,320,320,320,320,320,320
Attention output gating,23,Old compiled M8 vs old compiled M1,320,320,320,320,320,320,320,320
Attention output gating,27,Final compiled M8 vs final eager M8,320,320,320,320,320,320,320,320
Attention output gating,27,Fix 1 compiled M8 vs Fix 1 eager M8,320,0,319,319,188,41,129,1
Attention output gating,27,Fix 1 compiled M8 vs Fix 1 compiled M1,320,320,320,320,320,320,320,320
Attention output gating,27,Old compiled M8 vs old compiled M1,320,320,320,320,320,320,320,320
Attention output gating,3,Final compiled M8 vs final eager M8,320,320,320,320,320,320,320,320
Attention output gating,3,Fix 1 compiled M8 vs Fix 1 eager M8,320,0,318,318,182,35,121,2
Attention output gating,3,Fix 1 compiled M8 vs Fix 1 compiled M1,320,320,320,320,320,320,320,320
Attention output gating,3,Old compiled M8 vs old compiled M1,320,320,320,320,320,320,320,320
Attention output gating,31,Final compiled M8 vs final eager M8,320,320,320,320,320,320,320,320
Attention output gating,31,Fix 1 compiled M8 vs Fix 1 eager M8,320,0,319,319,186,45,112,0
Attention output gating,31,Fix 1 compiled M8 vs Fix 1 compiled M1,320,320,320,320,320,320,320,320
Attention output gating,31,Old compiled M8 vs old compiled M1,320,320,320,320,320,320,320,320
Attention output gating,35,Final compiled M8 vs final eager M8,320,320,320,320,320,320,320,320
Attention output gating,35,Fix 1 compiled M8 vs Fix 1 eager M8,320,0,317,317,196,35,121,0
Attention output gating,35,Fix 1 compiled M8 vs Fix 1 compiled M1,320,320,320,320,320,320,320,320
Attention output gating,35,Old compiled M8 vs old compiled M1,320,320,320,320,320,320,320,320
Attention output gating,39,Final compiled M8 vs final eager M8,320,320,320,320,320,320,320,320
Attention output gating,39,Fix 1 compiled M8 vs Fix 1 eager M8,320,0,318,318,200,39,123,0
Attention output gating,39,Fix 1 compiled M8 vs Fix 1 compiled M1,320,320,320,320,320,320,320,320
Attention output gating,39,Old compiled M8 vs old compiled M1,320,320,320,320,320,320,320,320
Attention output gating,43,Final compiled M8 vs final eager M8,320,320,320,320,320,320,320,320
Attention output gating,43,Fix 1 compiled M8 vs Fix 1 eager M8,320,0,318,318,202,39,133,1
Attention output gating,43,Fix 1 compiled M8 vs Fix 1 compiled M1,320,320,320,320,320,320,320,320
Attention output gating,43,Old compiled M8 vs old compiled M1,320,320,320,320,320,320,320,320
Attention output gating,47,Final compiled M8 vs final eager M8,320,320,320,320,320,320,320,320
Attention output gating,47,Fix 1 compiled M8 vs Fix 1 eager M8,320,0,319,319,220,44,129,0
Attention output gating,47,Fix 1 compiled M8 vs Fix 1 compiled M1,320,320,320,320,320,320,320,320
Attention output gating,47,Old compiled M8 vs old compiled M1,320,320,320,320,320,320,320,320
Attention output gating,51,Final compiled M8 vs final eager M8,320,320,320,320,320,320,320,320
Attention output gating,51,Fix 1 compiled M8 vs Fix 1 eager M8,320,0,319,319,233,68,150,3
Attention output gating,51,Fix 1 compiled M8 vs Fix 1 compiled M1,320,320,320,320,320,320,320,320
Attention output gating,51,Old compiled M8 vs old compiled M1,320,320,320,320,320,320,320,320
Attention output gating,55,Final compiled M8 vs final eager M8,320,320,320,320,320,320,320,320
Attention output gating,55,Fix 1 compiled M8 vs Fix 1 eager M8,320,0,318,318,246,81,175,3
Attention output gating,55,Fix 1 compiled M8 vs Fix 1 compiled M1,320,320,320,320,320,320,320,320
Attention output gating,55,Old compiled M8 vs old compiled M1,320,320,320,320,320,320,320,320
Attention output gating,59,Final compiled M8 vs final eager M8,320,320,320,320,320,320,320,320
Attention output gating,59,Fix 1 compiled M8 vs Fix 1 eager M8,320,0,319,319,243,89,191,10
Attention output gating,59,Fix 1 compiled M8 vs Fix 1 compiled M1,320,320,320,320,320,320,320,320
Attention output gating,59,Old compiled M8 vs old compiled M1,320,320,320,320,320,320,320,320
Attention output gating,63,Final compiled M8 vs final eager M8,320,320,320,320,320,320,320,320
Attention output gating,63,Fix 1 compiled M8 vs Fix 1 eager M8,320,0,319,319,294,201,252,52
Attention output gating,63,Fix 1 compiled M8 vs Fix 1 compiled M1,320,320,320,320,320,320,320,320
Attention output gating,63,Old compiled M8 vs old compiled M1,320,320,320,320,320,320,320,320
Attention output gating,7,Final compiled M8 vs final eager M8,320,320,320,320,320,320,320,320
Attention output gating,7,Fix 1 compiled M8 vs Fix 1 eager M8,320,0,319,319,193,37,126,1
Attention output gating,7,Fix 1 compiled M8 vs Fix 1 compiled M1,320,320,320,320,320,320,320,320
Attention output gating,7,Old compiled M8 vs old compiled M1,320,320,320,320,320,320,320,320
Attention output projection,11,Final compiled M8 vs final eager M8,320,320,320,320,320,320,320,320
Attention output projection,11,Fix 1 compiled M8 vs Fix 1 eager M8,320,320,320,320,320,320,320,320
Attention output projection,11,Fix 1 compiled M8 vs Fix 1 compiled M1,320,320,320,320,320,320,320,320
Attention output projection,11,Old compiled M8 vs old compiled M1,320,320,320,320,320,320,320,320
Attention output projection,15,Final compiled M8 vs final eager M8,320,320,320,320,320,320,320,320
Attention output projection,15,Fix 1 compiled M8 vs Fix 1 eager M8,320,320,320,320,320,320,320,320
Attention output projection,15,Fix 1 compiled M8 vs Fix 1 compiled M1,320,320,320,320,320,320,320,320
Attention output projection,15,Old compiled M8 vs old compiled M1,320,320,320,320,320,320,320,320
Attention output projection,19,Final compiled M8 vs final eager M8,320,320,320,320,320,320,320,320
Attention output projection,19,Fix 1 compiled M8 vs Fix 1 eager M8,320,320,320,320,320,320,320,320
Attention output projection,19,Fix 1 compiled M8 vs Fix 1 compiled M1,320,320,320,320,320,320,320,320
Attention output projection,19,Old compiled M8 vs old compiled M1,320,320,320,320,320,320,320,320
Attention output projection,23,Final compiled M8 vs final eager M8,320,320,320,320,320,320,320,320
Attention output projection,23,Fix 1 compiled M8 vs Fix 1 eager M8,320,320,320,320,320,320,320,320
Attention output projection,23,Fix 1 compiled M8 vs Fix 1 compiled M1,320,320,320,320,320,320,320,320
Attention output projection,23,Old compiled M8 vs old compiled M1,320,320,320,320,320,320,320,320
Attention output projection,27,Final compiled M8 vs final eager M8,320,320,320,320,320,320,320,320
Attention output projection,27,Fix 1 compiled M8 vs Fix 1 eager M8,320,320,320,320,320,320,320,320
Attention output projection,27,Fix 1 compiled M8 vs Fix 1 compiled M1,320,320,320,320,320,320,320,320
Attention output projection,27,Old compiled M8 vs old compiled M1,320,320,320,320,320,320,320,320
Attention output projection,3,Final compiled M8 vs final eager M8,320,320,320,320,320,320,320,320
Attention output projection,3,Fix 1 compiled M8 vs Fix 1 eager M8,320,320,320,320,320,320,320,320
Attention output projection,3,Fix 1 compiled M8 vs Fix 1 compiled M1,320,320,320,320,320,320,320,320
Attention output projection,3,Old compiled M8 vs old compiled M1,320,320,320,320,320,320,320,320
Attention output projection,31,Final compiled M8 vs final eager M8,320,320,320,320,320,320,320,320
Attention output projection,31,Fix 1 compiled M8 vs Fix 1 eager M8,320,320,320,320,320,320,320,320
Attention output projection,31,Fix 1 compiled M8 vs Fix 1 compiled M1,320,320,320,320,320,320,320,320
Attention output projection,31,Old compiled M8 vs old compiled M1,320,320,320,320,320,320,320,320
Attention output projection,35,Final compiled M8 vs final eager M8,320,320,320,320,320,320,320,320
Attention output projection,35,Fix 1 compiled M8 vs Fix 1 eager M8,320,320,320,320,320,320,320,320
Attention output projection,35,Fix 1 compiled M8 vs Fix 1 compiled M1,320,320,320,320,320,320,320,320
Attention output projection,35,Old compiled M8 vs old compiled M1,320,320,320,320,320,320,320,320
Attention output projection,39,Final compiled M8 vs final eager M8,320,320,320,320,320,320,320,320
Attention output projection,39,Fix 1 compiled M8 vs Fix 1 eager M8,320,320,320,320,320,320,320,320
Attention output projection,39,Fix 1 compiled M8 vs Fix 1 compiled M1,320,320,320,320,320,320,320,320
Attention output projection,39,Old compiled M8 vs old compiled M1,320,320,320,320,320,320,320,320
Attention output projection,43,Final compiled M8 vs final eager M8,320,320,320,320,320,320,320,320
Attention output projection,43,Fix 1 compiled M8 vs Fix 1 eager M8,320,320,320,320,320,320,320,320
Attention output projection,43,Fix 1 compiled M8 vs Fix 1 compiled M1,320,320,320,320,320,320,320,320
Attention output projection,43,Old compiled M8 vs old compiled M1,320,320,320,320,320,320,320,320
Attention output projection,47,Final compiled M8 vs final eager M8,320,320,320,320,320,320,320,320
Attention output projection,47,Fix 1 compiled M8 vs Fix 1 eager M8,320,320,320,320,320,320,320,320
Attention output projection,47,Fix 1 compiled M8 vs Fix 1 compiled M1,320,320,320,320,320,320,320,320
Attention output projection,47,Old compiled M8 vs old compiled M1,320,320,320,320,320,320,320,320
Attention output projection,51,Final compiled M8 vs final eager M8,320,320,320,320,320,320,320,320
Attention output projection,51,Fix 1 compiled M8 vs Fix 1 eager M8,320,320,320,320,320,320,320,320
Attention output projection,51,Fix 1 compiled M8 vs Fix 1 compiled M1,320,320,320,320,320,320,320,320
Attention output projection,51,Old compiled M8 vs old compiled M1,320,320,320,320,320,320,320,320
Attention output projection,55,Final compiled M8 vs final eager M8,320,320,320,320,320,320,320,320
Attention output projection,55,Fix 1 compiled M8 vs Fix 1 eager M8,320,320,320,320,320,320,320,320
Attention output projection,55,Fix 1 compiled M8 vs Fix 1 compiled M1,320,320,320,320,320,320,320,320
Attention output projection,55,Old compiled M8 vs old compiled M1,320,320,320,320,320,320,320,320
Attention output projection,59,Final compiled M8 vs final eager M8,320,320,320,320,320,320,320,320
Attention output projection,59,Fix 1 compiled M8 vs Fix 1 eager M8,320,320,320,320,320,320,320,320
Attention output projection,59,Fix 1 compiled M8 vs Fix 1 compiled M1,320,320,320,320,320,320,320,320
Attention output projection,59,Old compiled M8 vs old compiled M1,320,320,320,320,320,320,320,320
Attention output projection,63,Final compiled M8 vs final eager M8,320,320,320,320,320,320,320,320
Attention output projection,63,Fix 1 compiled M8 vs Fix 1 eager M8,320,320,320,320,320,320,320,320
Attention output projection,63,Fix 1 compiled M8 vs Fix 1 compiled M1,320,320,320,320,320,320,320,320
Attention output projection,63,Old compiled M8 vs old compiled M1,320,320,320,320,320,320,320,320
Attention output projection,7,Final compiled M8 vs final eager M8,320,320,320,320,320,320,320,320
Attention output projection,7,Fix 1 compiled M8 vs Fix 1 eager M8,320,320,320,320,320,320,320,320
Attention output projection,7,Fix 1 compiled M8 vs Fix 1 compiled M1,320,320,320,320,320,320,320,320
Attention output projection,7,Old compiled M8 vs old compiled M1,320,320,320,320,320,320,320,320
Embedding + first input normalization,0,Final compiled M8 vs final eager M8,320,320,320,320,320,320,320,320
Embedding + first input normalization,0,Fix 1 compiled M8 vs Fix 1 eager M8,320,320,320,320,320,320,320,320
Embedding + first input normalization,0,Fix 1 compiled M8 vs Fix 1 compiled M1,320,320,320,320,320,320,320,320
Embedding + first input normalization,0,Old compiled M8 vs old compiled M1,320,320,320,320,320,320,320,320
Final normalization/layout,final,Final compiled M8 vs final eager M8,320,320,320,320,320,320,320,320
Final normalization/layout,final,Fix 1 compiled M8 vs Fix 1 eager M8,320,320,320,320,320,320,320,320
Final normalization/layout,final,Fix 1 compiled M8 vs Fix 1 compiled M1,320,320,320,320,320,320,320,320
Final normalization/layout,final,Old compiled M8 vs old compiled M1,320,320,320,320,320,320,320,320
Full BF16 target head,head,Final compiled M8 vs final eager M8,320,320,320,320,320,320,320,320
Full BF16 target head,head,Fix 1 compiled M8 vs Fix 1 eager M8,320,320,320,320,320,320,320,320
Full BF16 target head,head,Fix 1 compiled M8 vs Fix 1 compiled M1,320,320,320,320,320,320,320,320
Full BF16 target head,head,Old compiled M8 vs old compiled M1,320,0,320,320,320,319,320,319
GDN convolution,0,Final compiled M8 vs final eager M8,320,320,320,320,320,320,320,320
GDN convolution,0,Fix 1 compiled M8 vs Fix 1 eager M8,320,320,320,320,320,320,320,320
GDN convolution,0,Fix 1 compiled M8 vs Fix 1 compiled M1,320,320,320,320,320,320,320,320
GDN convolution,0,Old compiled M8 vs old compiled M1,320,0,317,317,187,32,120,0
GDN convolution,1,Final compiled M8 vs final eager M8,320,320,320,320,320,320,320,320
GDN convolution,1,Fix 1 compiled M8 vs Fix 1 eager M8,320,320,320,320,320,320,320,320
GDN convolution,1,Fix 1 compiled M8 vs Fix 1 compiled M1,320,320,320,320,320,320,320,320
GDN convolution,1,Old compiled M8 vs old compiled M1,320,0,320,320,191,38,120,1
GDN convolution,10,Final compiled M8 vs final eager M8,320,320,320,320,320,320,320,320
GDN convolution,10,Fix 1 compiled M8 vs Fix 1 eager M8,320,320,320,320,320,320,320,320
GDN convolution,10,Fix 1 compiled M8 vs Fix 1 compiled M1,320,320,320,320,320,320,320,320
GDN convolution,10,Old compiled M8 vs old compiled M1,320,0,318,318,173,36,118,2
GDN convolution,12,Final compiled M8 vs final eager M8,320,320,320,320,320,320,320,320
GDN convolution,12,Fix 1 compiled M8 vs Fix 1 eager M8,320,320,320,320,320,320,320,320
GDN convolution,12,Fix 1 compiled M8 vs Fix 1 compiled M1,320,320,320,320,320,320,320,320
GDN convolution,12,Old compiled M8 vs old compiled M1,320,0,318,318,176,34,108,0
GDN convolution,13,Final compiled M8 vs final eager M8,320,320,320,320,320,320,320,320
GDN convolution,13,Fix 1 compiled M8 vs Fix 1 eager M8,320,320,320,320,320,320,320,320
GDN convolution,13,Fix 1 compiled M8 vs Fix 1 compiled M1,320,320,320,320,320,320,320,320
GDN convolution,13,Old compiled M8 vs old compiled M1,320,0,319,319,181,38,104,0
GDN convolution,14,Final compiled M8 vs final eager M8,320,320,320,320,320,320,320,320
GDN convolution,14,Fix 1 compiled M8 vs Fix 1 eager M8,320,320,320,320,320,320,320,320
GDN convolution,14,Fix 1 compiled M8 vs Fix 1 compiled M1,320,320,320,320,320,320,320,320
GDN convolution,14,Old compiled M8 vs old compiled M1,320,0,319,319,181,38,121,0
GDN convolution,16,Final compiled M8 vs final eager M8,320,320,320,320,320,320,320,320
GDN convolution,16,Fix 1 compiled M8 vs Fix 1 eager M8,320,320,320,320,320,320,320,320
GDN convolution,16,Fix 1 compiled M8 vs Fix 1 compiled M1,320,320,320,320,320,320,320,320
GDN convolution,16,Old compiled M8 vs old compiled M1,320,0,317,317,206,38,104,0
GDN convolution,17,Final compiled M8 vs final eager M8,320,320,320,320,320,320,320,320
GDN convolution,17,Fix 1 compiled M8 vs Fix 1 eager M8,320,320,320,320,320,320,320,320
GDN convolution,17,Fix 1 compiled M8 vs Fix 1 compiled M1,320,320,320,320,320,320,320,320
GDN convolution,17,Old compiled M8 vs old compiled M1,320,0,320,320,187,30,128,0
GDN convolution,18,Final compiled M8 vs final eager M8,320,320,320,320,320,320,320,320
GDN convolution,18,Fix 1 compiled M8 vs Fix 1 eager M8,320,320,320,320,320,320,320,320
GDN convolution,18,Fix 1 compiled M8 vs Fix 1 compiled M1,320,320,320,320,320,320,320,320
GDN convolution,18,Old compiled M8 vs old compiled M1,320,0,318,318,200,39,125,1
GDN convolution,2,Final compiled M8 vs final eager M8,320,320,320,320,320,320,320,320
GDN convolution,2,Fix 1 compiled M8 vs Fix 1 eager M8,320,320,320,320,320,320,320,320
GDN convolution,2,Fix 1 compiled M8 vs Fix 1 compiled M1,320,320,320,320,320,320,320,320
GDN convolution,2,Old compiled M8 vs old compiled M1,320,0,318,318,193,38,117,1
GDN convolution,20,Final compiled M8 vs final eager M8,320,320,320,320,320,320,320,320
GDN convolution,20,Fix 1 compiled M8 vs Fix 1 eager M8,320,320,320,320,320,320,320,320
GDN convolution,20,Fix 1 compiled M8 vs Fix 1 compiled M1,320,320,320,320,320,320,320,320
GDN convolution,20,Old compiled M8 vs old compiled M1,320,0,317,317,193,45,119,1
GDN convolution,21,Final compiled M8 vs final eager M8,320,320,320,320,320,320,320,320
GDN convolution,21,Fix 1 compiled M8 vs Fix 1 eager M8,320,320,320,320,320,320,320,320
GDN convolution,21,Fix 1 compiled M8 vs Fix 1 compiled M1,320,320,320,320,320,320,320,320
GDN convolution,21,Old compiled M8 vs old compiled M1,320,0,318,318,195,44,120,1
GDN convolution,22,Final compiled M8 vs final eager M8,320,320,320,320,320,320,320,320
GDN convolution,22,Fix 1 compiled M8 vs Fix 1 eager M8,320,320,320,320,320,320,320,320
GDN convolution,22,Fix 1 compiled M8 vs Fix 1 compiled M1,320,320,320,320,320,320,320,320
GDN convolution,22,Old compiled M8 vs old compiled M1,320,0,317,317,188,37,113,1
GDN convolution,24,Final compiled M8 vs final eager M8,320,320,320,320,320,320,320,320
GDN convolution,24,Fix 1 compiled M8 vs Fix 1 eager M8,320,320,320,320,320,320,320,320
GDN convolution,24,Fix 1 compiled M8 vs Fix 1 compiled M1,320,320,320,320,320,320,320,320
GDN convolution,24,Old compiled M8 vs old compiled M1,320,0,320,320,186,37,116,2
GDN convolution,25,Final compiled M8 vs final eager M8,320,320,320,320,320,320,320,320
GDN convolution,25,Fix 1 compiled M8 vs Fix 1 eager M8,320,320,320,320,320,320,320,320
GDN convolution,25,Fix 1 compiled M8 vs Fix 1 compiled M1,320,320,320,320,320,320,320,320
GDN convolution,25,Old compiled M8 vs old compiled M1,320,0,319,319,192,43,118,1
GDN convolution,26,Final compiled M8 vs final eager M8,320,320,320,320,320,320,320,320
GDN convolution,26,Fix 1 compiled M8 vs Fix 1 eager M8,320,320,320,320,320,320,320,320
GDN convolution,26,Fix 1 compiled M8 vs Fix 1 compiled M1,320,320,320,320,320,320,320,320
GDN convolution,26,Old compiled M8 vs old compiled M1,320,0,319,319,193,42,105,0
GDN convolution,28,Final compiled M8 vs final eager M8,320,320,320,320,320,320,320,320
GDN convolution,28,Fix 1 compiled M8 vs Fix 1 eager M8,320,320,320,320,320,320,320,320
GDN convolution,28,Fix 1 compiled M8 vs Fix 1 compiled M1,320,320,320,320,320,320,320,320
GDN convolution,28,Old compiled M8 vs old compiled M1,320,0,318,318,186,40,123,1
GDN convolution,29,Final compiled M8 vs final eager M8,320,320,320,320,320,320,320,320
GDN convolution,29,Fix 1 compiled M8 vs Fix 1 eager M8,320,320,320,320,320,320,320,320
GDN convolution,29,Fix 1 compiled M8 vs Fix 1 compiled M1,320,320,320,320,320,320,320,320
GDN convolution,29,Old compiled M8 vs old compiled M1,320,0,319,319,188,46,126,0
GDN convolution,30,Final compiled M8 vs final eager M8,320,320,320,320,320,320,320,320
GDN convolution,30,Fix 1 compiled M8 vs Fix 1 eager M8,320,320,320,320,320,320,320,320
GDN convolution,30,Fix 1 compiled M8 vs Fix 1 compiled M1,320,320,320,320,320,320,320,320
GDN convolution,30,Old compiled M8 vs old compiled M1,320,0,319,319,189,40,118,0
GDN convolution,32,Final compiled M8 vs final eager M8,320,320,320,320,320,320,320,320
GDN convolution,32,Fix 1 compiled M8 vs Fix 1 eager M8,320,320,320,320,320,320,320,320
GDN convolution,32,Fix 1 compiled M8 vs Fix 1 compiled M1,320,320,320,320,320,320,320,320
GDN convolution,32,Old compiled M8 vs old compiled M1,320,0,319,319,190,37,118,0
GDN convolution,33,Final compiled M8 vs final eager M8,320,320,320,320,320,320,320,320
GDN convolution,33,Fix 1 compiled M8 vs Fix 1 eager M8,320,320,320,320,320,320,320,320
GDN convolution,33,Fix 1 compiled M8 vs Fix 1 compiled M1,320,320,320,320,320,320,320,320
GDN convolution,33,Old compiled M8 vs old compiled M1,320,0,318,318,198,41,122,2
GDN convolution,34,Final compiled M8 vs final eager M8,320,320,320,320,320,320,320,320
GDN convolution,34,Fix 1 compiled M8 vs Fix 1 eager M8,320,320,320,320,320,320,320,320
GDN convolution,34,Fix 1 compiled M8 vs Fix 1 compiled M1,320,320,320,320,320,320,320,320
GDN convolution,34,Old compiled M8 vs old compiled M1,320,0,318,318,201,37,121,0
GDN convolution,36,Final compiled M8 vs final eager M8,320,320,320,320,320,320,320,320
GDN convolution,36,Fix 1 compiled M8 vs Fix 1 eager M8,320,320,320,320,320,320,320,320
GDN convolution,36,Fix 1 compiled M8 vs Fix 1 compiled M1,320,320,320,320,320,320,320,320
GDN convolution,36,Old compiled M8 vs old compiled M1,320,0,319,319,199,41,121,0
GDN convolution,37,Final compiled M8 vs final eager M8,320,320,320,320,320,320,320,320
GDN convolution,37,Fix 1 compiled M8 vs Fix 1 eager M8,320,320,320,320,320,320,320,320
GDN convolution,37,Fix 1 compiled M8 vs Fix 1 compiled M1,320,320,320,320,320,320,320,320
GDN convolution,37,Old compiled M8 vs old compiled M1,320,0,317,317,200,49,124,1
GDN convolution,38,Final compiled M8 vs final eager M8,320,320,320,320,320,320,320,320
GDN convolution,38,Fix 1 compiled M8 vs Fix 1 eager M8,320,320,320,320,320,320,320,320
GDN convolution,38,Fix 1 compiled M8 vs Fix 1 compiled M1,320,320,320,320,320,320,320,320
GDN convolution,38,Old compiled M8 vs old compiled M1,320,0,320,320,206,44,133,0
GDN convolution,4,Final compiled M8 vs final eager M8,320,320,320,320,320,320,320,320
GDN convolution,4,Fix 1 compiled M8 vs Fix 1 eager M8,320,320,320,320,320,320,320,320
GDN convolution,4,Fix 1 compiled M8 vs Fix 1 compiled M1,320,320,320,320,320,320,320,320
GDN convolution,4,Old compiled M8 vs old compiled M1,320,0,319,319,192,45,111,1
GDN convolution,40,Final compiled M8 vs final eager M8,320,320,320,320,320,320,320,320
GDN convolution,40,Fix 1 compiled M8 vs Fix 1 eager M8,320,320,320,320,320,320,320,320
GDN convolution,40,Fix 1 compiled M8 vs Fix 1 compiled M1,320,320,320,320,320,320,320,320
GDN convolution,40,Old compiled M8 vs old compiled M1,320,0,319,319,199,40,133,2
GDN convolution,41,Final compiled M8 vs final eager M8,320,320,320,320,320,320,320,320
GDN convolution,41,Fix 1 compiled M8 vs Fix 1 eager M8,320,320,320,320,320,320,320,320
GDN convolution,41,Fix 1 compiled M8 vs Fix 1 compiled M1,320,320,320,320,320,320,320,320
GDN convolution,41,Old compiled M8 vs old compiled M1,320,0,318,318,201,34,128,0
GDN convolution,42,Final compiled M8 vs final eager M8,320,320,320,320,320,320,320,320
GDN convolution,42,Fix 1 compiled M8 vs Fix 1 eager M8,320,320,320,320,320,320,320,320
GDN convolution,42,Fix 1 compiled M8 vs Fix 1 compiled M1,320,320,320,320,320,320,320,320
GDN convolution,42,Old compiled M8 vs old compiled M1,320,0,319,319,202,46,132,0
GDN convolution,44,Final compiled M8 vs final eager M8,320,320,320,320,320,320,320,320
GDN convolution,44,Fix 1 compiled M8 vs Fix 1 eager M8,320,320,320,320,320,320,320,320
GDN convolution,44,Fix 1 compiled M8 vs Fix 1 compiled M1,320,320,320,320,320,320,320,320
GDN convolution,44,Old compiled M8 vs old compiled M1,320,0,320,320,199,40,124,0
GDN convolution,45,Final compiled M8 vs final eager M8,320,320,320,320,320,320,320,320
GDN convolution,45,Fix 1 compiled M8 vs Fix 1 eager M8,320,320,320,320,320,320,320,320
GDN convolution,45,Fix 1 compiled M8 vs Fix 1 compiled M1,320,320,320,320,320,320,320,320
GDN convolution,45,Old compiled M8 vs old compiled M1,320,0,318,318,215,49,135,0
GDN convolution,46,Final compiled M8 vs final eager M8,320,320,320,320,320,320,320,320
GDN convolution,46,Fix 1 compiled M8 vs Fix 1 eager M8,320,320,320,320,320,320,320,320
GDN convolution,46,Fix 1 compiled M8 vs Fix 1 compiled M1,320,320,320,320,320,320,320,320
GDN convolution,46,Old compiled M8 vs old compiled M1,320,0,320,320,202,50,139,0
GDN convolution,48,Final compiled M8 vs final eager M8,320,320,320,320,320,320,320,320
GDN convolution,48,Fix 1 compiled M8 vs Fix 1 eager M8,320,320,320,320,320,320,320,320
GDN convolution,48,Fix 1 compiled M8 vs Fix 1 compiled M1,320,320,320,320,320,320,320,320
GDN convolution,48,Old compiled M8 vs old compiled M1,320,0,319,319,227,57,139,1
GDN convolution,49,Final compiled M8 vs final eager M8,320,320,320,320,320,320,320,320
GDN convolution,49,Fix 1 compiled M8 vs Fix 1 eager M8,320,320,320,320,320,320,320,320
GDN convolution,49,Fix 1 compiled M8 vs Fix 1 compiled M1,320,320,320,320,320,320,320,320
GDN convolution,49,Old compiled M8 vs old compiled M1,320,0,318,318,222,57,142,3
GDN convolution,5,Final compiled M8 vs final eager M8,320,320,320,320,320,320,320,320
GDN convolution,5,Fix 1 compiled M8 vs Fix 1 eager M8,320,320,320,320,320,320,320,320
GDN convolution,5,Fix 1 compiled M8 vs Fix 1 compiled M1,320,320,320,320,320,320,320,320
GDN convolution,5,Old compiled M8 vs old compiled M1,320,0,319,319,180,36,109,0
GDN convolution,50,Final compiled M8 vs final eager M8,320,320,320,320,320,320,320,320
GDN convolution,50,Fix 1 compiled M8 vs Fix 1 eager M8,320,320,320,320,320,320,320,320
GDN convolution,50,Fix 1 compiled M8 vs Fix 1 compiled M1,320,320,320,320,320,320,320,320
GDN convolution,50,Old compiled M8 vs old compiled M1,320,0,319,319,224,62,140,1
GDN convolution,52,Final compiled M8 vs final eager M8,320,320,320,320,320,320,320,320
GDN convolution,52,Fix 1 compiled M8 vs Fix 1 eager M8,320,320,320,320,320,320,320,320
GDN convolution,52,Fix 1 compiled M8 vs Fix 1 compiled M1,320,320,320,320,320,320,320,320
GDN convolution,52,Old compiled M8 vs old compiled M1,320,0,319,319,226,70,162,2
GDN convolution,53,Final compiled M8 vs final eager M8,320,320,320,320,320,320,320,320
GDN convolution,53,Fix 1 compiled M8 vs Fix 1 eager M8,320,320,320,320,320,320,320,320
GDN convolution,53,Fix 1 compiled M8 vs Fix 1 compiled M1,320,320,320,320,320,320,320,320
GDN convolution,53,Old compiled M8 vs old compiled M1,320,0,319,319,233,69,169,2
GDN convolution,54,Final compiled M8 vs final eager M8,320,320,320,320,320,320,320,320
GDN convolution,54,Fix 1 compiled M8 vs Fix 1 eager M8,320,320,320,320,320,320,320,320
GDN convolution,54,Fix 1 compiled M8 vs Fix 1 compiled M1,320,320,320,320,320,320,320,320
GDN convolution,54,Old compiled M8 vs old compiled M1,320,0,318,318,240,69,163,4
GDN convolution,56,Final compiled M8 vs final eager M8,320,320,320,320,320,320,320,320
GDN convolution,56,Fix 1 compiled M8 vs Fix 1 eager M8,320,320,320,320,320,320,320,320
GDN convolution,56,Fix 1 compiled M8 vs Fix 1 compiled M1,320,320,320,320,320,320,320,320
GDN convolution,56,Old compiled M8 vs old compiled M1,320,0,319,319,239,76,165,1
GDN convolution,57,Final compiled M8 vs final eager M8,320,320,320,320,320,320,320,320
GDN convolution,57,Fix 1 compiled M8 vs Fix 1 eager M8,320,320,320,320,320,320,320,320
GDN convolution,57,Fix 1 compiled M8 vs Fix 1 compiled M1,320,320,320,320,320,320,320,320
GDN convolution,57,Old compiled M8 vs old compiled M1,320,0,319,319,249,85,185,7
GDN convolution,58,Final compiled M8 vs final eager M8,320,320,320,320,320,320,320,320
GDN convolution,58,Fix 1 compiled M8 vs Fix 1 eager M8,320,320,320,320,320,320,320,320
GDN convolution,58,Fix 1 compiled M8 vs Fix 1 compiled M1,320,320,320,320,320,320,320,320
GDN convolution,58,Old compiled M8 vs old compiled M1,320,0,318,318,241,81,182,2
GDN convolution,6,Final compiled M8 vs final eager M8,320,320,320,320,320,320,320,320
GDN convolution,6,Fix 1 compiled M8 vs Fix 1 eager M8,320,320,320,320,320,320,320,320
GDN convolution,6,Fix 1 compiled M8 vs Fix 1 compiled M1,320,320,320,320,320,320,320,320
GDN convolution,6,Old compiled M8 vs old compiled M1,320,0,318,318,190,35,121,1
GDN convolution,60,Final compiled M8 vs final eager M8,320,320,320,320,320,320,320,320
GDN convolution,60,Fix 1 compiled M8 vs Fix 1 eager M8,320,320,320,320,320,320,320,320
GDN convolution,60,Fix 1 compiled M8 vs Fix 1 compiled M1,320,320,320,320,320,320,320,320
GDN convolution,60,Old compiled M8 vs old compiled M1,320,0,320,320,245,97,188,8
GDN convolution,61,Final compiled M8 vs final eager M8,320,320,320,320,320,320,320,320
GDN convolution,61,Fix 1 compiled M8 vs Fix 1 eager M8,320,320,320,320,320,320,320,320
GDN convolution,61,Fix 1 compiled M8 vs Fix 1 compiled M1,320,320,320,320,320,320,320,320
GDN convolution,61,Old compiled M8 vs old compiled M1,320,0,319,319,258,111,209,14
GDN convolution,62,Final compiled M8 vs final eager M8,320,320,320,320,320,320,320,320
GDN convolution,62,Fix 1 compiled M8 vs Fix 1 eager M8,320,320,320,320,320,320,320,320
GDN convolution,62,Fix 1 compiled M8 vs Fix 1 compiled M1,320,320,320,320,320,320,320,320
GDN convolution,62,Old compiled M8 vs old compiled M1,320,0,319,319,264,133,212,15
GDN convolution,8,Final compiled M8 vs final eager M8,320,320,320,320,320,320,320,320
GDN convolution,8,Fix 1 compiled M8 vs Fix 1 eager M8,320,320,320,320,320,320,320,320
GDN convolution,8,Fix 1 compiled M8 vs Fix 1 compiled M1,320,320,320,320,320,320,320,320
GDN convolution,8,Old compiled M8 vs old compiled M1,320,0,319,319,190,31,110,0
GDN convolution,9,Final compiled M8 vs final eager M8,320,320,320,320,320,320,320,320
GDN convolution,9,Fix 1 compiled M8 vs Fix 1 eager M8,320,320,320,320,320,320,320,320
GDN convolution,9,Fix 1 compiled M8 vs Fix 1 compiled M1,320,320,320,320,320,320,320,320
GDN convolution,9,Old compiled M8 vs old compiled M1,320,0,319,319,203,46,113,1
GDN input activation FP8 quantization,0,Final compiled M8 vs final eager M8,320,320,320,320,320,320,320,320
GDN input activation FP8 quantization,0,Fix 1 compiled M8 vs Fix 1 eager M8,320,320,320,320,320,320,320,320
GDN input activation FP8 quantization,0,Fix 1 compiled M8 vs Fix 1 compiled M1,320,320,320,320,320,320,320,320
GDN input activation FP8 quantization,0,Old compiled M8 vs old compiled M1,320,320,320,320,320,320,320,320
GDN input activation FP8 quantization,1,Final compiled M8 vs final eager M8,320,320,320,320,320,320,320,320
GDN input activation FP8 quantization,1,Fix 1 compiled M8 vs Fix 1 eager M8,320,320,320,320,320,320,320,320
GDN input activation FP8 quantization,1,Fix 1 compiled M8 vs Fix 1 compiled M1,320,320,320,320,320,320,320,320
GDN input activation FP8 quantization,1,Old compiled M8 vs old compiled M1,320,320,320,320,320,320,320,320
GDN input activation FP8 quantization,10,Final compiled M8 vs final eager M8,320,320,320,320,320,320,320,320
GDN input activation FP8 quantization,10,Fix 1 compiled M8 vs Fix 1 eager M8,320,320,320,320,320,320,320,320
GDN input activation FP8 quantization,10,Fix 1 compiled M8 vs Fix 1 compiled M1,320,320,320,320,320,320,320,320
GDN input activation FP8 quantization,10,Old compiled M8 vs old compiled M1,320,320,320,320,320,320,320,320
GDN input activation FP8 quantization,12,Final compiled M8 vs final eager M8,320,320,320,320,320,320,320,320
GDN input activation FP8 quantization,12,Fix 1 compiled M8 vs Fix 1 eager M8,320,320,320,320,320,320,320,320
GDN input activation FP8 quantization,12,Fix 1 compiled M8 vs Fix 1 compiled M1,320,320,320,320,320,320,320,320
GDN input activation FP8 quantization,12,Old compiled M8 vs old compiled M1,320,320,320,320,320,320,320,320
GDN input activation FP8 quantization,13,Final compiled M8 vs final eager M8,320,320,320,320,320,320,320,320
GDN input activation FP8 quantization,13,Fix 1 compiled M8 vs Fix 1 eager M8,320,320,320,320,320,320,320,320
GDN input activation FP8 quantization,13,Fix 1 compiled M8 vs Fix 1 compiled M1,320,320,320,320,320,320,320,320
GDN input activation FP8 quantization,13,Old compiled M8 vs old compiled M1,320,320,320,320,320,320,320,320
GDN input activation FP8 quantization,14,Final compiled M8 vs final eager M8,320,320,320,320,320,320,320,320
GDN input activation FP8 quantization,14,Fix 1 compiled M8 vs Fix 1 eager M8,320,320,320,320,320,320,320,320
GDN input activation FP8 quantization,14,Fix 1 compiled M8 vs Fix 1 compiled M1,320,320,320,320,320,320,320,320
GDN input activation FP8 quantization,14,Old compiled M8 vs old compiled M1,320,320,320,320,320,320,320,320
GDN input activation FP8 quantization,16,Final compiled M8 vs final eager M8,320,320,320,320,320,320,320,320
GDN input activation FP8 quantization,16,Fix 1 compiled M8 vs Fix 1 eager M8,320,320,320,320,320,320,320,320
GDN input activation FP8 quantization,16,Fix 1 compiled M8 vs Fix 1 compiled M1,320,320,320,320,320,320,320,320
GDN input activation FP8 quantization,16,Old compiled M8 vs old compiled M1,320,320,320,320,320,320,320,320
GDN input activation FP8 quantization,17,Final compiled M8 vs final eager M8,320,320,320,320,320,320,320,320
GDN input activation FP8 quantization,17,Fix 1 compiled M8 vs Fix 1 eager M8,320,320,320,320,320,320,320,320
GDN input activation FP8 quantization,17,Fix 1 compiled M8 vs Fix 1 compiled M1,320,320,320,320,320,320,320,320
GDN input activation FP8 quantization,17,Old compiled M8 vs old compiled M1,320,320,320,320,320,320,320,320
GDN input activation FP8 quantization,18,Final compiled M8 vs final eager M8,320,320,320,320,320,320,320,320
GDN input activation FP8 quantization,18,Fix 1 compiled M8 vs Fix 1 eager M8,320,320,320,320,320,320,320,320
GDN input activation FP8 quantization,18,Fix 1 compiled M8 vs Fix 1 compiled M1,320,320,320,320,320,320,320,320
GDN input activation FP8 quantization,18,Old compiled M8 vs old compiled M1,320,320,320,320,320,320,320,320
GDN input activation FP8 quantization,2,Final compiled M8 vs final eager M8,320,320,320,320,320,320,320,320
GDN input activation FP8 quantization,2,Fix 1 compiled M8 vs Fix 1 eager M8,320,320,320,320,320,320,320,320
GDN input activation FP8 quantization,2,Fix 1 compiled M8 vs Fix 1 compiled M1,320,320,320,320,320,320,320,320
GDN input activation FP8 quantization,2,Old compiled M8 vs old compiled M1,320,320,320,320,320,320,320,320
GDN input activation FP8 quantization,20,Final compiled M8 vs final eager M8,320,320,320,320,320,320,320,320
GDN input activation FP8 quantization,20,Fix 1 compiled M8 vs Fix 1 eager M8,320,320,320,320,320,320,320,320
GDN input activation FP8 quantization,20,Fix 1 compiled M8 vs Fix 1 compiled M1,320,320,320,320,320,320,320,320
GDN input activation FP8 quantization,20,Old compiled M8 vs old compiled M1,320,320,320,320,320,320,320,320
GDN input activation FP8 quantization,21,Final compiled M8 vs final eager M8,320,320,320,320,320,320,320,320
GDN input activation FP8 quantization,21,Fix 1 compiled M8 vs Fix 1 eager M8,320,320,320,320,320,320,320,320
GDN input activation FP8 quantization,21,Fix 1 compiled M8 vs Fix 1 compiled M1,320,320,320,320,320,320,320,320
GDN input activation FP8 quantization,21,Old compiled M8 vs old compiled M1,320,320,320,320,320,320,320,320
GDN input activation FP8 quantization,22,Final compiled M8 vs final eager M8,320,320,320,320,320,320,320,320
GDN input activation FP8 quantization,22,Fix 1 compiled M8 vs Fix 1 eager M8,320,320,320,320,320,320,320,320
GDN input activation FP8 quantization,22,Fix 1 compiled M8 vs Fix 1 compiled M1,320,320,320,320,320,320,320,320
GDN input activation FP8 quantization,22,Old compiled M8 vs old compiled M1,320,320,320,320,320,320,320,320
GDN input activation FP8 quantization,24,Final compiled M8 vs final eager M8,320,320,320,320,320,320,320,320
GDN input activation FP8 quantization,24,Fix 1 compiled M8 vs Fix 1 eager M8,320,320,320,320,320,320,320,320
GDN input activation FP8 quantization,24,Fix 1 compiled M8 vs Fix 1 compiled M1,320,320,320,320,320,320,320,320
GDN input activation FP8 quantization,24,Old compiled M8 vs old compiled M1,320,320,320,320,320,320,320,320
GDN input activation FP8 quantization,25,Final compiled M8 vs final eager M8,320,320,320,320,320,320,320,320
GDN input activation FP8 quantization,25,Fix 1 compiled M8 vs Fix 1 eager M8,320,320,320,320,320,320,320,320
GDN input activation FP8 quantization,25,Fix 1 compiled M8 vs Fix 1 compiled M1,320,320,320,320,320,320,320,320
GDN input activation FP8 quantization,25,Old compiled M8 vs old compiled M1,320,320,320,320,320,320,320,320
GDN input activation FP8 quantization,26,Final compiled M8 vs final eager M8,320,320,320,320,320,320,320,320
GDN input activation FP8 quantization,26,Fix 1 compiled M8 vs Fix 1 eager M8,320,320,320,320,320,320,320,320
GDN input activation FP8 quantization,26,Fix 1 compiled M8 vs Fix 1 compiled M1,320,320,320,320,320,320,320,320
GDN input activation FP8 quantization,26,Old compiled M8 vs old compiled M1,320,320,320,320,320,320,320,320
GDN input activation FP8 quantization,28,Final compiled M8 vs final eager M8,320,320,320,320,320,320,320,320
GDN input activation FP8 quantization,28,Fix 1 compiled M8 vs Fix 1 eager M8,320,320,320,320,320,320,320,320
GDN input activation FP8 quantization,28,Fix 1 compiled M8 vs Fix 1 compiled M1,320,320,320,320,320,320,320,320
GDN input activation FP8 quantization,28,Old compiled M8 vs old compiled M1,320,320,320,320,320,320,320,320
GDN input activation FP8 quantization,29,Final compiled M8 vs final eager M8,320,320,320,320,320,320,320,320
GDN input activation FP8 quantization,29,Fix 1 compiled M8 vs Fix 1 eager M8,320,320,320,320,320,320,320,320
GDN input activation FP8 quantization,29,Fix 1 compiled M8 vs Fix 1 compiled M1,320,320,320,320,320,320,320,320
GDN input activation FP8 quantization,29,Old compiled M8 vs old compiled M1,320,320,320,320,320,320,320,320
GDN input activation FP8 quantization,30,Final compiled M8 vs final eager M8,320,320,320,320,320,320,320,320
GDN input activation FP8 quantization,30,Fix 1 compiled M8 vs Fix 1 eager M8,320,320,320,320,320,320,320,320
GDN input activation FP8 quantization,30,Fix 1 compiled M8 vs Fix 1 compiled M1,320,320,320,320,320,320,320,320
GDN input activation FP8 quantization,30,Old compiled M8 vs old compiled M1,320,320,320,320,320,320,320,320
GDN input activation FP8 quantization,32,Final compiled M8 vs final eager M8,320,320,320,320,320,320,320,320
GDN input activation FP8 quantization,32,Fix 1 compiled M8 vs Fix 1 eager M8,320,320,320,320,320,320,320,320
GDN input activation FP8 quantization,32,Fix 1 compiled M8 vs Fix 1 compiled M1,320,320,320,320,320,320,320,320
GDN input activation FP8 quantization,32,Old compiled M8 vs old compiled M1,320,320,320,320,320,320,320,320
GDN input activation FP8 quantization,33,Final compiled M8 vs final eager M8,320,320,320,320,320,320,320,320
GDN input activation FP8 quantization,33,Fix 1 compiled M8 vs Fix 1 eager M8,320,320,320,320,320,320,320,320
GDN input activation FP8 quantization,33,Fix 1 compiled M8 vs Fix 1 compiled M1,320,320,320,320,320,320,320,320
GDN input activation FP8 quantization,33,Old compiled M8 vs old compiled M1,320,320,320,320,320,320,320,320
GDN input activation FP8 quantization,34,Final compiled M8 vs final eager M8,320,320,320,320,320,320,320,320
GDN input activation FP8 quantization,34,Fix 1 compiled M8 vs Fix 1 eager M8,320,320,320,320,320,320,320,320
GDN input activation FP8 quantization,34,Fix 1 compiled M8 vs Fix 1 compiled M1,320,320,320,320,320,320,320,320
GDN input activation FP8 quantization,34,Old compiled M8 vs old compiled M1,320,320,320,320,320,320,320,320
GDN input activation FP8 quantization,36,Final compiled M8 vs final eager M8,320,320,320,320,320,320,320,320
GDN input activation FP8 quantization,36,Fix 1 compiled M8 vs Fix 1 eager M8,320,320,320,320,320,320,320,320
GDN input activation FP8 quantization,36,Fix 1 compiled M8 vs Fix 1 compiled M1,320,320,320,320,320,320,320,320
GDN input activation FP8 quantization,36,Old compiled M8 vs old compiled M1,320,320,320,320,320,320,320,320
GDN input activation FP8 quantization,37,Final compiled M8 vs final eager M8,320,320,320,320,320,320,320,320
GDN input activation FP8 quantization,37,Fix 1 compiled M8 vs Fix 1 eager M8,320,320,320,320,320,320,320,320
GDN input activation FP8 quantization,37,Fix 1 compiled M8 vs Fix 1 compiled M1,320,320,320,320,320,320,320,320
GDN input activation FP8 quantization,37,Old compiled M8 vs old compiled M1,320,320,320,320,320,320,320,320
GDN input activation FP8 quantization,38,Final compiled M8 vs final eager M8,320,320,320,320,320,320,320,320
GDN input activation FP8 quantization,38,Fix 1 compiled M8 vs Fix 1 eager M8,320,320,320,320,320,320,320,320
GDN input activation FP8 quantization,38,Fix 1 compiled M8 vs Fix 1 compiled M1,320,320,320,320,320,320,320,320
GDN input activation FP8 quantization,38,Old compiled M8 vs old compiled M1,320,320,320,320,320,320,320,320
GDN input activation FP8 quantization,4,Final compiled M8 vs final eager M8,320,320,320,320,320,320,320,320
GDN input activation FP8 quantization,4,Fix 1 compiled M8 vs Fix 1 eager M8,320,320,320,320,320,320,320,320
GDN input activation FP8 quantization,4,Fix 1 compiled M8 vs Fix 1 compiled M1,320,320,320,320,320,320,320,320
GDN input activation FP8 quantization,4,Old compiled M8 vs old compiled M1,320,320,320,320,320,320,320,320
GDN input activation FP8 quantization,40,Final compiled M8 vs final eager M8,320,320,320,320,320,320,320,320
GDN input activation FP8 quantization,40,Fix 1 compiled M8 vs Fix 1 eager M8,320,320,320,320,320,320,320,320
GDN input activation FP8 quantization,40,Fix 1 compiled M8 vs Fix 1 compiled M1,320,320,320,320,320,320,320,320
GDN input activation FP8 quantization,40,Old compiled M8 vs old compiled M1,320,320,320,320,320,320,320,320
GDN input activation FP8 quantization,41,Final compiled M8 vs final eager M8,320,320,320,320,320,320,320,320
GDN input activation FP8 quantization,41,Fix 1 compiled M8 vs Fix 1 eager M8,320,320,320,320,320,320,320,320
GDN input activation FP8 quantization,41,Fix 1 compiled M8 vs Fix 1 compiled M1,320,320,320,320,320,320,320,320
GDN input activation FP8 quantization,41,Old compiled M8 vs old compiled M1,320,320,320,320,320,320,320,320
GDN input activation FP8 quantization,42,Final compiled M8 vs final eager M8,320,320,320,320,320,320,320,320
GDN input activation FP8 quantization,42,Fix 1 compiled M8 vs Fix 1 eager M8,320,320,320,320,320,320,320,320
GDN input activation FP8 quantization,42,Fix 1 compiled M8 vs Fix 1 compiled M1,320,320,320,320,320,320,320,320
GDN input activation FP8 quantization,42,Old compiled M8 vs old compiled M1,320,320,320,320,320,320,320,320
GDN input activation FP8 quantization,44,Final compiled M8 vs final eager M8,320,320,320,320,320,320,320,320
GDN input activation FP8 quantization,44,Fix 1 compiled M8 vs Fix 1 eager M8,320,320,320,320,320,320,320,320
GDN input activation FP8 quantization,44,Fix 1 compiled M8 vs Fix 1 compiled M1,320,320,320,320,320,320,320,320
GDN input activation FP8 quantization,44,Old compiled M8 vs old compiled M1,320,320,320,320,320,320,320,320
GDN input activation FP8 quantization,45,Final compiled M8 vs final eager M8,320,320,320,320,320,320,320,320
GDN input activation FP8 quantization,45,Fix 1 compiled M8 vs Fix 1 eager M8,320,320,320,320,320,320,320,320
GDN input activation FP8 quantization,45,Fix 1 compiled M8 vs Fix 1 compiled M1,320,320,320,320,320,320,320,320
GDN input activation FP8 quantization,45,Old compiled M8 vs old compiled M1,320,320,320,320,320,320,320,320
GDN input activation FP8 quantization,46,Final compiled M8 vs final eager M8,320,320,320,320,320,320,320,320
GDN input activation FP8 quantization,46,Fix 1 compiled M8 vs Fix 1 eager M8,320,320,320,320,320,320,320,320
GDN input activation FP8 quantization,46,Fix 1 compiled M8 vs Fix 1 compiled M1,320,320,320,320,320,320,320,320
GDN input activation FP8 quantization,46,Old compiled M8 vs old compiled M1,320,320,320,320,320,320,320,320
GDN input activation FP8 quantization,48,Final compiled M8 vs final eager M8,320,320,320,320,320,320,320,320
GDN input activation FP8 quantization,48,Fix 1 compiled M8 vs Fix 1 eager M8,320,320,320,320,320,320,320,320
GDN input activation FP8 quantization,48,Fix 1 compiled M8 vs Fix 1 compiled M1,320,320,320,320,320,320,320,320
GDN input activation FP8 quantization,48,Old compiled M8 vs old compiled M1,320,320,320,320,320,320,320,320
GDN input activation FP8 quantization,49,Final compiled M8 vs final eager M8,320,320,320,320,320,320,320,320
GDN input activation FP8 quantization,49,Fix 1 compiled M8 vs Fix 1 eager M8,320,320,320,320,320,320,320,320
GDN input activation FP8 quantization,49,Fix 1 compiled M8 vs Fix 1 compiled M1,320,320,320,320,320,320,320,320
GDN input activation FP8 quantization,49,Old compiled M8 vs old compiled M1,320,320,320,320,320,320,320,320
GDN input activation FP8 quantization,5,Final compiled M8 vs final eager M8,320,320,320,320,320,320,320,320
GDN input activation FP8 quantization,5,Fix 1 compiled M8 vs Fix 1 eager M8,320,320,320,320,320,320,320,320
GDN input activation FP8 quantization,5,Fix 1 compiled M8 vs Fix 1 compiled M1,320,320,320,320,320,320,320,320
GDN input activation FP8 quantization,5,Old compiled M8 vs old compiled M1,320,320,320,320,320,320,320,320
GDN input activation FP8 quantization,50,Final compiled M8 vs final eager M8,320,320,320,320,320,320,320,320
GDN input activation FP8 quantization,50,Fix 1 compiled M8 vs Fix 1 eager M8,320,320,320,320,320,320,320,320
GDN input activation FP8 quantization,50,Fix 1 compiled M8 vs Fix 1 compiled M1,320,320,320,320,320,320,320,320
GDN input activation FP8 quantization,50,Old compiled M8 vs old compiled M1,320,320,320,320,320,320,320,320
GDN input activation FP8 quantization,52,Final compiled M8 vs final eager M8,320,320,320,320,320,320,320,320
GDN input activation FP8 quantization,52,Fix 1 compiled M8 vs Fix 1 eager M8,320,320,320,320,320,320,320,320
GDN input activation FP8 quantization,52,Fix 1 compiled M8 vs Fix 1 compiled M1,320,320,320,320,320,320,320,320
GDN input activation FP8 quantization,52,Old compiled M8 vs old compiled M1,320,320,320,320,320,320,320,320
GDN input activation FP8 quantization,53,Final compiled M8 vs final eager M8,320,320,320,320,320,320,320,320
GDN input activation FP8 quantization,53,Fix 1 compiled M8 vs Fix 1 eager M8,320,320,320,320,320,320,320,320
GDN input activation FP8 quantization,53,Fix 1 compiled M8 vs Fix 1 compiled M1,320,320,320,320,320,320,320,320
GDN input activation FP8 quantization,53,Old compiled M8 vs old compiled M1,320,320,320,320,320,320,320,320
GDN input activation FP8 quantization,54,Final compiled M8 vs final eager M8,320,320,320,320,320,320,320,320
GDN input activation FP8 quantization,54,Fix 1 compiled M8 vs Fix 1 eager M8,320,320,320,320,320,320,320,320
GDN input activation FP8 quantization,54,Fix 1 compiled M8 vs Fix 1 compiled M1,320,320,320,320,320,320,320,320
GDN input activation FP8 quantization,54,Old compiled M8 vs old compiled M1,320,320,320,320,320,320,320,320
GDN input activation FP8 quantization,56,Final compiled M8 vs final eager M8,320,320,320,320,320,320,320,320
GDN input activation FP8 quantization,56,Fix 1 compiled M8 vs Fix 1 eager M8,320,320,320,320,320,320,320,320
GDN input activation FP8 quantization,56,Fix 1 compiled M8 vs Fix 1 compiled M1,320,320,320,320,320,320,320,320
GDN input activation FP8 quantization,56,Old compiled M8 vs old compiled M1,320,320,320,320,320,320,320,320
GDN input activation FP8 quantization,57,Final compiled M8 vs final eager M8,320,320,320,320,320,320,320,320
GDN input activation FP8 quantization,57,Fix 1 compiled M8 vs Fix 1 eager M8,320,320,320,320,320,320,320,320
GDN input activation FP8 quantization,57,Fix 1 compiled M8 vs Fix 1 compiled M1,320,320,320,320,320,320,320,320
GDN input activation FP8 quantization,57,Old compiled M8 vs old compiled M1,320,320,320,320,320,320,320,320
GDN input activation FP8 quantization,58,Final compiled M8 vs final eager M8,320,320,320,320,320,320,320,320
GDN input activation FP8 quantization,58,Fix 1 compiled M8 vs Fix 1 eager M8,320,320,320,320,320,320,320,320
GDN input activation FP8 quantization,58,Fix 1 compiled M8 vs Fix 1 compiled M1,320,320,320,320,320,320,320,320
GDN input activation FP8 quantization,58,Old compiled M8 vs old compiled M1,320,320,320,320,320,320,320,320
GDN input activation FP8 quantization,6,Final compiled M8 vs final eager M8,320,320,320,320,320,320,320,320
GDN input activation FP8 quantization,6,Fix 1 compiled M8 vs Fix 1 eager M8,320,320,320,320,320,320,320,320
GDN input activation FP8 quantization,6,Fix 1 compiled M8 vs Fix 1 compiled M1,320,320,320,320,320,320,320,320
GDN input activation FP8 quantization,6,Old compiled M8 vs old compiled M1,320,320,320,320,320,320,320,320
GDN input activation FP8 quantization,60,Final compiled M8 vs final eager M8,320,320,320,320,320,320,320,320
GDN input activation FP8 quantization,60,Fix 1 compiled M8 vs Fix 1 eager M8,320,320,320,320,320,320,320,320
GDN input activation FP8 quantization,60,Fix 1 compiled M8 vs Fix 1 compiled M1,320,320,320,320,320,320,320,320
GDN input activation FP8 quantization,60,Old compiled M8 vs old compiled M1,320,320,320,320,320,320,320,320
GDN input activation FP8 quantization,61,Final compiled M8 vs final eager M8,320,320,320,320,320,320,320,320
GDN input activation FP8 quantization,61,Fix 1 compiled M8 vs Fix 1 eager M8,320,320,320,320,320,320,320,320
GDN input activation FP8 quantization,61,Fix 1 compiled M8 vs Fix 1 compiled M1,320,320,320,320,320,320,320,320
GDN input activation FP8 quantization,61,Old compiled M8 vs old compiled M1,320,320,320,320,320,320,320,320
GDN input activation FP8 quantization,62,Final compiled M8 vs final eager M8,320,320,320,320,320,320,320,320
GDN input activation FP8 quantization,62,Fix 1 compiled M8 vs Fix 1 eager M8,320,320,320,320,320,320,320,320
GDN input activation FP8 quantization,62,Fix 1 compiled M8 vs Fix 1 compiled M1,320,320,320,320,320,320,320,320
GDN input activation FP8 quantization,62,Old compiled M8 vs old compiled M1,320,320,320,320,320,320,320,320
GDN input activation FP8 quantization,8,Final compiled M8 vs final eager M8,320,320,320,320,320,320,320,320
GDN input activation FP8 quantization,8,Fix 1 compiled M8 vs Fix 1 eager M8,320,320,320,320,320,320,320,320
GDN input activation FP8 quantization,8,Fix 1 compiled M8 vs Fix 1 compiled M1,320,320,320,320,320,320,320,320
GDN input activation FP8 quantization,8,Old compiled M8 vs old compiled M1,320,320,320,320,320,320,320,320
GDN input activation FP8 quantization,9,Final compiled M8 vs final eager M8,320,320,320,320,320,320,320,320
GDN input activation FP8 quantization,9,Fix 1 compiled M8 vs Fix 1 eager M8,320,320,320,320,320,320,320,320
GDN input activation FP8 quantization,9,Fix 1 compiled M8 vs Fix 1 compiled M1,320,320,320,320,320,320,320,320
GDN input activation FP8 quantization,9,Old compiled M8 vs old compiled M1,320,320,320,320,320,320,320,320
GDN input projection,0,Final compiled M8 vs final eager M8,320,320,320,320,320,320,320,320
GDN input projection,0,Fix 1 compiled M8 vs Fix 1 eager M8,320,320,320,320,320,320,320,320
GDN input projection,0,Fix 1 compiled M8 vs Fix 1 compiled M1,320,320,320,320,320,320,320,320
GDN input projection,0,Old compiled M8 vs old compiled M1,320,320,320,320,320,320,320,320
GDN input projection,1,Final compiled M8 vs final eager M8,320,320,320,320,320,320,320,320
GDN input projection,1,Fix 1 compiled M8 vs Fix 1 eager M8,320,320,320,320,320,320,320,320
GDN input projection,1,Fix 1 compiled M8 vs Fix 1 compiled M1,320,320,320,320,320,320,320,320
GDN input projection,1,Old compiled M8 vs old compiled M1,320,320,320,320,320,320,320,320
GDN input projection,10,Final compiled M8 vs final eager M8,320,320,320,320,320,320,320,320
GDN input projection,10,Fix 1 compiled M8 vs Fix 1 eager M8,320,320,320,320,320,320,320,320
GDN input projection,10,Fix 1 compiled M8 vs Fix 1 compiled M1,320,320,320,320,320,320,320,320
GDN input projection,10,Old compiled M8 vs old compiled M1,320,320,320,320,320,320,320,320
GDN input projection,12,Final compiled M8 vs final eager M8,320,320,320,320,320,320,320,320
GDN input projection,12,Fix 1 compiled M8 vs Fix 1 eager M8,320,320,320,320,320,320,320,320
GDN input projection,12,Fix 1 compiled M8 vs Fix 1 compiled M1,320,320,320,320,320,320,320,320
GDN input projection,12,Old compiled M8 vs old compiled M1,320,320,320,320,320,320,320,320
GDN input projection,13,Final compiled M8 vs final eager M8,320,320,320,320,320,320,320,320
GDN input projection,13,Fix 1 compiled M8 vs Fix 1 eager M8,320,320,320,320,320,320,320,320
GDN input projection,13,Fix 1 compiled M8 vs Fix 1 compiled M1,320,320,320,320,320,320,320,320
GDN input projection,13,Old compiled M8 vs old compiled M1,320,320,320,320,320,320,320,320
GDN input projection,14,Final compiled M8 vs final eager M8,320,320,320,320,320,320,320,320
GDN input projection,14,Fix 1 compiled M8 vs Fix 1 eager M8,320,320,320,320,320,320,320,320
GDN input projection,14,Fix 1 compiled M8 vs Fix 1 compiled M1,320,320,320,320,320,320,320,320
GDN input projection,14,Old compiled M8 vs old compiled M1,320,320,320,320,320,320,320,320
GDN input projection,16,Final compiled M8 vs final eager M8,320,320,320,320,320,320,320,320
GDN input projection,16,Fix 1 compiled M8 vs Fix 1 eager M8,320,320,320,320,320,320,320,320
GDN input projection,16,Fix 1 compiled M8 vs Fix 1 compiled M1,320,320,320,320,320,320,320,320
GDN input projection,16,Old compiled M8 vs old compiled M1,320,320,320,320,320,320,320,320
GDN input projection,17,Final compiled M8 vs final eager M8,320,320,320,320,320,320,320,320
GDN input projection,17,Fix 1 compiled M8 vs Fix 1 eager M8,320,320,320,320,320,320,320,320
GDN input projection,17,Fix 1 compiled M8 vs Fix 1 compiled M1,320,320,320,320,320,320,320,320
GDN input projection,17,Old compiled M8 vs old compiled M1,320,320,320,320,320,320,320,320
GDN input projection,18,Final compiled M8 vs final eager M8,320,320,320,320,320,320,320,320
GDN input projection,18,Fix 1 compiled M8 vs Fix 1 eager M8,320,320,320,320,320,320,320,320
GDN input projection,18,Fix 1 compiled M8 vs Fix 1 compiled M1,320,320,320,320,320,320,320,320
GDN input projection,18,Old compiled M8 vs old compiled M1,320,320,320,320,320,320,320,320
GDN input projection,2,Final compiled M8 vs final eager M8,320,320,320,320,320,320,320,320
GDN input projection,2,Fix 1 compiled M8 vs Fix 1 eager M8,320,320,320,320,320,320,320,320
GDN input projection,2,Fix 1 compiled M8 vs Fix 1 compiled M1,320,320,320,320,320,320,320,320
GDN input projection,2,Old compiled M8 vs old compiled M1,320,320,320,320,320,320,320,320
GDN input projection,20,Final compiled M8 vs final eager M8,320,320,320,320,320,320,320,320
GDN input projection,20,Fix 1 compiled M8 vs Fix 1 eager M8,320,320,320,320,320,320,320,320
GDN input projection,20,Fix 1 compiled M8 vs Fix 1 compiled M1,320,320,320,320,320,320,320,320
GDN input projection,20,Old compiled M8 vs old compiled M1,320,320,320,320,320,320,320,320
GDN input projection,21,Final compiled M8 vs final eager M8,320,320,320,320,320,320,320,320
GDN input projection,21,Fix 1 compiled M8 vs Fix 1 eager M8,320,320,320,320,320,320,320,320
GDN input projection,21,Fix 1 compiled M8 vs Fix 1 compiled M1,320,320,320,320,320,320,320,320
GDN input projection,21,Old compiled M8 vs old compiled M1,320,320,320,320,320,320,320,320
GDN input projection,22,Final compiled M8 vs final eager M8,320,320,320,320,320,320,320,320
GDN input projection,22,Fix 1 compiled M8 vs Fix 1 eager M8,320,320,320,320,320,320,320,320
GDN input projection,22,Fix 1 compiled M8 vs Fix 1 compiled M1,320,320,320,320,320,320,320,320
GDN input projection,22,Old compiled M8 vs old compiled M1,320,320,320,320,320,320,320,320
GDN input projection,24,Final compiled M8 vs final eager M8,320,320,320,320,320,320,320,320
GDN input projection,24,Fix 1 compiled M8 vs Fix 1 eager M8,320,320,320,320,320,320,320,320
GDN input projection,24,Fix 1 compiled M8 vs Fix 1 compiled M1,320,320,320,320,320,320,320,320
GDN input projection,24,Old compiled M8 vs old compiled M1,320,320,320,320,320,320,320,320
GDN input projection,25,Final compiled M8 vs final eager M8,320,320,320,320,320,320,320,320
GDN input projection,25,Fix 1 compiled M8 vs Fix 1 eager M8,320,320,320,320,320,320,320,320
GDN input projection,25,Fix 1 compiled M8 vs Fix 1 compiled M1,320,320,320,320,320,320,320,320
GDN input projection,25,Old compiled M8 vs old compiled M1,320,320,320,320,320,320,320,320
GDN input projection,26,Final compiled M8 vs final eager M8,320,320,320,320,320,320,320,320
GDN input projection,26,Fix 1 compiled M8 vs Fix 1 eager M8,320,320,320,320,320,320,320,320
GDN input projection,26,Fix 1 compiled M8 vs Fix 1 compiled M1,320,320,320,320,320,320,320,320
GDN input projection,26,Old compiled M8 vs old compiled M1,320,320,320,320,320,320,320,320
GDN input projection,28,Final compiled M8 vs final eager M8,320,320,320,320,320,320,320,320
GDN input projection,28,Fix 1 compiled M8 vs Fix 1 eager M8,320,320,320,320,320,320,320,320
GDN input projection,28,Fix 1 compiled M8 vs Fix 1 compiled M1,320,320,320,320,320,320,320,320
GDN input projection,28,Old compiled M8 vs old compiled M1,320,320,320,320,320,320,320,320
GDN input projection,29,Final compiled M8 vs final eager M8,320,320,320,320,320,320,320,320
GDN input projection,29,Fix 1 compiled M8 vs Fix 1 eager M8,320,320,320,320,320,320,320,320
GDN input projection,29,Fix 1 compiled M8 vs Fix 1 compiled M1,320,320,320,320,320,320,320,320
GDN input projection,29,Old compiled M8 vs old compiled M1,320,320,320,320,320,320,320,320
GDN input projection,30,Final compiled M8 vs final eager M8,320,320,320,320,320,320,320,320
GDN input projection,30,Fix 1 compiled M8 vs Fix 1 eager M8,320,320,320,320,320,320,320,320
GDN input projection,30,Fix 1 compiled M8 vs Fix 1 compiled M1,320,320,320,320,320,320,320,320
GDN input projection,30,Old compiled M8 vs old compiled M1,320,320,320,320,320,320,320,320
GDN input projection,32,Final compiled M8 vs final eager M8,320,320,320,320,320,320,320,320
GDN input projection,32,Fix 1 compiled M8 vs Fix 1 eager M8,320,320,320,320,320,320,320,320
GDN input projection,32,Fix 1 compiled M8 vs Fix 1 compiled M1,320,320,320,320,320,320,320,320
GDN input projection,32,Old compiled M8 vs old compiled M1,320,320,320,320,320,320,320,320
GDN input projection,33,Final compiled M8 vs final eager M8,320,320,320,320,320,320,320,320
GDN input projection,33,Fix 1 compiled M8 vs Fix 1 eager M8,320,320,320,320,320,320,320,320
GDN input projection,33,Fix 1 compiled M8 vs Fix 1 compiled M1,320,320,320,320,320,320,320,320
GDN input projection,33,Old compiled M8 vs old compiled M1,320,320,320,320,320,320,320,320
GDN input projection,34,Final compiled M8 vs final eager M8,320,320,320,320,320,320,320,320
GDN input projection,34,Fix 1 compiled M8 vs Fix 1 eager M8,320,320,320,320,320,320,320,320
GDN input projection,34,Fix 1 compiled M8 vs Fix 1 compiled M1,320,320,320,320,320,320,320,320
GDN input projection,34,Old compiled M8 vs old compiled M1,320,320,320,320,320,320,320,320
GDN input projection,36,Final compiled M8 vs final eager M8,320,320,320,320,320,320,320,320
GDN input projection,36,Fix 1 compiled M8 vs Fix 1 eager M8,320,320,320,320,320,320,320,320
GDN input projection,36,Fix 1 compiled M8 vs Fix 1 compiled M1,320,320,320,320,320,320,320,320
GDN input projection,36,Old compiled M8 vs old compiled M1,320,320,320,320,320,320,320,320
GDN input projection,37,Final compiled M8 vs final eager M8,320,320,320,320,320,320,320,320
GDN input projection,37,Fix 1 compiled M8 vs Fix 1 eager M8,320,320,320,320,320,320,320,320
GDN input projection,37,Fix 1 compiled M8 vs Fix 1 compiled M1,320,320,320,320,320,320,320,320
GDN input projection,37,Old compiled M8 vs old compiled M1,320,320,320,320,320,320,320,320
GDN input projection,38,Final compiled M8 vs final eager M8,320,320,320,320,320,320,320,320
GDN input projection,38,Fix 1 compiled M8 vs Fix 1 eager M8,320,320,320,320,320,320,320,320
GDN input projection,38,Fix 1 compiled M8 vs Fix 1 compiled M1,320,320,320,320,320,320,320,320
GDN input projection,38,Old compiled M8 vs old compiled M1,320,320,320,320,320,320,320,320
GDN input projection,4,Final compiled M8 vs final eager M8,320,320,320,320,320,320,320,320
GDN input projection,4,Fix 1 compiled M8 vs Fix 1 eager M8,320,320,320,320,320,320,320,320
GDN input projection,4,Fix 1 compiled M8 vs Fix 1 compiled M1,320,320,320,320,320,320,320,320
GDN input projection,4,Old compiled M8 vs old compiled M1,320,320,320,320,320,320,320,320
GDN input projection,40,Final compiled M8 vs final eager M8,320,320,320,320,320,320,320,320
GDN input projection,40,Fix 1 compiled M8 vs Fix 1 eager M8,320,320,320,320,320,320,320,320
GDN input projection,40,Fix 1 compiled M8 vs Fix 1 compiled M1,320,320,320,320,320,320,320,320
GDN input projection,40,Old compiled M8 vs old compiled M1,320,320,320,320,320,320,320,320
GDN input projection,41,Final compiled M8 vs final eager M8,320,320,320,320,320,320,320,320
GDN input projection,41,Fix 1 compiled M8 vs Fix 1 eager M8,320,320,320,320,320,320,320,320
GDN input projection,41,Fix 1 compiled M8 vs Fix 1 compiled M1,320,320,320,320,320,320,320,320
GDN input projection,41,Old compiled M8 vs old compiled M1,320,320,320,320,320,320,320,320
GDN input projection,42,Final compiled M8 vs final eager M8,320,320,320,320,320,320,320,320
GDN input projection,42,Fix 1 compiled M8 vs Fix 1 eager M8,320,320,320,320,320,320,320,320
GDN input projection,42,Fix 1 compiled M8 vs Fix 1 compiled M1,320,320,320,320,320,320,320,320
GDN input projection,42,Old compiled M8 vs old compiled M1,320,320,320,320,320,320,320,320
GDN input projection,44,Final compiled M8 vs final eager M8,320,320,320,320,320,320,320,320
GDN input projection,44,Fix 1 compiled M8 vs Fix 1 eager M8,320,320,320,320,320,320,320,320
GDN input projection,44,Fix 1 compiled M8 vs Fix 1 compiled M1,320,320,320,320,320,320,320,320
GDN input projection,44,Old compiled M8 vs old compiled M1,320,320,320,320,320,320,320,320
GDN input projection,45,Final compiled M8 vs final eager M8,320,320,320,320,320,320,320,320
GDN input projection,45,Fix 1 compiled M8 vs Fix 1 eager M8,320,320,320,320,320,320,320,320
GDN input projection,45,Fix 1 compiled M8 vs Fix 1 compiled M1,320,320,320,320,320,320,320,320
GDN input projection,45,Old compiled M8 vs old compiled M1,320,320,320,320,320,320,320,320
GDN input projection,46,Final compiled M8 vs final eager M8,320,320,320,320,320,320,320,320
GDN input projection,46,Fix 1 compiled M8 vs Fix 1 eager M8,320,320,320,320,320,320,320,320
GDN input projection,46,Fix 1 compiled M8 vs Fix 1 compiled M1,320,320,320,320,320,320,320,320
GDN input projection,46,Old compiled M8 vs old compiled M1,320,320,320,320,320,320,320,320
GDN input projection,48,Final compiled M8 vs final eager M8,320,320,320,320,320,320,320,320
GDN input projection,48,Fix 1 compiled M8 vs Fix 1 eager M8,320,320,320,320,320,320,320,320
GDN input projection,48,Fix 1 compiled M8 vs Fix 1 compiled M1,320,320,320,320,320,320,320,320
GDN input projection,48,Old compiled M8 vs old compiled M1,320,320,320,320,320,320,320,320
GDN input projection,49,Final compiled M8 vs final eager M8,320,320,320,320,320,320,320,320
GDN input projection,49,Fix 1 compiled M8 vs Fix 1 eager M8,320,320,320,320,320,320,320,320
GDN input projection,49,Fix 1 compiled M8 vs Fix 1 compiled M1,320,320,320,320,320,320,320,320
GDN input projection,49,Old compiled M8 vs old compiled M1,320,320,320,320,320,320,320,320
GDN input projection,5,Final compiled M8 vs final eager M8,320,320,320,320,320,320,320,320
GDN input projection,5,Fix 1 compiled M8 vs Fix 1 eager M8,320,320,320,320,320,320,320,320
GDN input projection,5,Fix 1 compiled M8 vs Fix 1 compiled M1,320,320,320,320,320,320,320,320
GDN input projection,5,Old compiled M8 vs old compiled M1,320,320,320,320,320,320,320,320
GDN input projection,50,Final compiled M8 vs final eager M8,320,320,320,320,320,320,320,320
GDN input projection,50,Fix 1 compiled M8 vs Fix 1 eager M8,320,320,320,320,320,320,320,320
GDN input projection,50,Fix 1 compiled M8 vs Fix 1 compiled M1,320,320,320,320,320,320,320,320
GDN input projection,50,Old compiled M8 vs old compiled M1,320,320,320,320,320,320,320,320
GDN input projection,52,Final compiled M8 vs final eager M8,320,320,320,320,320,320,320,320
GDN input projection,52,Fix 1 compiled M8 vs Fix 1 eager M8,320,320,320,320,320,320,320,320
GDN input projection,52,Fix 1 compiled M8 vs Fix 1 compiled M1,320,320,320,320,320,320,320,320
GDN input projection,52,Old compiled M8 vs old compiled M1,320,320,320,320,320,320,320,320
GDN input projection,53,Final compiled M8 vs final eager M8,320,320,320,320,320,320,320,320
GDN input projection,53,Fix 1 compiled M8 vs Fix 1 eager M8,320,320,320,320,320,320,320,320
GDN input projection,53,Fix 1 compiled M8 vs Fix 1 compiled M1,320,320,320,320,320,320,320,320
GDN input projection,53,Old compiled M8 vs old compiled M1,320,320,320,320,320,320,320,320
GDN input projection,54,Final compiled M8 vs final eager M8,320,320,320,320,320,320,320,320
GDN input projection,54,Fix 1 compiled M8 vs Fix 1 eager M8,320,320,320,320,320,320,320,320
GDN input projection,54,Fix 1 compiled M8 vs Fix 1 compiled M1,320,320,320,320,320,320,320,320
GDN input projection,54,Old compiled M8 vs old compiled M1,320,320,320,320,320,320,320,320
GDN input projection,56,Final compiled M8 vs final eager M8,320,320,320,320,320,320,320,320
GDN input projection,56,Fix 1 compiled M8 vs Fix 1 eager M8,320,320,320,320,320,320,320,320
GDN input projection,56,Fix 1 compiled M8 vs Fix 1 compiled M1,320,320,320,320,320,320,320,320
GDN input projection,56,Old compiled M8 vs old compiled M1,320,320,320,320,320,320,320,320
GDN input projection,57,Final compiled M8 vs final eager M8,320,320,320,320,320,320,320,320
GDN input projection,57,Fix 1 compiled M8 vs Fix 1 eager M8,320,320,320,320,320,320,320,320
GDN input projection,57,Fix 1 compiled M8 vs Fix 1 compiled M1,320,320,320,320,320,320,320,320
GDN input projection,57,Old compiled M8 vs old compiled M1,320,320,320,320,320,320,320,320
GDN input projection,58,Final compiled M8 vs final eager M8,320,320,320,320,320,320,320,320
GDN input projection,58,Fix 1 compiled M8 vs Fix 1 eager M8,320,320,320,320,320,320,320,320
GDN input projection,58,Fix 1 compiled M8 vs Fix 1 compiled M1,320,320,320,320,320,320,320,320
GDN input projection,58,Old compiled M8 vs old compiled M1,320,320,320,320,320,320,320,320
GDN input projection,6,Final compiled M8 vs final eager M8,320,320,320,320,320,320,320,320
GDN input projection,6,Fix 1 compiled M8 vs Fix 1 eager M8,320,320,320,320,320,320,320,320
GDN input projection,6,Fix 1 compiled M8 vs Fix 1 compiled M1,320,320,320,320,320,320,320,320
GDN input projection,6,Old compiled M8 vs old compiled M1,320,320,320,320,320,320,320,320
GDN input projection,60,Final compiled M8 vs final eager M8,320,320,320,320,320,320,320,320
GDN input projection,60,Fix 1 compiled M8 vs Fix 1 eager M8,320,320,320,320,320,320,320,320
GDN input projection,60,Fix 1 compiled M8 vs Fix 1 compiled M1,320,320,320,320,320,320,320,320
GDN input projection,60,Old compiled M8 vs old compiled M1,320,320,320,320,320,320,320,320
GDN input projection,61,Final compiled M8 vs final eager M8,320,320,320,320,320,320,320,320
GDN input projection,61,Fix 1 compiled M8 vs Fix 1 eager M8,320,320,320,320,320,320,320,320
GDN input projection,61,Fix 1 compiled M8 vs Fix 1 compiled M1,320,320,320,320,320,320,320,320
GDN input projection,61,Old compiled M8 vs old compiled M1,320,320,320,320,320,320,320,320
GDN input projection,62,Final compiled M8 vs final eager M8,320,320,320,320,320,320,320,320
GDN input projection,62,Fix 1 compiled M8 vs Fix 1 eager M8,320,320,320,320,320,320,320,320
GDN input projection,62,Fix 1 compiled M8 vs Fix 1 compiled M1,320,320,320,320,320,320,320,320
GDN input projection,62,Old compiled M8 vs old compiled M1,320,320,320,320,320,320,320,320
GDN input projection,8,Final compiled M8 vs final eager M8,320,320,320,320,320,320,320,320
GDN input projection,8,Fix 1 compiled M8 vs Fix 1 eager M8,320,320,320,320,320,320,320,320
GDN input projection,8,Fix 1 compiled M8 vs Fix 1 compiled M1,320,320,320,320,320,320,320,320
GDN input projection,8,Old compiled M8 vs old compiled M1,320,320,320,320,320,320,320,320
GDN input projection,9,Final compiled M8 vs final eager M8,320,320,320,320,320,320,320,320
GDN input projection,9,Fix 1 compiled M8 vs Fix 1 eager M8,320,320,320,320,320,320,320,320
GDN input projection,9,Fix 1 compiled M8 vs Fix 1 compiled M1,320,320,320,320,320,320,320,320
GDN input projection,9,Old compiled M8 vs old compiled M1,320,320,320,320,320,320,320,320
GDN output activation FP8 quantization,0,Final compiled M8 vs final eager M8,320,320,320,320,320,320,320,320
GDN output activation FP8 quantization,0,Fix 1 compiled M8 vs Fix 1 eager M8,320,320,320,320,320,320,320,320
GDN output activation FP8 quantization,0,Fix 1 compiled M8 vs Fix 1 compiled M1,320,320,320,320,320,320,320,320
GDN output activation FP8 quantization,0,Old compiled M8 vs old compiled M1,320,320,320,320,320,320,320,320
GDN output activation FP8 quantization,1,Final compiled M8 vs final eager M8,320,320,320,320,320,320,320,320
GDN output activation FP8 quantization,1,Fix 1 compiled M8 vs Fix 1 eager M8,320,320,320,320,320,320,320,320
GDN output activation FP8 quantization,1,Fix 1 compiled M8 vs Fix 1 compiled M1,320,320,320,320,320,320,320,320
GDN output activation FP8 quantization,1,Old compiled M8 vs old compiled M1,320,320,320,320,320,320,320,320
GDN output activation FP8 quantization,10,Final compiled M8 vs final eager M8,320,320,320,320,320,320,320,320
GDN output activation FP8 quantization,10,Fix 1 compiled M8 vs Fix 1 eager M8,320,320,320,320,320,320,320,320
GDN output activation FP8 quantization,10,Fix 1 compiled M8 vs Fix 1 compiled M1,320,320,320,320,320,320,320,320
GDN output activation FP8 quantization,10,Old compiled M8 vs old compiled M1,320,320,320,320,320,320,320,320
GDN output activation FP8 quantization,12,Final compiled M8 vs final eager M8,320,320,320,320,320,320,320,320
GDN output activation FP8 quantization,12,Fix 1 compiled M8 vs Fix 1 eager M8,320,320,320,320,320,320,320,320
GDN output activation FP8 quantization,12,Fix 1 compiled M8 vs Fix 1 compiled M1,320,320,320,320,320,320,320,320
GDN output activation FP8 quantization,12,Old compiled M8 vs old compiled M1,320,320,320,320,320,320,320,320
GDN output activation FP8 quantization,13,Final compiled M8 vs final eager M8,320,320,320,320,320,320,320,320
GDN output activation FP8 quantization,13,Fix 1 compiled M8 vs Fix 1 eager M8,320,320,320,320,320,320,320,320
GDN output activation FP8 quantization,13,Fix 1 compiled M8 vs Fix 1 compiled M1,320,320,320,320,320,320,320,320
GDN output activation FP8 quantization,13,Old compiled M8 vs old compiled M1,320,320,320,320,320,320,320,320
GDN output activation FP8 quantization,14,Final compiled M8 vs final eager M8,320,320,320,320,320,320,320,320
GDN output activation FP8 quantization,14,Fix 1 compiled M8 vs Fix 1 eager M8,320,320,320,320,320,320,320,320
GDN output activation FP8 quantization,14,Fix 1 compiled M8 vs Fix 1 compiled M1,320,320,320,320,320,320,320,320
GDN output activation FP8 quantization,14,Old compiled M8 vs old compiled M1,320,320,320,320,320,320,320,320
GDN output activation FP8 quantization,16,Final compiled M8 vs final eager M8,320,320,320,320,320,320,320,320
GDN output activation FP8 quantization,16,Fix 1 compiled M8 vs Fix 1 eager M8,320,320,320,320,320,320,320,320
GDN output activation FP8 quantization,16,Fix 1 compiled M8 vs Fix 1 compiled M1,320,320,320,320,320,320,320,320
GDN output activation FP8 quantization,16,Old compiled M8 vs old compiled M1,320,320,320,320,320,320,320,320
GDN output activation FP8 quantization,17,Final compiled M8 vs final eager M8,320,320,320,320,320,320,320,320
GDN output activation FP8 quantization,17,Fix 1 compiled M8 vs Fix 1 eager M8,320,320,320,320,320,320,320,320
GDN output activation FP8 quantization,17,Fix 1 compiled M8 vs Fix 1 compiled M1,320,320,320,320,320,320,320,320
GDN output activation FP8 quantization,17,Old compiled M8 vs old compiled M1,320,320,320,320,320,320,320,320
GDN output activation FP8 quantization,18,Final compiled M8 vs final eager M8,320,320,320,320,320,320,320,320
GDN output activation FP8 quantization,18,Fix 1 compiled M8 vs Fix 1 eager M8,320,320,320,320,320,320,320,320
GDN output activation FP8 quantization,18,Fix 1 compiled M8 vs Fix 1 compiled M1,320,320,320,320,320,320,320,320
GDN output activation FP8 quantization,18,Old compiled M8 vs old compiled M1,320,320,320,320,320,320,320,320
GDN output activation FP8 quantization,2,Final compiled M8 vs final eager M8,320,320,320,320,320,320,320,320
GDN output activation FP8 quantization,2,Fix 1 compiled M8 vs Fix 1 eager M8,320,320,320,320,320,320,320,320
GDN output activation FP8 quantization,2,Fix 1 compiled M8 vs Fix 1 compiled M1,320,320,320,320,320,320,320,320
GDN output activation FP8 quantization,2,Old compiled M8 vs old compiled M1,320,320,320,320,320,320,320,320
GDN output activation FP8 quantization,20,Final compiled M8 vs final eager M8,320,320,320,320,320,320,320,320
GDN output activation FP8 quantization,20,Fix 1 compiled M8 vs Fix 1 eager M8,320,320,320,320,320,320,320,320
GDN output activation FP8 quantization,20,Fix 1 compiled M8 vs Fix 1 compiled M1,320,320,320,320,320,320,320,320
GDN output activation FP8 quantization,20,Old compiled M8 vs old compiled M1,320,320,320,320,320,320,320,320
GDN output activation FP8 quantization,21,Final compiled M8 vs final eager M8,320,320,320,320,320,320,320,320
GDN output activation FP8 quantization,21,Fix 1 compiled M8 vs Fix 1 eager M8,320,320,320,320,320,320,320,320
GDN output activation FP8 quantization,21,Fix 1 compiled M8 vs Fix 1 compiled M1,320,320,320,320,320,320,320,320
GDN output activation FP8 quantization,21,Old compiled M8 vs old compiled M1,320,320,320,320,320,320,320,320
GDN output activation FP8 quantization,22,Final compiled M8 vs final eager M8,320,320,320,320,320,320,320,320
GDN output activation FP8 quantization,22,Fix 1 compiled M8 vs Fix 1 eager M8,320,320,320,320,320,320,320,320
GDN output activation FP8 quantization,22,Fix 1 compiled M8 vs Fix 1 compiled M1,320,320,320,320,320,320,320,320
GDN output activation FP8 quantization,22,Old compiled M8 vs old compiled M1,320,320,320,320,320,320,320,320
GDN output activation FP8 quantization,24,Final compiled M8 vs final eager M8,320,320,320,320,320,320,320,320
GDN output activation FP8 quantization,24,Fix 1 compiled M8 vs Fix 1 eager M8,320,320,320,320,320,320,320,320
GDN output activation FP8 quantization,24,Fix 1 compiled M8 vs Fix 1 compiled M1,320,320,320,320,320,320,320,320
GDN output activation FP8 quantization,24,Old compiled M8 vs old compiled M1,320,320,320,320,320,320,320,320
GDN output activation FP8 quantization,25,Final compiled M8 vs final eager M8,320,320,320,320,320,320,320,320
GDN output activation FP8 quantization,25,Fix 1 compiled M8 vs Fix 1 eager M8,320,320,320,320,320,320,320,320
GDN output activation FP8 quantization,25,Fix 1 compiled M8 vs Fix 1 compiled M1,320,320,320,320,320,320,320,320
GDN output activation FP8 quantization,25,Old compiled M8 vs old compiled M1,320,320,320,320,320,320,320,320
GDN output activation FP8 quantization,26,Final compiled M8 vs final eager M8,320,320,320,320,320,320,320,320
GDN output activation FP8 quantization,26,Fix 1 compiled M8 vs Fix 1 eager M8,320,320,320,320,320,320,320,320
GDN output activation FP8 quantization,26,Fix 1 compiled M8 vs Fix 1 compiled M1,320,320,320,320,320,320,320,320
GDN output activation FP8 quantization,26,Old compiled M8 vs old compiled M1,320,320,320,320,320,320,320,320
GDN output activation FP8 quantization,28,Final compiled M8 vs final eager M8,320,320,320,320,320,320,320,320
GDN output activation FP8 quantization,28,Fix 1 compiled M8 vs Fix 1 eager M8,320,320,320,320,320,320,320,320
GDN output activation FP8 quantization,28,Fix 1 compiled M8 vs Fix 1 compiled M1,320,320,320,320,320,320,320,320
GDN output activation FP8 quantization,28,Old compiled M8 vs old compiled M1,320,320,320,320,320,320,320,320
GDN output activation FP8 quantization,29,Final compiled M8 vs final eager M8,320,320,320,320,320,320,320,320
GDN output activation FP8 quantization,29,Fix 1 compiled M8 vs Fix 1 eager M8,320,320,320,320,320,320,320,320
GDN output activation FP8 quantization,29,Fix 1 compiled M8 vs Fix 1 compiled M1,320,320,320,320,320,320,320,320
GDN output activation FP8 quantization,29,Old compiled M8 vs old compiled M1,320,320,320,320,320,320,320,320
GDN output activation FP8 quantization,30,Final compiled M8 vs final eager M8,320,320,320,320,320,320,320,320
GDN output activation FP8 quantization,30,Fix 1 compiled M8 vs Fix 1 eager M8,320,320,320,320,320,320,320,320
GDN output activation FP8 quantization,30,Fix 1 compiled M8 vs Fix 1 compiled M1,320,320,320,320,320,320,320,320
GDN output activation FP8 quantization,30,Old compiled M8 vs old compiled M1,320,320,320,320,320,320,320,320
GDN output activation FP8 quantization,32,Final compiled M8 vs final eager M8,320,320,320,320,320,320,320,320
GDN output activation FP8 quantization,32,Fix 1 compiled M8 vs Fix 1 eager M8,320,320,320,320,320,320,320,320
GDN output activation FP8 quantization,32,Fix 1 compiled M8 vs Fix 1 compiled M1,320,320,320,320,320,320,320,320
GDN output activation FP8 quantization,32,Old compiled M8 vs old compiled M1,320,320,320,320,320,320,320,320
GDN output activation FP8 quantization,33,Final compiled M8 vs final eager M8,320,320,320,320,320,320,320,320
GDN output activation FP8 quantization,33,Fix 1 compiled M8 vs Fix 1 eager M8,320,320,320,320,320,320,320,320
GDN output activation FP8 quantization,33,Fix 1 compiled M8 vs Fix 1 compiled M1,320,320,320,320,320,320,320,320
GDN output activation FP8 quantization,33,Old compiled M8 vs old compiled M1,320,320,320,320,320,320,320,320
GDN output activation FP8 quantization,34,Final compiled M8 vs final eager M8,320,320,320,320,320,320,320,320
GDN output activation FP8 quantization,34,Fix 1 compiled M8 vs Fix 1 eager M8,320,320,320,320,320,320,320,320
GDN output activation FP8 quantization,34,Fix 1 compiled M8 vs Fix 1 compiled M1,320,320,320,320,320,320,320,320
GDN output activation FP8 quantization,34,Old compiled M8 vs old compiled M1,320,320,320,320,320,320,320,320
GDN output activation FP8 quantization,36,Final compiled M8 vs final eager M8,320,320,320,320,320,320,320,320
GDN output activation FP8 quantization,36,Fix 1 compiled M8 vs Fix 1 eager M8,320,320,320,320,320,320,320,320
GDN output activation FP8 quantization,36,Fix 1 compiled M8 vs Fix 1 compiled M1,320,320,320,320,320,320,320,320
GDN output activation FP8 quantization,36,Old compiled M8 vs old compiled M1,320,320,320,320,320,320,320,320
GDN output activation FP8 quantization,37,Final compiled M8 vs final eager M8,320,320,320,320,320,320,320,320
GDN output activation FP8 quantization,37,Fix 1 compiled M8 vs Fix 1 eager M8,320,320,320,320,320,320,320,320
GDN output activation FP8 quantization,37,Fix 1 compiled M8 vs Fix 1 compiled M1,320,320,320,320,320,320,320,320
GDN output activation FP8 quantization,37,Old compiled M8 vs old compiled M1,320,320,320,320,320,320,320,320
GDN output activation FP8 quantization,38,Final compiled M8 vs final eager M8,320,320,320,320,320,320,320,320
GDN output activation FP8 quantization,38,Fix 1 compiled M8 vs Fix 1 eager M8,320,320,320,320,320,320,320,320
GDN output activation FP8 quantization,38,Fix 1 compiled M8 vs Fix 1 compiled M1,320,320,320,320,320,320,320,320
GDN output activation FP8 quantization,38,Old compiled M8 vs old compiled M1,320,320,320,320,320,320,320,320
GDN output activation FP8 quantization,4,Final compiled M8 vs final eager M8,320,320,320,320,320,320,320,320
GDN output activation FP8 quantization,4,Fix 1 compiled M8 vs Fix 1 eager M8,320,320,320,320,320,320,320,320
GDN output activation FP8 quantization,4,Fix 1 compiled M8 vs Fix 1 compiled M1,320,320,320,320,320,320,320,320
GDN output activation FP8 quantization,4,Old compiled M8 vs old compiled M1,320,320,320,320,320,320,320,320
GDN output activation FP8 quantization,40,Final compiled M8 vs final eager M8,320,320,320,320,320,320,320,320
GDN output activation FP8 quantization,40,Fix 1 compiled M8 vs Fix 1 eager M8,320,320,320,320,320,320,320,320
GDN output activation FP8 quantization,40,Fix 1 compiled M8 vs Fix 1 compiled M1,320,320,320,320,320,320,320,320
GDN output activation FP8 quantization,40,Old compiled M8 vs old compiled M1,320,320,320,320,320,320,320,320
GDN output activation FP8 quantization,41,Final compiled M8 vs final eager M8,320,320,320,320,320,320,320,320
GDN output activation FP8 quantization,41,Fix 1 compiled M8 vs Fix 1 eager M8,320,320,320,320,320,320,320,320
GDN output activation FP8 quantization,41,Fix 1 compiled M8 vs Fix 1 compiled M1,320,320,320,320,320,320,320,320
GDN output activation FP8 quantization,41,Old compiled M8 vs old compiled M1,320,320,320,320,320,320,320,320
GDN output activation FP8 quantization,42,Final compiled M8 vs final eager M8,320,320,320,320,320,320,320,320
GDN output activation FP8 quantization,42,Fix 1 compiled M8 vs Fix 1 eager M8,320,320,320,320,320,320,320,320
GDN output activation FP8 quantization,42,Fix 1 compiled M8 vs Fix 1 compiled M1,320,320,320,320,320,320,320,320
GDN output activation FP8 quantization,42,Old compiled M8 vs old compiled M1,320,320,320,320,320,320,320,320
GDN output activation FP8 quantization,44,Final compiled M8 vs final eager M8,320,320,320,320,320,320,320,320
GDN output activation FP8 quantization,44,Fix 1 compiled M8 vs Fix 1 eager M8,320,320,320,320,320,320,320,320
GDN output activation FP8 quantization,44,Fix 1 compiled M8 vs Fix 1 compiled M1,320,320,320,320,320,320,320,320
GDN output activation FP8 quantization,44,Old compiled M8 vs old compiled M1,320,320,320,320,320,320,320,320
GDN output activation FP8 quantization,45,Final compiled M8 vs final eager M8,320,320,320,320,320,320,320,320
GDN output activation FP8 quantization,45,Fix 1 compiled M8 vs Fix 1 eager M8,320,320,320,320,320,320,320,320
GDN output activation FP8 quantization,45,Fix 1 compiled M8 vs Fix 1 compiled M1,320,320,320,320,320,320,320,320
GDN output activation FP8 quantization,45,Old compiled M8 vs old compiled M1,320,320,320,320,320,320,320,320
GDN output activation FP8 quantization,46,Final compiled M8 vs final eager M8,320,320,320,320,320,320,320,320
GDN output activation FP8 quantization,46,Fix 1 compiled M8 vs Fix 1 eager M8,320,320,320,320,320,320,320,320
GDN output activation FP8 quantization,46,Fix 1 compiled M8 vs Fix 1 compiled M1,320,320,320,320,320,320,320,320
GDN output activation FP8 quantization,46,Old compiled M8 vs old compiled M1,320,320,320,320,320,320,320,320
GDN output activation FP8 quantization,48,Final compiled M8 vs final eager M8,320,320,320,320,320,320,320,320
GDN output activation FP8 quantization,48,Fix 1 compiled M8 vs Fix 1 eager M8,320,320,320,320,320,320,320,320
GDN output activation FP8 quantization,48,Fix 1 compiled M8 vs Fix 1 compiled M1,320,320,320,320,320,320,320,320
GDN output activation FP8 quantization,48,Old compiled M8 vs old compiled M1,320,320,320,320,320,320,320,320
GDN output activation FP8 quantization,49,Final compiled M8 vs final eager M8,320,320,320,320,320,320,320,320
GDN output activation FP8 quantization,49,Fix 1 compiled M8 vs Fix 1 eager M8,320,320,320,320,320,320,320,320
GDN output activation FP8 quantization,49,Fix 1 compiled M8 vs Fix 1 compiled M1,320,320,320,320,320,320,320,320
GDN output activation FP8 quantization,49,Old compiled M8 vs old compiled M1,320,320,320,320,320,320,320,320
GDN output activation FP8 quantization,5,Final compiled M8 vs final eager M8,320,320,320,320,320,320,320,320
GDN output activation FP8 quantization,5,Fix 1 compiled M8 vs Fix 1 eager M8,320,320,320,320,320,320,320,320
GDN output activation FP8 quantization,5,Fix 1 compiled M8 vs Fix 1 compiled M1,320,320,320,320,320,320,320,320
GDN output activation FP8 quantization,5,Old compiled M8 vs old compiled M1,320,320,320,320,320,320,320,320
GDN output activation FP8 quantization,50,Final compiled M8 vs final eager M8,320,320,320,320,320,320,320,320
GDN output activation FP8 quantization,50,Fix 1 compiled M8 vs Fix 1 eager M8,320,320,320,320,320,320,320,320
GDN output activation FP8 quantization,50,Fix 1 compiled M8 vs Fix 1 compiled M1,320,320,320,320,320,320,320,320
GDN output activation FP8 quantization,50,Old compiled M8 vs old compiled M1,320,320,320,320,320,320,320,320
GDN output activation FP8 quantization,52,Final compiled M8 vs final eager M8,320,320,320,320,320,320,320,320
GDN output activation FP8 quantization,52,Fix 1 compiled M8 vs Fix 1 eager M8,320,320,320,320,320,320,320,320
GDN output activation FP8 quantization,52,Fix 1 compiled M8 vs Fix 1 compiled M1,320,320,320,320,320,320,320,320
GDN output activation FP8 quantization,52,Old compiled M8 vs old compiled M1,320,320,320,320,320,320,320,320
GDN output activation FP8 quantization,53,Final compiled M8 vs final eager M8,320,320,320,320,320,320,320,320
GDN output activation FP8 quantization,53,Fix 1 compiled M8 vs Fix 1 eager M8,320,320,320,320,320,320,320,320
GDN output activation FP8 quantization,53,Fix 1 compiled M8 vs Fix 1 compiled M1,320,320,320,320,320,320,320,320
GDN output activation FP8 quantization,53,Old compiled M8 vs old compiled M1,320,320,320,320,320,320,320,320
GDN output activation FP8 quantization,54,Final compiled M8 vs final eager M8,320,320,320,320,320,320,320,320
GDN output activation FP8 quantization,54,Fix 1 compiled M8 vs Fix 1 eager M8,320,320,320,320,320,320,320,320
GDN output activation FP8 quantization,54,Fix 1 compiled M8 vs Fix 1 compiled M1,320,320,320,320,320,320,320,320
GDN output activation FP8 quantization,54,Old compiled M8 vs old compiled M1,320,320,320,320,320,320,320,320
GDN output activation FP8 quantization,56,Final compiled M8 vs final eager M8,320,320,320,320,320,320,320,320
GDN output activation FP8 quantization,56,Fix 1 compiled M8 vs Fix 1 eager M8,320,320,320,320,320,320,320,320
GDN output activation FP8 quantization,56,Fix 1 compiled M8 vs Fix 1 compiled M1,320,320,320,320,320,320,320,320
GDN output activation FP8 quantization,56,Old compiled M8 vs old compiled M1,320,320,320,320,320,320,320,320
GDN output activation FP8 quantization,57,Final compiled M8 vs final eager M8,320,320,320,320,320,320,320,320
GDN output activation FP8 quantization,57,Fix 1 compiled M8 vs Fix 1 eager M8,320,320,320,320,320,320,320,320
GDN output activation FP8 quantization,57,Fix 1 compiled M8 vs Fix 1 compiled M1,320,320,320,320,320,320,320,320
GDN output activation FP8 quantization,57,Old compiled M8 vs old compiled M1,320,320,320,320,320,320,320,320
GDN output activation FP8 quantization,58,Final compiled M8 vs final eager M8,320,320,320,320,320,320,320,320
GDN output activation FP8 quantization,58,Fix 1 compiled M8 vs Fix 1 eager M8,320,320,320,320,320,320,320,320
GDN output activation FP8 quantization,58,Fix 1 compiled M8 vs Fix 1 compiled M1,320,320,320,320,320,320,320,320
GDN output activation FP8 quantization,58,Old compiled M8 vs old compiled M1,320,320,320,320,320,320,320,320
GDN output activation FP8 quantization,6,Final compiled M8 vs final eager M8,320,320,320,320,320,320,320,320
GDN output activation FP8 quantization,6,Fix 1 compiled M8 vs Fix 1 eager M8,320,320,320,320,320,320,320,320
GDN output activation FP8 quantization,6,Fix 1 compiled M8 vs Fix 1 compiled M1,320,320,320,320,320,320,320,320
GDN output activation FP8 quantization,6,Old compiled M8 vs old compiled M1,320,320,320,320,320,320,320,320
GDN output activation FP8 quantization,60,Final compiled M8 vs final eager M8,320,320,320,320,320,320,320,320
GDN output activation FP8 quantization,60,Fix 1 compiled M8 vs Fix 1 eager M8,320,320,320,320,320,320,320,320
GDN output activation FP8 quantization,60,Fix 1 compiled M8 vs Fix 1 compiled M1,320,320,320,320,320,320,320,320
GDN output activation FP8 quantization,60,Old compiled M8 vs old compiled M1,320,320,320,320,320,320,320,320
GDN output activation FP8 quantization,61,Final compiled M8 vs final eager M8,320,320,320,320,320,320,320,320
GDN output activation FP8 quantization,61,Fix 1 compiled M8 vs Fix 1 eager M8,320,320,320,320,320,320,320,320
GDN output activation FP8 quantization,61,Fix 1 compiled M8 vs Fix 1 compiled M1,320,320,320,320,320,320,320,320
GDN output activation FP8 quantization,61,Old compiled M8 vs old compiled M1,320,320,320,320,320,320,320,320
GDN output activation FP8 quantization,62,Final compiled M8 vs final eager M8,320,320,320,320,320,320,320,320
GDN output activation FP8 quantization,62,Fix 1 compiled M8 vs Fix 1 eager M8,320,320,320,320,320,320,320,320
GDN output activation FP8 quantization,62,Fix 1 compiled M8 vs Fix 1 compiled M1,320,320,320,320,320,320,320,320
GDN output activation FP8 quantization,62,Old compiled M8 vs old compiled M1,320,320,320,320,320,320,320,320
GDN output activation FP8 quantization,8,Final compiled M8 vs final eager M8,320,320,320,320,320,320,320,320
GDN output activation FP8 quantization,8,Fix 1 compiled M8 vs Fix 1 eager M8,320,320,320,320,320,320,320,320
GDN output activation FP8 quantization,8,Fix 1 compiled M8 vs Fix 1 compiled M1,320,320,320,320,320,320,320,320
GDN output activation FP8 quantization,8,Old compiled M8 vs old compiled M1,320,320,320,320,320,320,320,320
GDN output activation FP8 quantization,9,Final compiled M8 vs final eager M8,320,320,320,320,320,320,320,320
GDN output activation FP8 quantization,9,Fix 1 compiled M8 vs Fix 1 eager M8,320,320,320,320,320,320,320,320
GDN output activation FP8 quantization,9,Fix 1 compiled M8 vs Fix 1 compiled M1,320,320,320,320,320,320,320,320
GDN output activation FP8 quantization,9,Old compiled M8 vs old compiled M1,320,320,320,320,320,320,320,320
GDN output gated normalization,0,Final compiled M8 vs final eager M8,320,320,320,320,320,320,320,320
GDN output gated normalization,0,Fix 1 compiled M8 vs Fix 1 eager M8,320,320,320,320,320,320,320,320
GDN output gated normalization,0,Fix 1 compiled M8 vs Fix 1 compiled M1,320,320,320,320,320,320,320,320
GDN output gated normalization,0,Old compiled M8 vs old compiled M1,320,320,320,320,320,320,320,320
GDN output gated normalization,1,Final compiled M8 vs final eager M8,320,320,320,320,320,320,320,320
GDN output gated normalization,1,Fix 1 compiled M8 vs Fix 1 eager M8,320,320,320,320,320,320,320,320
GDN output gated normalization,1,Fix 1 compiled M8 vs Fix 1 compiled M1,320,320,320,320,320,320,320,320
GDN output gated normalization,1,Old compiled M8 vs old compiled M1,320,320,320,320,320,320,320,320
GDN output gated normalization,10,Final compiled M8 vs final eager M8,320,320,320,320,320,320,320,320
GDN output gated normalization,10,Fix 1 compiled M8 vs Fix 1 eager M8,320,320,320,320,320,320,320,320
GDN output gated normalization,10,Fix 1 compiled M8 vs Fix 1 compiled M1,320,320,320,320,320,320,320,320
GDN output gated normalization,10,Old compiled M8 vs old compiled M1,320,320,320,320,320,320,320,320
GDN output gated normalization,12,Final compiled M8 vs final eager M8,320,320,320,320,320,320,320,320
GDN output gated normalization,12,Fix 1 compiled M8 vs Fix 1 eager M8,320,320,320,320,320,320,320,320
GDN output gated normalization,12,Fix 1 compiled M8 vs Fix 1 compiled M1,320,320,320,320,320,320,320,320
GDN output gated normalization,12,Old compiled M8 vs old compiled M1,320,320,320,320,320,320,320,320
GDN output gated normalization,13,Final compiled M8 vs final eager M8,320,320,320,320,320,320,320,320
GDN output gated normalization,13,Fix 1 compiled M8 vs Fix 1 eager M8,320,320,320,320,320,320,320,320
GDN output gated normalization,13,Fix 1 compiled M8 vs Fix 1 compiled M1,320,320,320,320,320,320,320,320
GDN output gated normalization,13,Old compiled M8 vs old compiled M1,320,320,320,320,320,320,320,320
GDN output gated normalization,14,Final compiled M8 vs final eager M8,320,320,320,320,320,320,320,320
GDN output gated normalization,14,Fix 1 compiled M8 vs Fix 1 eager M8,320,320,320,320,320,320,320,320
GDN output gated normalization,14,Fix 1 compiled M8 vs Fix 1 compiled M1,320,320,320,320,320,320,320,320
GDN output gated normalization,14,Old compiled M8 vs old compiled M1,320,320,320,320,320,320,320,320
GDN output gated normalization,16,Final compiled M8 vs final eager M8,320,320,320,320,320,320,320,320
GDN output gated normalization,16,Fix 1 compiled M8 vs Fix 1 eager M8,320,320,320,320,320,320,320,320
GDN output gated normalization,16,Fix 1 compiled M8 vs Fix 1 compiled M1,320,320,320,320,320,320,320,320
GDN output gated normalization,16,Old compiled M8 vs old compiled M1,320,320,320,320,320,320,320,320
GDN output gated normalization,17,Final compiled M8 vs final eager M8,320,320,320,320,320,320,320,320
GDN output gated normalization,17,Fix 1 compiled M8 vs Fix 1 eager M8,320,320,320,320,320,320,320,320
GDN output gated normalization,17,Fix 1 compiled M8 vs Fix 1 compiled M1,320,320,320,320,320,320,320,320
GDN output gated normalization,17,Old compiled M8 vs old compiled M1,320,320,320,320,320,320,320,320
GDN output gated normalization,18,Final compiled M8 vs final eager M8,320,320,320,320,320,320,320,320
GDN output gated normalization,18,Fix 1 compiled M8 vs Fix 1 eager M8,320,320,320,320,320,320,320,320
GDN output gated normalization,18,Fix 1 compiled M8 vs Fix 1 compiled M1,320,320,320,320,320,320,320,320
GDN output gated normalization,18,Old compiled M8 vs old compiled M1,320,320,320,320,320,320,320,320
GDN output gated normalization,2,Final compiled M8 vs final eager M8,320,320,320,320,320,320,320,320
GDN output gated normalization,2,Fix 1 compiled M8 vs Fix 1 eager M8,320,320,320,320,320,320,320,320
GDN output gated normalization,2,Fix 1 compiled M8 vs Fix 1 compiled M1,320,320,320,320,320,320,320,320
GDN output gated normalization,2,Old compiled M8 vs old compiled M1,320,320,320,320,320,320,320,320
GDN output gated normalization,20,Final compiled M8 vs final eager M8,320,320,320,320,320,320,320,320
GDN output gated normalization,20,Fix 1 compiled M8 vs Fix 1 eager M8,320,320,320,320,320,320,320,320
GDN output gated normalization,20,Fix 1 compiled M8 vs Fix 1 compiled M1,320,320,320,320,320,320,320,320
GDN output gated normalization,20,Old compiled M8 vs old compiled M1,320,320,320,320,320,320,320,320
GDN output gated normalization,21,Final compiled M8 vs final eager M8,320,320,320,320,320,320,320,320
GDN output gated normalization,21,Fix 1 compiled M8 vs Fix 1 eager M8,320,320,320,320,320,320,320,320
GDN output gated normalization,21,Fix 1 compiled M8 vs Fix 1 compiled M1,320,320,320,320,320,320,320,320
GDN output gated normalization,21,Old compiled M8 vs old compiled M1,320,320,320,320,320,320,320,320
GDN output gated normalization,22,Final compiled M8 vs final eager M8,320,320,320,320,320,320,320,320
GDN output gated normalization,22,Fix 1 compiled M8 vs Fix 1 eager M8,320,320,320,320,320,320,320,320
GDN output gated normalization,22,Fix 1 compiled M8 vs Fix 1 compiled M1,320,320,320,320,320,320,320,320
GDN output gated normalization,22,Old compiled M8 vs old compiled M1,320,320,320,320,320,320,320,320
GDN output gated normalization,24,Final compiled M8 vs final eager M8,320,320,320,320,320,320,320,320
GDN output gated normalization,24,Fix 1 compiled M8 vs Fix 1 eager M8,320,320,320,320,320,320,320,320
GDN output gated normalization,24,Fix 1 compiled M8 vs Fix 1 compiled M1,320,320,320,320,320,320,320,320
GDN output gated normalization,24,Old compiled M8 vs old compiled M1,320,320,320,320,320,320,320,320
GDN output gated normalization,25,Final compiled M8 vs final eager M8,320,320,320,320,320,320,320,320
GDN output gated normalization,25,Fix 1 compiled M8 vs Fix 1 eager M8,320,320,320,320,320,320,320,320
GDN output gated normalization,25,Fix 1 compiled M8 vs Fix 1 compiled M1,320,320,320,320,320,320,320,320
GDN output gated normalization,25,Old compiled M8 vs old compiled M1,320,320,320,320,320,320,320,320
GDN output gated normalization,26,Final compiled M8 vs final eager M8,320,320,320,320,320,320,320,320
GDN output gated normalization,26,Fix 1 compiled M8 vs Fix 1 eager M8,320,320,320,320,320,320,320,320
GDN output gated normalization,26,Fix 1 compiled M8 vs Fix 1 compiled M1,320,320,320,320,320,320,320,320
GDN output gated normalization,26,Old compiled M8 vs old compiled M1,320,320,320,320,320,320,320,320
GDN output gated normalization,28,Final compiled M8 vs final eager M8,320,320,320,320,320,320,320,320
GDN output gated normalization,28,Fix 1 compiled M8 vs Fix 1 eager M8,320,320,320,320,320,320,320,320
GDN output gated normalization,28,Fix 1 compiled M8 vs Fix 1 compiled M1,320,320,320,320,320,320,320,320
GDN output gated normalization,28,Old compiled M8 vs old compiled M1,320,320,320,320,320,320,320,320
GDN output gated normalization,29,Final compiled M8 vs final eager M8,320,320,320,320,320,320,320,320
GDN output gated normalization,29,Fix 1 compiled M8 vs Fix 1 eager M8,320,320,320,320,320,320,320,320
GDN output gated normalization,29,Fix 1 compiled M8 vs Fix 1 compiled M1,320,320,320,320,320,320,320,320
GDN output gated normalization,29,Old compiled M8 vs old compiled M1,320,320,320,320,320,320,320,320
GDN output gated normalization,30,Final compiled M8 vs final eager M8,320,320,320,320,320,320,320,320
GDN output gated normalization,30,Fix 1 compiled M8 vs Fix 1 eager M8,320,320,320,320,320,320,320,320
GDN output gated normalization,30,Fix 1 compiled M8 vs Fix 1 compiled M1,320,320,320,320,320,320,320,320
GDN output gated normalization,30,Old compiled M8 vs old compiled M1,320,320,320,320,320,320,320,320
GDN output gated normalization,32,Final compiled M8 vs final eager M8,320,320,320,320,320,320,320,320
GDN output gated normalization,32,Fix 1 compiled M8 vs Fix 1 eager M8,320,320,320,320,320,320,320,320
GDN output gated normalization,32,Fix 1 compiled M8 vs Fix 1 compiled M1,320,320,320,320,320,320,320,320
GDN output gated normalization,32,Old compiled M8 vs old compiled M1,320,320,320,320,320,320,320,320
GDN output gated normalization,33,Final compiled M8 vs final eager M8,320,320,320,320,320,320,320,320
GDN output gated normalization,33,Fix 1 compiled M8 vs Fix 1 eager M8,320,320,320,320,320,320,320,320
GDN output gated normalization,33,Fix 1 compiled M8 vs Fix 1 compiled M1,320,320,320,320,320,320,320,320
GDN output gated normalization,33,Old compiled M8 vs old compiled M1,320,320,320,320,320,320,320,320
GDN output gated normalization,34,Final compiled M8 vs final eager M8,320,320,320,320,320,320,320,320
GDN output gated normalization,34,Fix 1 compiled M8 vs Fix 1 eager M8,320,320,320,320,320,320,320,320
GDN output gated normalization,34,Fix 1 compiled M8 vs Fix 1 compiled M1,320,320,320,320,320,320,320,320
GDN output gated normalization,34,Old compiled M8 vs old compiled M1,320,320,320,320,320,320,320,320
GDN output gated normalization,36,Final compiled M8 vs final eager M8,320,320,320,320,320,320,320,320
GDN output gated normalization,36,Fix 1 compiled M8 vs Fix 1 eager M8,320,320,320,320,320,320,320,320
GDN output gated normalization,36,Fix 1 compiled M8 vs Fix 1 compiled M1,320,320,320,320,320,320,320,320
GDN output gated normalization,36,Old compiled M8 vs old compiled M1,320,320,320,320,320,320,320,320
GDN output gated normalization,37,Final compiled M8 vs final eager M8,320,320,320,320,320,320,320,320
GDN output gated normalization,37,Fix 1 compiled M8 vs Fix 1 eager M8,320,320,320,320,320,320,320,320
GDN output gated normalization,37,Fix 1 compiled M8 vs Fix 1 compiled M1,320,320,320,320,320,320,320,320
GDN output gated normalization,37,Old compiled M8 vs old compiled M1,320,320,320,320,320,320,320,320
GDN output gated normalization,38,Final compiled M8 vs final eager M8,320,320,320,320,320,320,320,320
GDN output gated normalization,38,Fix 1 compiled M8 vs Fix 1 eager M8,320,320,320,320,320,320,320,320
GDN output gated normalization,38,Fix 1 compiled M8 vs Fix 1 compiled M1,320,320,320,320,320,320,320,320
GDN output gated normalization,38,Old compiled M8 vs old compiled M1,320,320,320,320,320,320,320,320
GDN output gated normalization,4,Final compiled M8 vs final eager M8,320,320,320,320,320,320,320,320
GDN output gated normalization,4,Fix 1 compiled M8 vs Fix 1 eager M8,320,320,320,320,320,320,320,320
GDN output gated normalization,4,Fix 1 compiled M8 vs Fix 1 compiled M1,320,320,320,320,320,320,320,320
GDN output gated normalization,4,Old compiled M8 vs old compiled M1,320,320,320,320,320,320,320,320
GDN output gated normalization,40,Final compiled M8 vs final eager M8,320,320,320,320,320,320,320,320
GDN output gated normalization,40,Fix 1 compiled M8 vs Fix 1 eager M8,320,320,320,320,320,320,320,320
GDN output gated normalization,40,Fix 1 compiled M8 vs Fix 1 compiled M1,320,320,320,320,320,320,320,320
GDN output gated normalization,40,Old compiled M8 vs old compiled M1,320,320,320,320,320,320,320,320
GDN output gated normalization,41,Final compiled M8 vs final eager M8,320,320,320,320,320,320,320,320
GDN output gated normalization,41,Fix 1 compiled M8 vs Fix 1 eager M8,320,320,320,320,320,320,320,320
GDN output gated normalization,41,Fix 1 compiled M8 vs Fix 1 compiled M1,320,320,320,320,320,320,320,320
GDN output gated normalization,41,Old compiled M8 vs old compiled M1,320,320,320,320,320,320,320,320
GDN output gated normalization,42,Final compiled M8 vs final eager M8,320,320,320,320,320,320,320,320
GDN output gated normalization,42,Fix 1 compiled M8 vs Fix 1 eager M8,320,320,320,320,320,320,320,320
GDN output gated normalization,42,Fix 1 compiled M8 vs Fix 1 compiled M1,320,320,320,320,320,320,320,320
GDN output gated normalization,42,Old compiled M8 vs old compiled M1,320,320,320,320,320,320,320,320
GDN output gated normalization,44,Final compiled M8 vs final eager M8,320,320,320,320,320,320,320,320
GDN output gated normalization,44,Fix 1 compiled M8 vs Fix 1 eager M8,320,320,320,320,320,320,320,320
GDN output gated normalization,44,Fix 1 compiled M8 vs Fix 1 compiled M1,320,320,320,320,320,320,320,320
GDN output gated normalization,44,Old compiled M8 vs old compiled M1,320,320,320,320,320,320,320,320
GDN output gated normalization,45,Final compiled M8 vs final eager M8,320,320,320,320,320,320,320,320
GDN output gated normalization,45,Fix 1 compiled M8 vs Fix 1 eager M8,320,320,320,320,320,320,320,320
GDN output gated normalization,45,Fix 1 compiled M8 vs Fix 1 compiled M1,320,320,320,320,320,320,320,320
GDN output gated normalization,45,Old compiled M8 vs old compiled M1,320,320,320,320,320,320,320,320
GDN output gated normalization,46,Final compiled M8 vs final eager M8,320,320,320,320,320,320,320,320
GDN output gated normalization,46,Fix 1 compiled M8 vs Fix 1 eager M8,320,320,320,320,320,320,320,320
GDN output gated normalization,46,Fix 1 compiled M8 vs Fix 1 compiled M1,320,320,320,320,320,320,320,320
GDN output gated normalization,46,Old compiled M8 vs old compiled M1,320,320,320,320,320,320,320,320
GDN output gated normalization,48,Final compiled M8 vs final eager M8,320,320,320,320,320,320,320,320
GDN output gated normalization,48,Fix 1 compiled M8 vs Fix 1 eager M8,320,320,320,320,320,320,320,320
GDN output gated normalization,48,Fix 1 compiled M8 vs Fix 1 compiled M1,320,320,320,320,320,320,320,320
GDN output gated normalization,48,Old compiled M8 vs old compiled M1,320,320,320,320,320,320,320,320
GDN output gated normalization,49,Final compiled M8 vs final eager M8,320,320,320,320,320,320,320,320
GDN output gated normalization,49,Fix 1 compiled M8 vs Fix 1 eager M8,320,320,320,320,320,320,320,320
GDN output gated normalization,49,Fix 1 compiled M8 vs Fix 1 compiled M1,320,320,320,320,320,320,320,320
GDN output gated normalization,49,Old compiled M8 vs old compiled M1,320,320,320,320,320,320,320,320
GDN output gated normalization,5,Final compiled M8 vs final eager M8,320,320,320,320,320,320,320,320
GDN output gated normalization,5,Fix 1 compiled M8 vs Fix 1 eager M8,320,320,320,320,320,320,320,320
GDN output gated normalization,5,Fix 1 compiled M8 vs Fix 1 compiled M1,320,320,320,320,320,320,320,320
GDN output gated normalization,5,Old compiled M8 vs old compiled M1,320,320,320,320,320,320,320,320
GDN output gated normalization,50,Final compiled M8 vs final eager M8,320,320,320,320,320,320,320,320
GDN output gated normalization,50,Fix 1 compiled M8 vs Fix 1 eager M8,320,320,320,320,320,320,320,320
GDN output gated normalization,50,Fix 1 compiled M8 vs Fix 1 compiled M1,320,320,320,320,320,320,320,320
GDN output gated normalization,50,Old compiled M8 vs old compiled M1,320,320,320,320,320,320,320,320
GDN output gated normalization,52,Final compiled M8 vs final eager M8,320,320,320,320,320,320,320,320
GDN output gated normalization,52,Fix 1 compiled M8 vs Fix 1 eager M8,320,320,320,320,320,320,320,320
GDN output gated normalization,52,Fix 1 compiled M8 vs Fix 1 compiled M1,320,320,320,320,320,320,320,320
GDN output gated normalization,52,Old compiled M8 vs old compiled M1,320,320,320,320,320,320,320,320
GDN output gated normalization,53,Final compiled M8 vs final eager M8,320,320,320,320,320,320,320,320
GDN output gated normalization,53,Fix 1 compiled M8 vs Fix 1 eager M8,320,320,320,320,320,320,320,320
GDN output gated normalization,53,Fix 1 compiled M8 vs Fix 1 compiled M1,320,320,320,320,320,320,320,320
GDN output gated normalization,53,Old compiled M8 vs old compiled M1,320,320,320,320,320,320,320,320
GDN output gated normalization,54,Final compiled M8 vs final eager M8,320,320,320,320,320,320,320,320
GDN output gated normalization,54,Fix 1 compiled M8 vs Fix 1 eager M8,320,320,320,320,320,320,320,320
GDN output gated normalization,54,Fix 1 compiled M8 vs Fix 1 compiled M1,320,320,320,320,320,320,320,320
GDN output gated normalization,54,Old compiled M8 vs old compiled M1,320,320,320,320,320,320,320,320
GDN output gated normalization,56,Final compiled M8 vs final eager M8,320,320,320,320,320,320,320,320
GDN output gated normalization,56,Fix 1 compiled M8 vs Fix 1 eager M8,320,320,320,320,320,320,320,320
GDN output gated normalization,56,Fix 1 compiled M8 vs Fix 1 compiled M1,320,320,320,320,320,320,320,320
GDN output gated normalization,56,Old compiled M8 vs old compiled M1,320,320,320,320,320,320,320,320
GDN output gated normalization,57,Final compiled M8 vs final eager M8,320,320,320,320,320,320,320,320
GDN output gated normalization,57,Fix 1 compiled M8 vs Fix 1 eager M8,320,320,320,320,320,320,320,320
GDN output gated normalization,57,Fix 1 compiled M8 vs Fix 1 compiled M1,320,320,320,320,320,320,320,320
GDN output gated normalization,57,Old compiled M8 vs old compiled M1,320,320,320,320,320,320,320,320
GDN output gated normalization,58,Final compiled M8 vs final eager M8,320,320,320,320,320,320,320,320
GDN output gated normalization,58,Fix 1 compiled M8 vs Fix 1 eager M8,320,320,320,320,320,320,320,320
GDN output gated normalization,58,Fix 1 compiled M8 vs Fix 1 compiled M1,320,320,320,320,320,320,320,320
GDN output gated normalization,58,Old compiled M8 vs old compiled M1,320,320,320,320,320,320,320,320
GDN output gated normalization,6,Final compiled M8 vs final eager M8,320,320,320,320,320,320,320,320
GDN output gated normalization,6,Fix 1 compiled M8 vs Fix 1 eager M8,320,320,320,320,320,320,320,320
GDN output gated normalization,6,Fix 1 compiled M8 vs Fix 1 compiled M1,320,320,320,320,320,320,320,320
GDN output gated normalization,6,Old compiled M8 vs old compiled M1,320,320,320,320,320,320,320,320
GDN output gated normalization,60,Final compiled M8 vs final eager M8,320,320,320,320,320,320,320,320
GDN output gated normalization,60,Fix 1 compiled M8 vs Fix 1 eager M8,320,320,320,320,320,320,320,320
GDN output gated normalization,60,Fix 1 compiled M8 vs Fix 1 compiled M1,320,320,320,320,320,320,320,320
GDN output gated normalization,60,Old compiled M8 vs old compiled M1,320,320,320,320,320,320,320,320
GDN output gated normalization,61,Final compiled M8 vs final eager M8,320,320,320,320,320,320,320,320
GDN output gated normalization,61,Fix 1 compiled M8 vs Fix 1 eager M8,320,320,320,320,320,320,320,320
GDN output gated normalization,61,Fix 1 compiled M8 vs Fix 1 compiled M1,320,320,320,320,320,320,320,320
GDN output gated normalization,61,Old compiled M8 vs old compiled M1,320,320,320,320,320,320,320,320
GDN output gated normalization,62,Final compiled M8 vs final eager M8,320,320,320,320,320,320,320,320
GDN output gated normalization,62,Fix 1 compiled M8 vs Fix 1 eager M8,320,320,320,320,320,320,320,320
GDN output gated normalization,62,Fix 1 compiled M8 vs Fix 1 compiled M1,320,320,320,320,320,320,320,320
GDN output gated normalization,62,Old compiled M8 vs old compiled M1,320,320,320,320,320,320,320,320
GDN output gated normalization,8,Final compiled M8 vs final eager M8,320,320,320,320,320,320,320,320
GDN output gated normalization,8,Fix 1 compiled M8 vs Fix 1 eager M8,320,320,320,320,320,320,320,320
GDN output gated normalization,8,Fix 1 compiled M8 vs Fix 1 compiled M1,320,320,320,320,320,320,320,320
GDN output gated normalization,8,Old compiled M8 vs old compiled M1,320,320,320,320,320,320,320,320
GDN output gated normalization,9,Final compiled M8 vs final eager M8,320,320,320,320,320,320,320,320
GDN output gated normalization,9,Fix 1 compiled M8 vs Fix 1 eager M8,320,320,320,320,320,320,320,320
GDN output gated normalization,9,Fix 1 compiled M8 vs Fix 1 compiled M1,320,320,320,320,320,320,320,320
GDN output gated normalization,9,Old compiled M8 vs old compiled M1,320,320,320,320,320,320,320,320
GDN output projection,0,Final compiled M8 vs final eager M8,320,320,320,320,320,320,320,320
GDN output projection,0,Fix 1 compiled M8 vs Fix 1 eager M8,320,320,320,320,320,320,320,320
GDN output projection,0,Fix 1 compiled M8 vs Fix 1 compiled M1,320,320,320,320,320,320,320,320
GDN output projection,0,Old compiled M8 vs old compiled M1,320,320,320,320,320,320,320,320
GDN output projection,1,Final compiled M8 vs final eager M8,320,320,320,320,320,320,320,320
GDN output projection,1,Fix 1 compiled M8 vs Fix 1 eager M8,320,320,320,320,320,320,320,320
GDN output projection,1,Fix 1 compiled M8 vs Fix 1 compiled M1,320,320,320,320,320,320,320,320
GDN output projection,1,Old compiled M8 vs old compiled M1,320,320,320,320,320,320,320,320
GDN output projection,10,Final compiled M8 vs final eager M8,320,320,320,320,320,320,320,320
GDN output projection,10,Fix 1 compiled M8 vs Fix 1 eager M8,320,320,320,320,320,320,320,320
GDN output projection,10,Fix 1 compiled M8 vs Fix 1 compiled M1,320,320,320,320,320,320,320,320
GDN output projection,10,Old compiled M8 vs old compiled M1,320,320,320,320,320,320,320,320
GDN output projection,12,Final compiled M8 vs final eager M8,320,320,320,320,320,320,320,320
GDN output projection,12,Fix 1 compiled M8 vs Fix 1 eager M8,320,320,320,320,320,320,320,320
GDN output projection,12,Fix 1 compiled M8 vs Fix 1 compiled M1,320,320,320,320,320,320,320,320
GDN output projection,12,Old compiled M8 vs old compiled M1,320,320,320,320,320,320,320,320
GDN output projection,13,Final compiled M8 vs final eager M8,320,320,320,320,320,320,320,320
GDN output projection,13,Fix 1 compiled M8 vs Fix 1 eager M8,320,320,320,320,320,320,320,320
GDN output projection,13,Fix 1 compiled M8 vs Fix 1 compiled M1,320,320,320,320,320,320,320,320
GDN output projection,13,Old compiled M8 vs old compiled M1,320,320,320,320,320,320,320,320
GDN output projection,14,Final compiled M8 vs final eager M8,320,320,320,320,320,320,320,320
GDN output projection,14,Fix 1 compiled M8 vs Fix 1 eager M8,320,320,320,320,320,320,320,320
GDN output projection,14,Fix 1 compiled M8 vs Fix 1 compiled M1,320,320,320,320,320,320,320,320
GDN output projection,14,Old compiled M8 vs old compiled M1,320,320,320,320,320,320,320,320
GDN output projection,16,Final compiled M8 vs final eager M8,320,320,320,320,320,320,320,320
GDN output projection,16,Fix 1 compiled M8 vs Fix 1 eager M8,320,320,320,320,320,320,320,320
GDN output projection,16,Fix 1 compiled M8 vs Fix 1 compiled M1,320,320,320,320,320,320,320,320
GDN output projection,16,Old compiled M8 vs old compiled M1,320,320,320,320,320,320,320,320
GDN output projection,17,Final compiled M8 vs final eager M8,320,320,320,320,320,320,320,320
GDN output projection,17,Fix 1 compiled M8 vs Fix 1 eager M8,320,320,320,320,320,320,320,320
GDN output projection,17,Fix 1 compiled M8 vs Fix 1 compiled M1,320,320,320,320,320,320,320,320
GDN output projection,17,Old compiled M8 vs old compiled M1,320,320,320,320,320,320,320,320
GDN output projection,18,Final compiled M8 vs final eager M8,320,320,320,320,320,320,320,320
GDN output projection,18,Fix 1 compiled M8 vs Fix 1 eager M8,320,320,320,320,320,320,320,320
GDN output projection,18,Fix 1 compiled M8 vs Fix 1 compiled M1,320,320,320,320,320,320,320,320
GDN output projection,18,Old compiled M8 vs old compiled M1,320,320,320,320,320,320,320,320
GDN output projection,2,Final compiled M8 vs final eager M8,320,320,320,320,320,320,320,320
GDN output projection,2,Fix 1 compiled M8 vs Fix 1 eager M8,320,320,320,320,320,320,320,320
GDN output projection,2,Fix 1 compiled M8 vs Fix 1 compiled M1,320,320,320,320,320,320,320,320
GDN output projection,2,Old compiled M8 vs old compiled M1,320,320,320,320,320,320,320,320
GDN output projection,20,Final compiled M8 vs final eager M8,320,320,320,320,320,320,320,320
GDN output projection,20,Fix 1 compiled M8 vs Fix 1 eager M8,320,320,320,320,320,320,320,320
GDN output projection,20,Fix 1 compiled M8 vs Fix 1 compiled M1,320,320,320,320,320,320,320,320
GDN output projection,20,Old compiled M8 vs old compiled M1,320,320,320,320,320,320,320,320
GDN output projection,21,Final compiled M8 vs final eager M8,320,320,320,320,320,320,320,320
GDN output projection,21,Fix 1 compiled M8 vs Fix 1 eager M8,320,320,320,320,320,320,320,320
GDN output projection,21,Fix 1 compiled M8 vs Fix 1 compiled M1,320,320,320,320,320,320,320,320
GDN output projection,21,Old compiled M8 vs old compiled M1,320,320,320,320,320,320,320,320
GDN output projection,22,Final compiled M8 vs final eager M8,320,320,320,320,320,320,320,320
GDN output projection,22,Fix 1 compiled M8 vs Fix 1 eager M8,320,320,320,320,320,320,320,320
GDN output projection,22,Fix 1 compiled M8 vs Fix 1 compiled M1,320,320,320,320,320,320,320,320
GDN output projection,22,Old compiled M8 vs old compiled M1,320,320,320,320,320,320,320,320
GDN output projection,24,Final compiled M8 vs final eager M8,320,320,320,320,320,320,320,320
GDN output projection,24,Fix 1 compiled M8 vs Fix 1 eager M8,320,320,320,320,320,320,320,320
GDN output projection,24,Fix 1 compiled M8 vs Fix 1 compiled M1,320,320,320,320,320,320,320,320
GDN output projection,24,Old compiled M8 vs old compiled M1,320,320,320,320,320,320,320,320
GDN output projection,25,Final compiled M8 vs final eager M8,320,320,320,320,320,320,320,320
GDN output projection,25,Fix 1 compiled M8 vs Fix 1 eager M8,320,320,320,320,320,320,320,320
GDN output projection,25,Fix 1 compiled M8 vs Fix 1 compiled M1,320,320,320,320,320,320,320,320
GDN output projection,25,Old compiled M8 vs old compiled M1,320,320,320,320,320,320,320,320
GDN output projection,26,Final compiled M8 vs final eager M8,320,320,320,320,320,320,320,320
GDN output projection,26,Fix 1 compiled M8 vs Fix 1 eager M8,320,320,320,320,320,320,320,320
GDN output projection,26,Fix 1 compiled M8 vs Fix 1 compiled M1,320,320,320,320,320,320,320,320
GDN output projection,26,Old compiled M8 vs old compiled M1,320,320,320,320,320,320,320,320
GDN output projection,28,Final compiled M8 vs final eager M8,320,320,320,320,320,320,320,320
GDN output projection,28,Fix 1 compiled M8 vs Fix 1 eager M8,320,320,320,320,320,320,320,320
GDN output projection,28,Fix 1 compiled M8 vs Fix 1 compiled M1,320,320,320,320,320,320,320,320
GDN output projection,28,Old compiled M8 vs old compiled M1,320,320,320,320,320,320,320,320
GDN output projection,29,Final compiled M8 vs final eager M8,320,320,320,320,320,320,320,320
GDN output projection,29,Fix 1 compiled M8 vs Fix 1 eager M8,320,320,320,320,320,320,320,320
GDN output projection,29,Fix 1 compiled M8 vs Fix 1 compiled M1,320,320,320,320,320,320,320,320
GDN output projection,29,Old compiled M8 vs old compiled M1,320,320,320,320,320,320,320,320
GDN output projection,30,Final compiled M8 vs final eager M8,320,320,320,320,320,320,320,320
GDN output projection,30,Fix 1 compiled M8 vs Fix 1 eager M8,320,320,320,320,320,320,320,320
GDN output projection,30,Fix 1 compiled M8 vs Fix 1 compiled M1,320,320,320,320,320,320,320,320
GDN output projection,30,Old compiled M8 vs old compiled M1,320,320,320,320,320,320,320,320
GDN output projection,32,Final compiled M8 vs final eager M8,320,320,320,320,320,320,320,320
GDN output projection,32,Fix 1 compiled M8 vs Fix 1 eager M8,320,320,320,320,320,320,320,320
GDN output projection,32,Fix 1 compiled M8 vs Fix 1 compiled M1,320,320,320,320,320,320,320,320
GDN output projection,32,Old compiled M8 vs old compiled M1,320,320,320,320,320,320,320,320
GDN output projection,33,Final compiled M8 vs final eager M8,320,320,320,320,320,320,320,320
GDN output projection,33,Fix 1 compiled M8 vs Fix 1 eager M8,320,320,320,320,320,320,320,320
GDN output projection,33,Fix 1 compiled M8 vs Fix 1 compiled M1,320,320,320,320,320,320,320,320
GDN output projection,33,Old compiled M8 vs old compiled M1,320,320,320,320,320,320,320,320
GDN output projection,34,Final compiled M8 vs final eager M8,320,320,320,320,320,320,320,320
GDN output projection,34,Fix 1 compiled M8 vs Fix 1 eager M8,320,320,320,320,320,320,320,320
GDN output projection,34,Fix 1 compiled M8 vs Fix 1 compiled M1,320,320,320,320,320,320,320,320
GDN output projection,34,Old compiled M8 vs old compiled M1,320,320,320,320,320,320,320,320
GDN output projection,36,Final compiled M8 vs final eager M8,320,320,320,320,320,320,320,320
GDN output projection,36,Fix 1 compiled M8 vs Fix 1 eager M8,320,320,320,320,320,320,320,320
GDN output projection,36,Fix 1 compiled M8 vs Fix 1 compiled M1,320,320,320,320,320,320,320,320
GDN output projection,36,Old compiled M8 vs old compiled M1,320,320,320,320,320,320,320,320
GDN output projection,37,Final compiled M8 vs final eager M8,320,320,320,320,320,320,320,320
GDN output projection,37,Fix 1 compiled M8 vs Fix 1 eager M8,320,320,320,320,320,320,320,320
GDN output projection,37,Fix 1 compiled M8 vs Fix 1 compiled M1,320,320,320,320,320,320,320,320
GDN output projection,37,Old compiled M8 vs old compiled M1,320,320,320,320,320,320,320,320
GDN output projection,38,Final compiled M8 vs final eager M8,320,320,320,320,320,320,320,320
GDN output projection,38,Fix 1 compiled M8 vs Fix 1 eager M8,320,320,320,320,320,320,320,320
GDN output projection,38,Fix 1 compiled M8 vs Fix 1 compiled M1,320,320,320,320,320,320,320,320
GDN output projection,38,Old compiled M8 vs old compiled M1,320,320,320,320,320,320,320,320
GDN output projection,4,Final compiled M8 vs final eager M8,320,320,320,320,320,320,320,320
GDN output projection,4,Fix 1 compiled M8 vs Fix 1 eager M8,320,320,320,320,320,320,320,320
GDN output projection,4,Fix 1 compiled M8 vs Fix 1 compiled M1,320,320,320,320,320,320,320,320
GDN output projection,4,Old compiled M8 vs old compiled M1,320,320,320,320,320,320,320,320
GDN output projection,40,Final compiled M8 vs final eager M8,320,320,320,320,320,320,320,320
GDN output projection,40,Fix 1 compiled M8 vs Fix 1 eager M8,320,320,320,320,320,320,320,320
GDN output projection,40,Fix 1 compiled M8 vs Fix 1 compiled M1,320,320,320,320,320,320,320,320
GDN output projection,40,Old compiled M8 vs old compiled M1,320,320,320,320,320,320,320,320
GDN output projection,41,Final compiled M8 vs final eager M8,320,320,320,320,320,320,320,320
GDN output projection,41,Fix 1 compiled M8 vs Fix 1 eager M8,320,320,320,320,320,320,320,320
GDN output projection,41,Fix 1 compiled M8 vs Fix 1 compiled M1,320,320,320,320,320,320,320,320
GDN output projection,41,Old compiled M8 vs old compiled M1,320,320,320,320,320,320,320,320
GDN output projection,42,Final compiled M8 vs final eager M8,320,320,320,320,320,320,320,320
GDN output projection,42,Fix 1 compiled M8 vs Fix 1 eager M8,320,320,320,320,320,320,320,320
GDN output projection,42,Fix 1 compiled M8 vs Fix 1 compiled M1,320,320,320,320,320,320,320,320
GDN output projection,42,Old compiled M8 vs old compiled M1,320,320,320,320,320,320,320,320
GDN output projection,44,Final compiled M8 vs final eager M8,320,320,320,320,320,320,320,320
GDN output projection,44,Fix 1 compiled M8 vs Fix 1 eager M8,320,320,320,320,320,320,320,320
GDN output projection,44,Fix 1 compiled M8 vs Fix 1 compiled M1,320,320,320,320,320,320,320,320
GDN output projection,44,Old compiled M8 vs old compiled M1,320,320,320,320,320,320,320,320
GDN output projection,45,Final compiled M8 vs final eager M8,320,320,320,320,320,320,320,320
GDN output projection,45,Fix 1 compiled M8 vs Fix 1 eager M8,320,320,320,320,320,320,320,320
GDN output projection,45,Fix 1 compiled M8 vs Fix 1 compiled M1,320,320,320,320,320,320,320,320
GDN output projection,45,Old compiled M8 vs old compiled M1,320,320,320,320,320,320,320,320
GDN output projection,46,Final compiled M8 vs final eager M8,320,320,320,320,320,320,320,320
GDN output projection,46,Fix 1 compiled M8 vs Fix 1 eager M8,320,320,320,320,320,320,320,320
GDN output projection,46,Fix 1 compiled M8 vs Fix 1 compiled M1,320,320,320,320,320,320,320,320
GDN output projection,46,Old compiled M8 vs old compiled M1,320,320,320,320,320,320,320,320
GDN output projection,48,Final compiled M8 vs final eager M8,320,320,320,320,320,320,320,320
GDN output projection,48,Fix 1 compiled M8 vs Fix 1 eager M8,320,320,320,320,320,320,320,320
GDN output projection,48,Fix 1 compiled M8 vs Fix 1 compiled M1,320,320,320,320,320,320,320,320
GDN output projection,48,Old compiled M8 vs old compiled M1,320,320,320,320,320,320,320,320
GDN output projection,49,Final compiled M8 vs final eager M8,320,320,320,320,320,320,320,320
GDN output projection,49,Fix 1 compiled M8 vs Fix 1 eager M8,320,320,320,320,320,320,320,320
GDN output projection,49,Fix 1 compiled M8 vs Fix 1 compiled M1,320,320,320,320,320,320,320,320
GDN output projection,49,Old compiled M8 vs old compiled M1,320,320,320,320,320,320,320,320
GDN output projection,5,Final compiled M8 vs final eager M8,320,320,320,320,320,320,320,320
GDN output projection,5,Fix 1 compiled M8 vs Fix 1 eager M8,320,320,320,320,320,320,320,320
GDN output projection,5,Fix 1 compiled M8 vs Fix 1 compiled M1,320,320,320,320,320,320,320,320
GDN output projection,5,Old compiled M8 vs old compiled M1,320,320,320,320,320,320,320,320
GDN output projection,50,Final compiled M8 vs final eager M8,320,320,320,320,320,320,320,320
GDN output projection,50,Fix 1 compiled M8 vs Fix 1 eager M8,320,320,320,320,320,320,320,320
GDN output projection,50,Fix 1 compiled M8 vs Fix 1 compiled M1,320,320,320,320,320,320,320,320
GDN output projection,50,Old compiled M8 vs old compiled M1,320,320,320,320,320,320,320,320
GDN output projection,52,Final compiled M8 vs final eager M8,320,320,320,320,320,320,320,320
GDN output projection,52,Fix 1 compiled M8 vs Fix 1 eager M8,320,320,320,320,320,320,320,320
GDN output projection,52,Fix 1 compiled M8 vs Fix 1 compiled M1,320,320,320,320,320,320,320,320
GDN output projection,52,Old compiled M8 vs old compiled M1,320,320,320,320,320,320,320,320
GDN output projection,53,Final compiled M8 vs final eager M8,320,320,320,320,320,320,320,320
GDN output projection,53,Fix 1 compiled M8 vs Fix 1 eager M8,320,320,320,320,320,320,320,320
GDN output projection,53,Fix 1 compiled M8 vs Fix 1 compiled M1,320,320,320,320,320,320,320,320
GDN output projection,53,Old compiled M8 vs old compiled M1,320,320,320,320,320,320,320,320
GDN output projection,54,Final compiled M8 vs final eager M8,320,320,320,320,320,320,320,320
GDN output projection,54,Fix 1 compiled M8 vs Fix 1 eager M8,320,320,320,320,320,320,320,320
GDN output projection,54,Fix 1 compiled M8 vs Fix 1 compiled M1,320,320,320,320,320,320,320,320
GDN output projection,54,Old compiled M8 vs old compiled M1,320,320,320,320,320,320,320,320
GDN output projection,56,Final compiled M8 vs final eager M8,320,320,320,320,320,320,320,320
GDN output projection,56,Fix 1 compiled M8 vs Fix 1 eager M8,320,320,320,320,320,320,320,320
GDN output projection,56,Fix 1 compiled M8 vs Fix 1 compiled M1,320,320,320,320,320,320,320,320
GDN output projection,56,Old compiled M8 vs old compiled M1,320,320,320,320,320,320,320,320
GDN output projection,57,Final compiled M8 vs final eager M8,320,320,320,320,320,320,320,320
GDN output projection,57,Fix 1 compiled M8 vs Fix 1 eager M8,320,320,320,320,320,320,320,320
GDN output projection,57,Fix 1 compiled M8 vs Fix 1 compiled M1,320,320,320,320,320,320,320,320
GDN output projection,57,Old compiled M8 vs old compiled M1,320,320,320,320,320,320,320,320
GDN output projection,58,Final compiled M8 vs final eager M8,320,320,320,320,320,320,320,320
GDN output projection,58,Fix 1 compiled M8 vs Fix 1 eager M8,320,320,320,320,320,320,320,320
GDN output projection,58,Fix 1 compiled M8 vs Fix 1 compiled M1,320,320,320,320,320,320,320,320
GDN output projection,58,Old compiled M8 vs old compiled M1,320,320,320,320,320,320,320,320
GDN output projection,6,Final compiled M8 vs final eager M8,320,320,320,320,320,320,320,320
GDN output projection,6,Fix 1 compiled M8 vs Fix 1 eager M8,320,320,320,320,320,320,320,320
GDN output projection,6,Fix 1 compiled M8 vs Fix 1 compiled M1,320,320,320,320,320,320,320,320
GDN output projection,6,Old compiled M8 vs old compiled M1,320,320,320,320,320,320,320,320
GDN output projection,60,Final compiled M8 vs final eager M8,320,320,320,320,320,320,320,320
GDN output projection,60,Fix 1 compiled M8 vs Fix 1 eager M8,320,320,320,320,320,320,320,320
GDN output projection,60,Fix 1 compiled M8 vs Fix 1 compiled M1,320,320,320,320,320,320,320,320
GDN output projection,60,Old compiled M8 vs old compiled M1,320,320,320,320,320,320,320,320
GDN output projection,61,Final compiled M8 vs final eager M8,320,320,320,320,320,320,320,320
GDN output projection,61,Fix 1 compiled M8 vs Fix 1 eager M8,320,320,320,320,320,320,320,320
GDN output projection,61,Fix 1 compiled M8 vs Fix 1 compiled M1,320,320,320,320,320,320,320,320
GDN output projection,61,Old compiled M8 vs old compiled M1,320,320,320,320,320,320,320,320
GDN output projection,62,Final compiled M8 vs final eager M8,320,320,320,320,320,320,320,320
GDN output projection,62,Fix 1 compiled M8 vs Fix 1 eager M8,320,320,320,320,320,320,320,320
GDN output projection,62,Fix 1 compiled M8 vs Fix 1 compiled M1,320,320,320,320,320,320,320,320
GDN output projection,62,Old compiled M8 vs old compiled M1,320,320,320,320,320,320,320,320
GDN output projection,8,Final compiled M8 vs final eager M8,320,320,320,320,320,320,320,320
GDN output projection,8,Fix 1 compiled M8 vs Fix 1 eager M8,320,320,320,320,320,320,320,320
GDN output projection,8,Fix 1 compiled M8 vs Fix 1 compiled M1,320,320,320,320,320,320,320,320
GDN output projection,8,Old compiled M8 vs old compiled M1,320,320,320,320,320,320,320,320
GDN output projection,9,Final compiled M8 vs final eager M8,320,320,320,320,320,320,320,320
GDN output projection,9,Fix 1 compiled M8 vs Fix 1 eager M8,320,320,320,320,320,320,320,320
GDN output projection,9,Fix 1 compiled M8 vs Fix 1 compiled M1,320,320,320,320,320,320,320,320
GDN output projection,9,Old compiled M8 vs old compiled M1,320,320,320,320,320,320,320,320
GDN recurrence and gates,0,Final compiled M8 vs final eager M8,320,320,320,320,320,320,320,320
GDN recurrence and gates,0,Fix 1 compiled M8 vs Fix 1 eager M8,320,320,320,320,320,320,320,320
GDN recurrence and gates,0,Fix 1 compiled M8 vs Fix 1 compiled M1,320,320,320,320,320,320,320,320
GDN recurrence and gates,0,Old compiled M8 vs old compiled M1,320,0,318,318,183,43,116,2
GDN recurrence and gates,1,Final compiled M8 vs final eager M8,320,320,320,320,320,320,320,320
GDN recurrence and gates,1,Fix 1 compiled M8 vs Fix 1 eager M8,320,320,320,320,320,320,320,320
GDN recurrence and gates,1,Fix 1 compiled M8 vs Fix 1 compiled M1,320,320,320,320,320,320,320,320
GDN recurrence and gates,1,Old compiled M8 vs old compiled M1,320,0,318,318,204,42,119,1
GDN recurrence and gates,10,Final compiled M8 vs final eager M8,320,320,320,320,320,320,320,320
GDN recurrence and gates,10,Fix 1 compiled M8 vs Fix 1 eager M8,320,320,320,320,320,320,320,320
GDN recurrence and gates,10,Fix 1 compiled M8 vs Fix 1 compiled M1,320,320,320,320,320,320,320,320
GDN recurrence and gates,10,Old compiled M8 vs old compiled M1,320,0,319,319,181,27,130,0
GDN recurrence and gates,12,Final compiled M8 vs final eager M8,320,320,320,320,320,320,320,320
GDN recurrence and gates,12,Fix 1 compiled M8 vs Fix 1 eager M8,320,320,320,320,320,320,320,320
GDN recurrence and gates,12,Fix 1 compiled M8 vs Fix 1 compiled M1,320,320,320,320,320,320,320,320
GDN recurrence and gates,12,Old compiled M8 vs old compiled M1,320,0,318,318,189,32,118,0
GDN recurrence and gates,13,Final compiled M8 vs final eager M8,320,320,320,320,320,320,320,320
GDN recurrence and gates,13,Fix 1 compiled M8 vs Fix 1 eager M8,320,320,320,320,320,320,320,320
GDN recurrence and gates,13,Fix 1 compiled M8 vs Fix 1 compiled M1,320,320,320,320,320,320,320,320
GDN recurrence and gates,13,Old compiled M8 vs old compiled M1,320,0,318,318,185,37,117,0
GDN recurrence and gates,14,Final compiled M8 vs final eager M8,320,320,320,320,320,320,320,320
GDN recurrence and gates,14,Fix 1 compiled M8 vs Fix 1 eager M8,320,320,320,320,320,320,320,320
GDN recurrence and gates,14,Fix 1 compiled M8 vs Fix 1 compiled M1,320,320,320,320,320,320,320,320
GDN recurrence and gates,14,Old compiled M8 vs old compiled M1,320,0,319,319,200,37,121,0
GDN recurrence and gates,16,Final compiled M8 vs final eager M8,320,320,320,320,320,320,320,320
GDN recurrence and gates,16,Fix 1 compiled M8 vs Fix 1 eager M8,320,320,320,320,320,320,320,320
GDN recurrence and gates,16,Fix 1 compiled M8 vs Fix 1 compiled M1,320,320,320,320,320,320,320,320
GDN recurrence and gates,16,Old compiled M8 vs old compiled M1,320,0,318,318,191,37,120,0
GDN recurrence and gates,17,Final compiled M8 vs final eager M8,320,320,320,320,320,320,320,320
GDN recurrence and gates,17,Fix 1 compiled M8 vs Fix 1 eager M8,320,320,320,320,320,320,320,320
GDN recurrence and gates,17,Fix 1 compiled M8 vs Fix 1 compiled M1,320,320,320,320,320,320,320,320
GDN recurrence and gates,17,Old compiled M8 vs old compiled M1,320,0,318,318,186,36,121,1
GDN recurrence and gates,18,Final compiled M8 vs final eager M8,320,320,320,320,320,320,320,320
GDN recurrence and gates,18,Fix 1 compiled M8 vs Fix 1 eager M8,320,320,320,320,320,320,320,320
GDN recurrence and gates,18,Fix 1 compiled M8 vs Fix 1 compiled M1,320,320,320,320,320,320,320,320
GDN recurrence and gates,18,Old compiled M8 vs old compiled M1,320,0,318,318,192,37,116,0
GDN recurrence and gates,2,Final compiled M8 vs final eager M8,320,320,320,320,320,320,320,320
GDN recurrence and gates,2,Fix 1 compiled M8 vs Fix 1 eager M8,320,320,320,320,320,320,320,320
GDN recurrence and gates,2,Fix 1 compiled M8 vs Fix 1 compiled M1,320,320,320,320,320,320,320,320
GDN recurrence and gates,2,Old compiled M8 vs old compiled M1,320,0,318,318,194,32,113,1
GDN recurrence and gates,20,Final compiled M8 vs final eager M8,320,320,320,320,320,320,320,320
GDN recurrence and gates,20,Fix 1 compiled M8 vs Fix 1 eager M8,320,320,320,320,320,320,320,320
GDN recurrence and gates,20,Fix 1 compiled M8 vs Fix 1 compiled M1,320,320,320,320,320,320,320,320
GDN recurrence and gates,20,Old compiled M8 vs old compiled M1,320,0,317,317,193,40,111,0
GDN recurrence and gates,21,Final compiled M8 vs final eager M8,320,320,320,320,320,320,320,320
GDN recurrence and gates,21,Fix 1 compiled M8 vs Fix 1 eager M8,320,320,320,320,320,320,320,320
GDN recurrence and gates,21,Fix 1 compiled M8 vs Fix 1 compiled M1,320,320,320,320,320,320,320,320
GDN recurrence and gates,21,Old compiled M8 vs old compiled M1,320,0,317,317,202,46,117,0
GDN recurrence and gates,22,Final compiled M8 vs final eager M8,320,320,320,320,320,320,320,320
GDN recurrence and gates,22,Fix 1 compiled M8 vs Fix 1 eager M8,320,320,320,320,320,320,320,320
GDN recurrence and gates,22,Fix 1 compiled M8 vs Fix 1 compiled M1,320,320,320,320,320,320,320,320
GDN recurrence and gates,22,Old compiled M8 vs old compiled M1,320,0,319,319,198,43,125,0
GDN recurrence and gates,24,Final compiled M8 vs final eager M8,320,320,320,320,320,320,320,320
GDN recurrence and gates,24,Fix 1 compiled M8 vs Fix 1 eager M8,320,320,320,320,320,320,320,320
GDN recurrence and gates,24,Fix 1 compiled M8 vs Fix 1 compiled M1,320,320,320,320,320,320,320,320
GDN recurrence and gates,24,Old compiled M8 vs old compiled M1,320,0,320,320,179,35,107,0
GDN recurrence and gates,25,Final compiled M8 vs final eager M8,320,320,320,320,320,320,320,320
GDN recurrence and gates,25,Fix 1 compiled M8 vs Fix 1 eager M8,320,320,320,320,320,320,320,320
GDN recurrence and gates,25,Fix 1 compiled M8 vs Fix 1 compiled M1,320,320,320,320,320,320,320,320
GDN recurrence and gates,25,Old compiled M8 vs old compiled M1,320,0,318,318,191,37,117,0
GDN recurrence and gates,26,Final compiled M8 vs final eager M8,320,320,320,320,320,320,320,320
GDN recurrence and gates,26,Fix 1 compiled M8 vs Fix 1 eager M8,320,320,320,320,320,320,320,320
GDN recurrence and gates,26,Fix 1 compiled M8 vs Fix 1 compiled M1,320,320,320,320,320,320,320,320
GDN recurrence and gates,26,Old compiled M8 vs old compiled M1,320,0,320,320,195,41,110,0
GDN recurrence and gates,28,Final compiled M8 vs final eager M8,320,320,320,320,320,320,320,320
GDN recurrence and gates,28,Fix 1 compiled M8 vs Fix 1 eager M8,320,320,320,320,320,320,320,320
GDN recurrence and gates,28,Fix 1 compiled M8 vs Fix 1 compiled M1,320,320,320,320,320,320,320,320
GDN recurrence and gates,28,Old compiled M8 vs old compiled M1,320,0,319,319,203,42,123,0
GDN recurrence and gates,29,Final compiled M8 vs final eager M8,320,320,320,320,320,320,320,320
GDN recurrence and gates,29,Fix 1 compiled M8 vs Fix 1 eager M8,320,320,320,320,320,320,320,320
GDN recurrence and gates,29,Fix 1 compiled M8 vs Fix 1 compiled M1,320,320,320,320,320,320,320,320
GDN recurrence and gates,29,Old compiled M8 vs old compiled M1,320,0,318,318,198,40,130,0
GDN recurrence and gates,30,Final compiled M8 vs final eager M8,320,320,320,320,320,320,320,320
GDN recurrence and gates,30,Fix 1 compiled M8 vs Fix 1 eager M8,320,320,320,320,320,320,320,320
GDN recurrence and gates,30,Fix 1 compiled M8 vs Fix 1 compiled M1,320,320,320,320,320,320,320,320
GDN recurrence and gates,30,Old compiled M8 vs old compiled M1,320,0,318,318,195,40,121,0
GDN recurrence and gates,32,Final compiled M8 vs final eager M8,320,320,320,320,320,320,320,320
GDN recurrence and gates,32,Fix 1 compiled M8 vs Fix 1 eager M8,320,320,320,320,320,320,320,320
GDN recurrence and gates,32,Fix 1 compiled M8 vs Fix 1 compiled M1,320,320,320,320,320,320,320,320
GDN recurrence and gates,32,Old compiled M8 vs old compiled M1,320,0,318,318,184,35,110,0
GDN recurrence and gates,33,Final compiled M8 vs final eager M8,320,320,320,320,320,320,320,320
GDN recurrence and gates,33,Fix 1 compiled M8 vs Fix 1 eager M8,320,320,320,320,320,320,320,320
GDN recurrence and gates,33,Fix 1 compiled M8 vs Fix 1 compiled M1,320,320,320,320,320,320,320,320
GDN recurrence and gates,33,Old compiled M8 vs old compiled M1,320,0,318,318,196,47,118,0
GDN recurrence and gates,34,Final compiled M8 vs final eager M8,320,320,320,320,320,320,320,320
GDN recurrence and gates,34,Fix 1 compiled M8 vs Fix 1 eager M8,320,320,320,320,320,320,320,320
GDN recurrence and gates,34,Fix 1 compiled M8 vs Fix 1 compiled M1,320,320,320,320,320,320,320,320
GDN recurrence and gates,34,Old compiled M8 vs old compiled M1,320,0,319,319,197,48,120,0
GDN recurrence and gates,36,Final compiled M8 vs final eager M8,320,320,320,320,320,320,320,320
GDN recurrence and gates,36,Fix 1 compiled M8 vs Fix 1 eager M8,320,320,320,320,320,320,320,320
GDN recurrence and gates,36,Fix 1 compiled M8 vs Fix 1 compiled M1,320,320,320,320,320,320,320,320
GDN recurrence and gates,36,Old compiled M8 vs old compiled M1,320,0,318,318,203,34,120,0
GDN recurrence and gates,37,Final compiled M8 vs final eager M8,320,320,320,320,320,320,320,320
GDN recurrence and gates,37,Fix 1 compiled M8 vs Fix 1 eager M8,320,320,320,320,320,320,320,320
GDN recurrence and gates,37,Fix 1 compiled M8 vs Fix 1 compiled M1,320,320,320,320,320,320,320,320
GDN recurrence and gates,37,Old compiled M8 vs old compiled M1,320,0,318,318,203,47,124,1
GDN recurrence and gates,38,Final compiled M8 vs final eager M8,320,320,320,320,320,320,320,320
GDN recurrence and gates,38,Fix 1 compiled M8 vs Fix 1 eager M8,320,320,320,320,320,320,320,320
GDN recurrence and gates,38,Fix 1 compiled M8 vs Fix 1 compiled M1,320,320,320,320,320,320,320,320
GDN recurrence and gates,38,Old compiled M8 vs old compiled M1,320,0,319,319,209,40,134,0
GDN recurrence and gates,4,Final compiled M8 vs final eager M8,320,320,320,320,320,320,320,320
GDN recurrence and gates,4,Fix 1 compiled M8 vs Fix 1 eager M8,320,320,320,320,320,320,320,320
GDN recurrence and gates,4,Fix 1 compiled M8 vs Fix 1 compiled M1,320,320,320,320,320,320,320,320
GDN recurrence and gates,4,Old compiled M8 vs old compiled M1,320,0,319,319,172,39,112,2
GDN recurrence and gates,40,Final compiled M8 vs final eager M8,320,320,320,320,320,320,320,320
GDN recurrence and gates,40,Fix 1 compiled M8 vs Fix 1 eager M8,320,320,320,320,320,320,320,320
GDN recurrence and gates,40,Fix 1 compiled M8 vs Fix 1 compiled M1,320,320,320,320,320,320,320,320
GDN recurrence and gates,40,Old compiled M8 vs old compiled M1,320,0,318,318,204,42,123,0
GDN recurrence and gates,41,Final compiled M8 vs final eager M8,320,320,320,320,320,320,320,320
GDN recurrence and gates,41,Fix 1 compiled M8 vs Fix 1 eager M8,320,320,320,320,320,320,320,320
GDN recurrence and gates,41,Fix 1 compiled M8 vs Fix 1 compiled M1,320,320,320,320,320,320,320,320
GDN recurrence and gates,41,Old compiled M8 vs old compiled M1,320,0,319,319,218,43,131,1
GDN recurrence and gates,42,Final compiled M8 vs final eager M8,320,320,320,320,320,320,320,320
GDN recurrence and gates,42,Fix 1 compiled M8 vs Fix 1 eager M8,320,320,320,320,320,320,320,320
GDN recurrence and gates,42,Fix 1 compiled M8 vs Fix 1 compiled M1,320,320,320,320,320,320,320,320
GDN recurrence and gates,42,Old compiled M8 vs old compiled M1,320,0,318,318,204,46,126,0
GDN recurrence and gates,44,Final compiled M8 vs final eager M8,320,320,320,320,320,320,320,320
GDN recurrence and gates,44,Fix 1 compiled M8 vs Fix 1 eager M8,320,320,320,320,320,320,320,320
GDN recurrence and gates,44,Fix 1 compiled M8 vs Fix 1 compiled M1,320,320,320,320,320,320,320,320
GDN recurrence and gates,44,Old compiled M8 vs old compiled M1,320,0,319,319,211,43,130,1
GDN recurrence and gates,45,Final compiled M8 vs final eager M8,320,320,320,320,320,320,320,320
GDN recurrence and gates,45,Fix 1 compiled M8 vs Fix 1 eager M8,320,320,320,320,320,320,320,320
GDN recurrence and gates,45,Fix 1 compiled M8 vs Fix 1 compiled M1,320,320,320,320,320,320,320,320
GDN recurrence and gates,45,Old compiled M8 vs old compiled M1,320,0,318,318,214,43,138,1
GDN recurrence and gates,46,Final compiled M8 vs final eager M8,320,320,320,320,320,320,320,320
GDN recurrence and gates,46,Fix 1 compiled M8 vs Fix 1 eager M8,320,320,320,320,320,320,320,320
GDN recurrence and gates,46,Fix 1 compiled M8 vs Fix 1 compiled M1,320,320,320,320,320,320,320,320
GDN recurrence and gates,46,Old compiled M8 vs old compiled M1,320,0,319,319,217,53,131,6
GDN recurrence and gates,48,Final compiled M8 vs final eager M8,320,320,320,320,320,320,320,320
GDN recurrence and gates,48,Fix 1 compiled M8 vs Fix 1 eager M8,320,320,320,320,320,320,320,320
GDN recurrence and gates,48,Fix 1 compiled M8 vs Fix 1 compiled M1,320,320,320,320,320,320,320,320
GDN recurrence and gates,48,Old compiled M8 vs old compiled M1,320,0,319,319,218,51,140,0
GDN recurrence and gates,49,Final compiled M8 vs final eager M8,320,320,320,320,320,320,320,320
GDN recurrence and gates,49,Fix 1 compiled M8 vs Fix 1 eager M8,320,320,320,320,320,320,320,320
GDN recurrence and gates,49,Fix 1 compiled M8 vs Fix 1 compiled M1,320,320,320,320,320,320,320,320
GDN recurrence and gates,49,Old compiled M8 vs old compiled M1,320,0,319,319,227,55,143,1
GDN recurrence and gates,5,Final compiled M8 vs final eager M8,320,320,320,320,320,320,320,320
GDN recurrence and gates,5,Fix 1 compiled M8 vs Fix 1 eager M8,320,320,320,320,320,320,320,320
GDN recurrence and gates,5,Fix 1 compiled M8 vs Fix 1 compiled M1,320,320,320,320,320,320,320,320
GDN recurrence and gates,5,Old compiled M8 vs old compiled M1,320,0,318,318,183,34,124,3
GDN recurrence and gates,50,Final compiled M8 vs final eager M8,320,320,320,320,320,320,320,320
GDN recurrence and gates,50,Fix 1 compiled M8 vs Fix 1 eager M8,320,320,320,320,320,320,320,320
GDN recurrence and gates,50,Fix 1 compiled M8 vs Fix 1 compiled M1,320,320,320,320,320,320,320,320
GDN recurrence and gates,50,Old compiled M8 vs old compiled M1,320,0,319,319,239,58,145,2
GDN recurrence and gates,52,Final compiled M8 vs final eager M8,320,320,320,320,320,320,320,320
GDN recurrence and gates,52,Fix 1 compiled M8 vs Fix 1 eager M8,320,320,320,320,320,320,320,320
GDN recurrence and gates,52,Fix 1 compiled M8 vs Fix 1 compiled M1,320,320,320,320,320,320,320,320
GDN recurrence and gates,52,Old compiled M8 vs old compiled M1,320,0,319,319,227,75,170,4
GDN recurrence and gates,53,Final compiled M8 vs final eager M8,320,320,320,320,320,320,320,320
GDN recurrence and gates,53,Fix 1 compiled M8 vs Fix 1 eager M8,320,320,320,320,320,320,320,320
GDN recurrence and gates,53,Fix 1 compiled M8 vs Fix 1 compiled M1,320,320,320,320,320,320,320,320
GDN recurrence and gates,53,Old compiled M8 vs old compiled M1,320,0,318,318,236,76,166,5
GDN recurrence and gates,54,Final compiled M8 vs final eager M8,320,320,320,320,320,320,320,320
GDN recurrence and gates,54,Fix 1 compiled M8 vs Fix 1 eager M8,320,320,320,320,320,320,320,320
GDN recurrence and gates,54,Fix 1 compiled M8 vs Fix 1 compiled M1,320,320,320,320,320,320,320,320
GDN recurrence and gates,54,Old compiled M8 vs old compiled M1,320,0,318,318,234,85,168,3
GDN recurrence and gates,56,Final compiled M8 vs final eager M8,320,320,320,320,320,320,320,320
GDN recurrence and gates,56,Fix 1 compiled M8 vs Fix 1 eager M8,320,320,320,320,320,320,320,320
GDN recurrence and gates,56,Fix 1 compiled M8 vs Fix 1 compiled M1,320,320,320,320,320,320,320,320
GDN recurrence and gates,56,Old compiled M8 vs old compiled M1,320,0,319,319,246,84,186,3
GDN recurrence and gates,57,Final compiled M8 vs final eager M8,320,320,320,320,320,320,320,320
GDN recurrence and gates,57,Fix 1 compiled M8 vs Fix 1 eager M8,320,320,320,320,320,320,320,320
GDN recurrence and gates,57,Fix 1 compiled M8 vs Fix 1 compiled M1,320,320,320,320,320,320,320,320
GDN recurrence and gates,57,Old compiled M8 vs old compiled M1,320,0,319,319,247,100,176,4
GDN recurrence and gates,58,Final compiled M8 vs final eager M8,320,320,320,320,320,320,320,320
GDN recurrence and gates,58,Fix 1 compiled M8 vs Fix 1 eager M8,320,320,320,320,320,320,320,320
GDN recurrence and gates,58,Fix 1 compiled M8 vs Fix 1 compiled M1,320,320,320,320,320,320,320,320
GDN recurrence and gates,58,Old compiled M8 vs old compiled M1,320,0,319,319,249,90,191,7
GDN recurrence and gates,6,Final compiled M8 vs final eager M8,320,320,320,320,320,320,320,320
GDN recurrence and gates,6,Fix 1 compiled M8 vs Fix 1 eager M8,320,320,320,320,320,320,320,320
GDN recurrence and gates,6,Fix 1 compiled M8 vs Fix 1 compiled M1,320,320,320,320,320,320,320,320
GDN recurrence and gates,6,Old compiled M8 vs old compiled M1,320,0,319,319,190,33,121,0
GDN recurrence and gates,60,Final compiled M8 vs final eager M8,320,320,320,320,320,320,320,320
GDN recurrence and gates,60,Fix 1 compiled M8 vs Fix 1 eager M8,320,320,320,320,320,320,320,320
GDN recurrence and gates,60,Fix 1 compiled M8 vs Fix 1 compiled M1,320,320,320,320,320,320,320,320
GDN recurrence and gates,60,Old compiled M8 vs old compiled M1,320,0,319,319,245,103,209,8
GDN recurrence and gates,61,Final compiled M8 vs final eager M8,320,320,320,320,320,320,320,320
GDN recurrence and gates,61,Fix 1 compiled M8 vs Fix 1 eager M8,320,320,320,320,320,320,320,320
GDN recurrence and gates,61,Fix 1 compiled M8 vs Fix 1 compiled M1,320,320,320,320,320,320,320,320
GDN recurrence and gates,61,Old compiled M8 vs old compiled M1,320,0,319,319,262,119,215,11
GDN recurrence and gates,62,Final compiled M8 vs final eager M8,320,320,320,320,320,320,320,320
GDN recurrence and gates,62,Fix 1 compiled M8 vs Fix 1 eager M8,320,320,320,320,320,320,320,320
GDN recurrence and gates,62,Fix 1 compiled M8 vs Fix 1 compiled M1,320,320,320,320,320,320,320,320
GDN recurrence and gates,62,Old compiled M8 vs old compiled M1,320,0,319,319,259,136,237,19
GDN recurrence and gates,8,Final compiled M8 vs final eager M8,320,320,320,320,320,320,320,320
GDN recurrence and gates,8,Fix 1 compiled M8 vs Fix 1 eager M8,320,320,320,320,320,320,320,320
GDN recurrence and gates,8,Fix 1 compiled M8 vs Fix 1 compiled M1,320,320,320,320,320,320,320,320
GDN recurrence and gates,8,Old compiled M8 vs old compiled M1,320,0,318,318,184,30,120,1
GDN recurrence and gates,9,Final compiled M8 vs final eager M8,320,320,320,320,320,320,320,320
GDN recurrence and gates,9,Fix 1 compiled M8 vs Fix 1 eager M8,320,320,320,320,320,320,320,320
GDN recurrence and gates,9,Fix 1 compiled M8 vs Fix 1 compiled M1,320,320,320,320,320,320,320,320
GDN recurrence and gates,9,Old compiled M8 vs old compiled M1,320,0,318,318,195,33,122,0
Layer input residual/normalization,1,Final compiled M8 vs final eager M8,320,320,320,320,320,320,320,320
Layer input residual/normalization,1,Fix 1 compiled M8 vs Fix 1 eager M8,320,320,320,320,320,320,320,320
Layer input residual/normalization,1,Fix 1 compiled M8 vs Fix 1 compiled M1,320,320,320,320,320,320,320,320
Layer input residual/normalization,1,Old compiled M8 vs old compiled M1,320,320,320,320,320,320,320,320
Layer input residual/normalization,10,Final compiled M8 vs final eager M8,320,320,320,320,320,320,320,320
Layer input residual/normalization,10,Fix 1 compiled M8 vs Fix 1 eager M8,320,320,320,320,320,320,320,320
Layer input residual/normalization,10,Fix 1 compiled M8 vs Fix 1 compiled M1,320,320,320,320,320,320,320,320
Layer input residual/normalization,10,Old compiled M8 vs old compiled M1,320,320,320,320,320,320,320,320
Layer input residual/normalization,11,Final compiled M8 vs final eager M8,320,320,320,320,320,320,320,320
Layer input residual/normalization,11,Fix 1 compiled M8 vs Fix 1 eager M8,320,320,320,320,320,320,320,320
Layer input residual/normalization,11,Fix 1 compiled M8 vs Fix 1 compiled M1,320,320,320,320,320,320,320,320
Layer input residual/normalization,11,Old compiled M8 vs old compiled M1,320,320,320,320,320,320,320,320
Layer input residual/normalization,12,Final compiled M8 vs final eager M8,320,320,320,320,320,320,320,320
Layer input residual/normalization,12,Fix 1 compiled M8 vs Fix 1 eager M8,320,320,320,320,320,320,320,320
Layer input residual/normalization,12,Fix 1 compiled M8 vs Fix 1 compiled M1,320,320,320,320,320,320,320,320
Layer input residual/normalization,12,Old compiled M8 vs old compiled M1,320,320,320,320,320,320,320,320
Layer input residual/normalization,13,Final compiled M8 vs final eager M8,320,320,320,320,320,320,320,320
Layer input residual/normalization,13,Fix 1 compiled M8 vs Fix 1 eager M8,320,320,320,320,320,320,320,320
Layer input residual/normalization,13,Fix 1 compiled M8 vs Fix 1 compiled M1,320,320,320,320,320,320,320,320
Layer input residual/normalization,13,Old compiled M8 vs old compiled M1,320,320,320,320,320,320,320,320
Layer input residual/normalization,14,Final compiled M8 vs final eager M8,320,320,320,320,320,320,320,320
Layer input residual/normalization,14,Fix 1 compiled M8 vs Fix 1 eager M8,320,320,320,320,320,320,320,320
Layer input residual/normalization,14,Fix 1 compiled M8 vs Fix 1 compiled M1,320,320,320,320,320,320,320,320
Layer input residual/normalization,14,Old compiled M8 vs old compiled M1,320,320,320,320,320,320,320,320
Layer input residual/normalization,15,Final compiled M8 vs final eager M8,320,320,320,320,320,320,320,320
Layer input residual/normalization,15,Fix 1 compiled M8 vs Fix 1 eager M8,320,320,320,320,320,320,320,320
Layer input residual/normalization,15,Fix 1 compiled M8 vs Fix 1 compiled M1,320,320,320,320,320,320,320,320
Layer input residual/normalization,15,Old compiled M8 vs old compiled M1,320,320,320,320,320,320,320,320
Layer input residual/normalization,16,Final compiled M8 vs final eager M8,320,320,320,320,320,320,320,320
Layer input residual/normalization,16,Fix 1 compiled M8 vs Fix 1 eager M8,320,320,320,320,320,320,320,320
Layer input residual/normalization,16,Fix 1 compiled M8 vs Fix 1 compiled M1,320,320,320,320,320,320,320,320
Layer input residual/normalization,16,Old compiled M8 vs old compiled M1,320,320,320,320,320,320,320,320
Layer input residual/normalization,17,Final compiled M8 vs final eager M8,320,320,320,320,320,320,320,320
Layer input residual/normalization,17,Fix 1 compiled M8 vs Fix 1 eager M8,320,320,320,320,320,320,320,320
Layer input residual/normalization,17,Fix 1 compiled M8 vs Fix 1 compiled M1,320,320,320,320,320,320,320,320
Layer input residual/normalization,17,Old compiled M8 vs old compiled M1,320,320,320,320,320,320,320,320
Layer input residual/normalization,18,Final compiled M8 vs final eager M8,320,320,320,320,320,320,320,320
Layer input residual/normalization,18,Fix 1 compiled M8 vs Fix 1 eager M8,320,320,320,320,320,320,320,320
Layer input residual/normalization,18,Fix 1 compiled M8 vs Fix 1 compiled M1,320,320,320,320,320,320,320,320
Layer input residual/normalization,18,Old compiled M8 vs old compiled M1,320,320,320,320,320,320,320,320
Layer input residual/normalization,19,Final compiled M8 vs final eager M8,320,320,320,320,320,320,320,320
Layer input residual/normalization,19,Fix 1 compiled M8 vs Fix 1 eager M8,320,320,320,320,320,320,320,320
Layer input residual/normalization,19,Fix 1 compiled M8 vs Fix 1 compiled M1,320,320,320,320,320,320,320,320
Layer input residual/normalization,19,Old compiled M8 vs old compiled M1,320,320,320,320,320,320,320,320
Layer input residual/normalization,2,Final compiled M8 vs final eager M8,320,320,320,320,320,320,320,320
Layer input residual/normalization,2,Fix 1 compiled M8 vs Fix 1 eager M8,320,320,320,320,320,320,320,320
Layer input residual/normalization,2,Fix 1 compiled M8 vs Fix 1 compiled M1,320,320,320,320,320,320,320,320
Layer input residual/normalization,2,Old compiled M8 vs old compiled M1,320,320,320,320,320,320,320,320
Layer input residual/normalization,20,Final compiled M8 vs final eager M8,320,320,320,320,320,320,320,320
Layer input residual/normalization,20,Fix 1 compiled M8 vs Fix 1 eager M8,320,320,320,320,320,320,320,320
Layer input residual/normalization,20,Fix 1 compiled M8 vs Fix 1 compiled M1,320,320,320,320,320,320,320,320
Layer input residual/normalization,20,Old compiled M8 vs old compiled M1,320,320,320,320,320,320,320,320
Layer input residual/normalization,21,Final compiled M8 vs final eager M8,320,320,320,320,320,320,320,320
Layer input residual/normalization,21,Fix 1 compiled M8 vs Fix 1 eager M8,320,320,320,320,320,320,320,320
Layer input residual/normalization,21,Fix 1 compiled M8 vs Fix 1 compiled M1,320,320,320,320,320,320,320,320
Layer input residual/normalization,21,Old compiled M8 vs old compiled M1,320,320,320,320,320,320,320,320
Layer input residual/normalization,22,Final compiled M8 vs final eager M8,320,320,320,320,320,320,320,320
Layer input residual/normalization,22,Fix 1 compiled M8 vs Fix 1 eager M8,320,320,320,320,320,320,320,320
Layer input residual/normalization,22,Fix 1 compiled M8 vs Fix 1 compiled M1,320,320,320,320,320,320,320,320
Layer input residual/normalization,22,Old compiled M8 vs old compiled M1,320,320,320,320,320,320,320,320
Layer input residual/normalization,23,Final compiled M8 vs final eager M8,320,320,320,320,320,320,320,320
Layer input residual/normalization,23,Fix 1 compiled M8 vs Fix 1 eager M8,320,320,320,320,320,320,320,320
Layer input residual/normalization,23,Fix 1 compiled M8 vs Fix 1 compiled M1,320,320,320,320,320,320,320,320
Layer input residual/normalization,23,Old compiled M8 vs old compiled M1,320,320,320,320,320,320,320,320
Layer input residual/normalization,24,Final compiled M8 vs final eager M8,320,320,320,320,320,320,320,320
Layer input residual/normalization,24,Fix 1 compiled M8 vs Fix 1 eager M8,320,320,320,320,320,320,320,320
Layer input residual/normalization,24,Fix 1 compiled M8 vs Fix 1 compiled M1,320,320,320,320,320,320,320,320
Layer input residual/normalization,24,Old compiled M8 vs old compiled M1,320,320,320,320,320,320,320,320
Layer input residual/normalization,25,Final compiled M8 vs final eager M8,320,320,320,320,320,320,320,320
Layer input residual/normalization,25,Fix 1 compiled M8 vs Fix 1 eager M8,320,320,320,320,320,320,320,320
Layer input residual/normalization,25,Fix 1 compiled M8 vs Fix 1 compiled M1,320,320,320,320,320,320,320,320
Layer input residual/normalization,25,Old compiled M8 vs old compiled M1,320,320,320,320,320,320,320,320
Layer input residual/normalization,26,Final compiled M8 vs final eager M8,320,320,320,320,320,320,320,320
Layer input residual/normalization,26,Fix 1 compiled M8 vs Fix 1 eager M8,320,320,320,320,320,320,320,320
Layer input residual/normalization,26,Fix 1 compiled M8 vs Fix 1 compiled M1,320,320,320,320,320,320,320,320
Layer input residual/normalization,26,Old compiled M8 vs old compiled M1,320,320,320,320,320,320,320,320
Layer input residual/normalization,27,Final compiled M8 vs final eager M8,320,320,320,320,320,320,320,320
Layer input residual/normalization,27,Fix 1 compiled M8 vs Fix 1 eager M8,320,320,320,320,320,320,320,320
Layer input residual/normalization,27,Fix 1 compiled M8 vs Fix 1 compiled M1,320,320,320,320,320,320,320,320
Layer input residual/normalization,27,Old compiled M8 vs old compiled M1,320,320,320,320,320,320,320,320
Layer input residual/normalization,28,Final compiled M8 vs final eager M8,320,320,320,320,320,320,320,320
Layer input residual/normalization,28,Fix 1 compiled M8 vs Fix 1 eager M8,320,320,320,320,320,320,320,320
Layer input residual/normalization,28,Fix 1 compiled M8 vs Fix 1 compiled M1,320,320,320,320,320,320,320,320
Layer input residual/normalization,28,Old compiled M8 vs old compiled M1,320,320,320,320,320,320,320,320
Layer input residual/normalization,29,Final compiled M8 vs final eager M8,320,320,320,320,320,320,320,320
Layer input residual/normalization,29,Fix 1 compiled M8 vs Fix 1 eager M8,320,320,320,320,320,320,320,320
Layer input residual/normalization,29,Fix 1 compiled M8 vs Fix 1 compiled M1,320,320,320,320,320,320,320,320
Layer input residual/normalization,29,Old compiled M8 vs old compiled M1,320,320,320,320,320,320,320,320
Layer input residual/normalization,3,Final compiled M8 vs final eager M8,320,320,320,320,320,320,320,320
Layer input residual/normalization,3,Fix 1 compiled M8 vs Fix 1 eager M8,320,320,320,320,320,320,320,320
Layer input residual/normalization,3,Fix 1 compiled M8 vs Fix 1 compiled M1,320,320,320,320,320,320,320,320
Layer input residual/normalization,3,Old compiled M8 vs old compiled M1,320,320,320,320,320,320,320,320
Layer input residual/normalization,30,Final compiled M8 vs final eager M8,320,320,320,320,320,320,320,320
Layer input residual/normalization,30,Fix 1 compiled M8 vs Fix 1 eager M8,320,320,320,320,320,320,320,320
Layer input residual/normalization,30,Fix 1 compiled M8 vs Fix 1 compiled M1,320,320,320,320,320,320,320,320
Layer input residual/normalization,30,Old compiled M8 vs old compiled M1,320,320,320,320,320,320,320,320
Layer input residual/normalization,31,Final compiled M8 vs final eager M8,320,320,320,320,320,320,320,320
Layer input residual/normalization,31,Fix 1 compiled M8 vs Fix 1 eager M8,320,320,320,320,320,320,320,320
Layer input residual/normalization,31,Fix 1 compiled M8 vs Fix 1 compiled M1,320,320,320,320,320,320,320,320
Layer input residual/normalization,31,Old compiled M8 vs old compiled M1,320,320,320,320,320,320,320,320
Layer input residual/normalization,32,Final compiled M8 vs final eager M8,320,320,320,320,320,320,320,320
Layer input residual/normalization,32,Fix 1 compiled M8 vs Fix 1 eager M8,320,320,320,320,320,320,320,320
Layer input residual/normalization,32,Fix 1 compiled M8 vs Fix 1 compiled M1,320,320,320,320,320,320,320,320
Layer input residual/normalization,32,Old compiled M8 vs old compiled M1,320,320,320,320,320,320,320,320
Layer input residual/normalization,33,Final compiled M8 vs final eager M8,320,320,320,320,320,320,320,320
Layer input residual/normalization,33,Fix 1 compiled M8 vs Fix 1 eager M8,320,320,320,320,320,320,320,320
Layer input residual/normalization,33,Fix 1 compiled M8 vs Fix 1 compiled M1,320,320,320,320,320,320,320,320
Layer input residual/normalization,33,Old compiled M8 vs old compiled M1,320,320,320,320,320,320,320,320
Layer input residual/normalization,34,Final compiled M8 vs final eager M8,320,320,320,320,320,320,320,320
Layer input residual/normalization,34,Fix 1 compiled M8 vs Fix 1 eager M8,320,320,320,320,320,320,320,320
Layer input residual/normalization,34,Fix 1 compiled M8 vs Fix 1 compiled M1,320,320,320,320,320,320,320,320
Layer input residual/normalization,34,Old compiled M8 vs old compiled M1,320,320,320,320,320,320,320,320
Layer input residual/normalization,35,Final compiled M8 vs final eager M8,320,320,320,320,320,320,320,320
Layer input residual/normalization,35,Fix 1 compiled M8 vs Fix 1 eager M8,320,320,320,320,320,320,320,320
Layer input residual/normalization,35,Fix 1 compiled M8 vs Fix 1 compiled M1,320,320,320,320,320,320,320,320
Layer input residual/normalization,35,Old compiled M8 vs old compiled M1,320,320,320,320,320,320,320,320
Layer input residual/normalization,36,Final compiled M8 vs final eager M8,320,320,320,320,320,320,320,320
Layer input residual/normalization,36,Fix 1 compiled M8 vs Fix 1 eager M8,320,320,320,320,320,320,320,320
Layer input residual/normalization,36,Fix 1 compiled M8 vs Fix 1 compiled M1,320,320,320,320,320,320,320,320
Layer input residual/normalization,36,Old compiled M8 vs old compiled M1,320,320,320,320,320,320,320,320
Layer input residual/normalization,37,Final compiled M8 vs final eager M8,320,320,320,320,320,320,320,320
Layer input residual/normalization,37,Fix 1 compiled M8 vs Fix 1 eager M8,320,320,320,320,320,320,320,320
Layer input residual/normalization,37,Fix 1 compiled M8 vs Fix 1 compiled M1,320,320,320,320,320,320,320,320
Layer input residual/normalization,37,Old compiled M8 vs old compiled M1,320,320,320,320,320,320,320,320
Layer input residual/normalization,38,Final compiled M8 vs final eager M8,320,320,320,320,320,320,320,320
Layer input residual/normalization,38,Fix 1 compiled M8 vs Fix 1 eager M8,320,320,320,320,320,320,320,320
Layer input residual/normalization,38,Fix 1 compiled M8 vs Fix 1 compiled M1,320,320,320,320,320,320,320,320
Layer input residual/normalization,38,Old compiled M8 vs old compiled M1,320,320,320,320,320,320,320,320
Layer input residual/normalization,39,Final compiled M8 vs final eager M8,320,320,320,320,320,320,320,320
Layer input residual/normalization,39,Fix 1 compiled M8 vs Fix 1 eager M8,320,320,320,320,320,320,320,320
Layer input residual/normalization,39,Fix 1 compiled M8 vs Fix 1 compiled M1,320,320,320,320,320,320,320,320
Layer input residual/normalization,39,Old compiled M8 vs old compiled M1,320,320,320,320,320,320,320,320
Layer input residual/normalization,4,Final compiled M8 vs final eager M8,320,320,320,320,320,320,320,320
Layer input residual/normalization,4,Fix 1 compiled M8 vs Fix 1 eager M8,320,320,320,320,320,320,320,320
Layer input residual/normalization,4,Fix 1 compiled M8 vs Fix 1 compiled M1,320,320,320,320,320,320,320,320
Layer input residual/normalization,4,Old compiled M8 vs old compiled M1,320,320,320,320,320,320,320,320
Layer input residual/normalization,40,Final compiled M8 vs final eager M8,320,320,320,320,320,320,320,320
Layer input residual/normalization,40,Fix 1 compiled M8 vs Fix 1 eager M8,320,320,320,320,320,320,320,320
Layer input residual/normalization,40,Fix 1 compiled M8 vs Fix 1 compiled M1,320,320,320,320,320,320,320,320
Layer input residual/normalization,40,Old compiled M8 vs old compiled M1,320,320,320,320,320,320,320,320
Layer input residual/normalization,41,Final compiled M8 vs final eager M8,320,320,320,320,320,320,320,320
Layer input residual/normalization,41,Fix 1 compiled M8 vs Fix 1 eager M8,320,320,320,320,320,320,320,320
Layer input residual/normalization,41,Fix 1 compiled M8 vs Fix 1 compiled M1,320,320,320,320,320,320,320,320
Layer input residual/normalization,41,Old compiled M8 vs old compiled M1,320,320,320,320,320,320,320,320
Layer input residual/normalization,42,Final compiled M8 vs final eager M8,320,320,320,320,320,320,320,320
Layer input residual/normalization,42,Fix 1 compiled M8 vs Fix 1 eager M8,320,320,320,320,320,320,320,320
Layer input residual/normalization,42,Fix 1 compiled M8 vs Fix 1 compiled M1,320,320,320,320,320,320,320,320
Layer input residual/normalization,42,Old compiled M8 vs old compiled M1,320,320,320,320,320,320,320,320
Layer input residual/normalization,43,Final compiled M8 vs final eager M8,320,320,320,320,320,320,320,320
Layer input residual/normalization,43,Fix 1 compiled M8 vs Fix 1 eager M8,320,320,320,320,320,320,320,320
Layer input residual/normalization,43,Fix 1 compiled M8 vs Fix 1 compiled M1,320,320,320,320,320,320,320,320
Layer input residual/normalization,43,Old compiled M8 vs old compiled M1,320,320,320,320,320,320,320,320
Layer input residual/normalization,44,Final compiled M8 vs final eager M8,320,320,320,320,320,320,320,320
Layer input residual/normalization,44,Fix 1 compiled M8 vs Fix 1 eager M8,320,320,320,320,320,320,320,320
Layer input residual/normalization,44,Fix 1 compiled M8 vs Fix 1 compiled M1,320,320,320,320,320,320,320,320
Layer input residual/normalization,44,Old compiled M8 vs old compiled M1,320,320,320,320,320,320,320,320
Layer input residual/normalization,45,Final compiled M8 vs final eager M8,320,320,320,320,320,320,320,320
Layer input residual/normalization,45,Fix 1 compiled M8 vs Fix 1 eager M8,320,320,320,320,320,320,320,320
Layer input residual/normalization,45,Fix 1 compiled M8 vs Fix 1 compiled M1,320,320,320,320,320,320,320,320
Layer input residual/normalization,45,Old compiled M8 vs old compiled M1,320,320,320,320,320,320,320,320
Layer input residual/normalization,46,Final compiled M8 vs final eager M8,320,320,320,320,320,320,320,320
Layer input residual/normalization,46,Fix 1 compiled M8 vs Fix 1 eager M8,320,320,320,320,320,320,320,320
Layer input residual/normalization,46,Fix 1 compiled M8 vs Fix 1 compiled M1,320,320,320,320,320,320,320,320
Layer input residual/normalization,46,Old compiled M8 vs old compiled M1,320,320,320,320,320,320,320,320
Layer input residual/normalization,47,Final compiled M8 vs final eager M8,320,320,320,320,320,320,320,320
Layer input residual/normalization,47,Fix 1 compiled M8 vs Fix 1 eager M8,320,320,320,320,320,320,320,320
Layer input residual/normalization,47,Fix 1 compiled M8 vs Fix 1 compiled M1,320,320,320,320,320,320,320,320
Layer input residual/normalization,47,Old compiled M8 vs old compiled M1,320,320,320,320,320,320,320,320
Layer input residual/normalization,48,Final compiled M8 vs final eager M8,320,320,320,320,320,320,320,320
Layer input residual/normalization,48,Fix 1 compiled M8 vs Fix 1 eager M8,320,320,320,320,320,320,320,320
Layer input residual/normalization,48,Fix 1 compiled M8 vs Fix 1 compiled M1,320,320,320,320,320,320,320,320
Layer input residual/normalization,48,Old compiled M8 vs old compiled M1,320,320,320,320,320,320,320,320
Layer input residual/normalization,49,Final compiled M8 vs final eager M8,320,320,320,320,320,320,320,320
Layer input residual/normalization,49,Fix 1 compiled M8 vs Fix 1 eager M8,320,320,320,320,320,320,320,320
Layer input residual/normalization,49,Fix 1 compiled M8 vs Fix 1 compiled M1,320,320,320,320,320,320,320,320
Layer input residual/normalization,49,Old compiled M8 vs old compiled M1,320,320,320,320,320,320,320,320
Layer input residual/normalization,5,Final compiled M8 vs final eager M8,320,320,320,320,320,320,320,320
Layer input residual/normalization,5,Fix 1 compiled M8 vs Fix 1 eager M8,320,320,320,320,320,320,320,320
Layer input residual/normalization,5,Fix 1 compiled M8 vs Fix 1 compiled M1,320,320,320,320,320,320,320,320
Layer input residual/normalization,5,Old compiled M8 vs old compiled M1,320,320,320,320,320,320,320,320
Layer input residual/normalization,50,Final compiled M8 vs final eager M8,320,320,320,320,320,320,320,320
Layer input residual/normalization,50,Fix 1 compiled M8 vs Fix 1 eager M8,320,320,320,320,320,320,320,320
Layer input residual/normalization,50,Fix 1 compiled M8 vs Fix 1 compiled M1,320,320,320,320,320,320,320,320
Layer input residual/normalization,50,Old compiled M8 vs old compiled M1,320,320,320,320,320,320,320,320
Layer input residual/normalization,51,Final compiled M8 vs final eager M8,320,320,320,320,320,320,320,320
Layer input residual/normalization,51,Fix 1 compiled M8 vs Fix 1 eager M8,320,320,320,320,320,320,320,320
Layer input residual/normalization,51,Fix 1 compiled M8 vs Fix 1 compiled M1,320,320,320,320,320,320,320,320
Layer input residual/normalization,51,Old compiled M8 vs old compiled M1,320,320,320,320,320,320,320,320
Layer input residual/normalization,52,Final compiled M8 vs final eager M8,320,320,320,320,320,320,320,320
Layer input residual/normalization,52,Fix 1 compiled M8 vs Fix 1 eager M8,320,320,320,320,320,320,320,320
Layer input residual/normalization,52,Fix 1 compiled M8 vs Fix 1 compiled M1,320,320,320,320,320,320,320,320
Layer input residual/normalization,52,Old compiled M8 vs old compiled M1,320,320,320,320,320,320,320,320
Layer input residual/normalization,53,Final compiled M8 vs final eager M8,320,320,320,320,320,320,320,320
Layer input residual/normalization,53,Fix 1 compiled M8 vs Fix 1 eager M8,320,320,320,320,320,320,320,320
Layer input residual/normalization,53,Fix 1 compiled M8 vs Fix 1 compiled M1,320,320,320,320,320,320,320,320
Layer input residual/normalization,53,Old compiled M8 vs old compiled M1,320,320,320,320,320,320,320,320
Layer input residual/normalization,54,Final compiled M8 vs final eager M8,320,320,320,320,320,320,320,320
Layer input residual/normalization,54,Fix 1 compiled M8 vs Fix 1 eager M8,320,320,320,320,320,320,320,320
Layer input residual/normalization,54,Fix 1 compiled M8 vs Fix 1 compiled M1,320,320,320,320,320,320,320,320
Layer input residual/normalization,54,Old compiled M8 vs old compiled M1,320,320,320,320,320,320,320,320
Layer input residual/normalization,55,Final compiled M8 vs final eager M8,320,320,320,320,320,320,320,320
Layer input residual/normalization,55,Fix 1 compiled M8 vs Fix 1 eager M8,320,320,320,320,320,320,320,320
Layer input residual/normalization,55,Fix 1 compiled M8 vs Fix 1 compiled M1,320,320,320,320,320,320,320,320
Layer input residual/normalization,55,Old compiled M8 vs old compiled M1,320,320,320,320,320,320,320,320
Layer input residual/normalization,56,Final compiled M8 vs final eager M8,320,320,320,320,320,320,320,320
Layer input residual/normalization,56,Fix 1 compiled M8 vs Fix 1 eager M8,320,320,320,320,320,320,320,320
Layer input residual/normalization,56,Fix 1 compiled M8 vs Fix 1 compiled M1,320,320,320,320,320,320,320,320
Layer input residual/normalization,56,Old compiled M8 vs old compiled M1,320,320,320,320,320,320,320,320
Layer input residual/normalization,57,Final compiled M8 vs final eager M8,320,320,320,320,320,320,320,320
Layer input residual/normalization,57,Fix 1 compiled M8 vs Fix 1 eager M8,320,320,320,320,320,320,320,320
Layer input residual/normalization,57,Fix 1 compiled M8 vs Fix 1 compiled M1,320,320,320,320,320,320,320,320
Layer input residual/normalization,57,Old compiled M8 vs old compiled M1,320,320,320,320,320,320,320,320
Layer input residual/normalization,58,Final compiled M8 vs final eager M8,320,320,320,320,320,320,320,320
Layer input residual/normalization,58,Fix 1 compiled M8 vs Fix 1 eager M8,320,320,320,320,320,320,320,320
Layer input residual/normalization,58,Fix 1 compiled M8 vs Fix 1 compiled M1,320,320,320,320,320,320,320,320
Layer input residual/normalization,58,Old compiled M8 vs old compiled M1,320,320,320,320,320,320,320,320
Layer input residual/normalization,59,Final compiled M8 vs final eager M8,320,320,320,320,320,320,320,320
Layer input residual/normalization,59,Fix 1 compiled M8 vs Fix 1 eager M8,320,320,320,320,320,320,320,320
Layer input residual/normalization,59,Fix 1 compiled M8 vs Fix 1 compiled M1,320,320,320,320,320,320,320,320
Layer input residual/normalization,59,Old compiled M8 vs old compiled M1,320,320,320,320,320,320,320,320
Layer input residual/normalization,6,Final compiled M8 vs final eager M8,320,320,320,320,320,320,320,320
Layer input residual/normalization,6,Fix 1 compiled M8 vs Fix 1 eager M8,320,320,320,320,320,320,320,320
Layer input residual/normalization,6,Fix 1 compiled M8 vs Fix 1 compiled M1,320,320,320,320,320,320,320,320
Layer input residual/normalization,6,Old compiled M8 vs old compiled M1,320,320,320,320,320,320,320,320
Layer input residual/normalization,60,Final compiled M8 vs final eager M8,320,320,320,320,320,320,320,320
Layer input residual/normalization,60,Fix 1 compiled M8 vs Fix 1 eager M8,320,320,320,320,320,320,320,320
Layer input residual/normalization,60,Fix 1 compiled M8 vs Fix 1 compiled M1,320,320,320,320,320,320,320,320
Layer input residual/normalization,60,Old compiled M8 vs old compiled M1,320,320,320,320,320,320,320,320
Layer input residual/normalization,61,Final compiled M8 vs final eager M8,320,320,320,320,320,320,320,320
Layer input residual/normalization,61,Fix 1 compiled M8 vs Fix 1 eager M8,320,320,320,320,320,320,320,320
Layer input residual/normalization,61,Fix 1 compiled M8 vs Fix 1 compiled M1,320,320,320,320,320,320,320,320
Layer input residual/normalization,61,Old compiled M8 vs old compiled M1,320,320,320,320,320,320,320,320
Layer input residual/normalization,62,Final compiled M8 vs final eager M8,320,320,320,320,320,320,320,320
Layer input residual/normalization,62,Fix 1 compiled M8 vs Fix 1 eager M8,320,320,320,320,320,320,320,320
Layer input residual/normalization,62,Fix 1 compiled M8 vs Fix 1 compiled M1,320,320,320,320,320,320,320,320
Layer input residual/normalization,62,Old compiled M8 vs old compiled M1,320,320,320,320,320,320,320,320
Layer input residual/normalization,63,Final compiled M8 vs final eager M8,320,320,320,320,320,320,320,320
Layer input residual/normalization,63,Fix 1 compiled M8 vs Fix 1 eager M8,320,320,320,320,320,320,320,320
Layer input residual/normalization,63,Fix 1 compiled M8 vs Fix 1 compiled M1,320,320,320,320,320,320,320,320
Layer input residual/normalization,63,Old compiled M8 vs old compiled M1,320,320,320,320,320,320,320,320
Layer input residual/normalization,7,Final compiled M8 vs final eager M8,320,320,320,320,320,320,320,320
Layer input residual/normalization,7,Fix 1 compiled M8 vs Fix 1 eager M8,320,320,320,320,320,320,320,320
Layer input residual/normalization,7,Fix 1 compiled M8 vs Fix 1 compiled M1,320,320,320,320,320,320,320,320
Layer input residual/normalization,7,Old compiled M8 vs old compiled M1,320,320,320,320,320,320,320,320
Layer input residual/normalization,8,Final compiled M8 vs final eager M8,320,320,320,320,320,320,320,320
Layer input residual/normalization,8,Fix 1 compiled M8 vs Fix 1 eager M8,320,320,320,320,320,320,320,320
Layer input residual/normalization,8,Fix 1 compiled M8 vs Fix 1 compiled M1,320,320,320,320,320,320,320,320
Layer input residual/normalization,8,Old compiled M8 vs old compiled M1,320,320,320,320,320,320,320,320
Layer input residual/normalization,9,Final compiled M8 vs final eager M8,320,320,320,320,320,320,320,320
Layer input residual/normalization,9,Fix 1 compiled M8 vs Fix 1 eager M8,320,320,320,320,320,320,320,320
Layer input residual/normalization,9,Fix 1 compiled M8 vs Fix 1 compiled M1,320,320,320,320,320,320,320,320
Layer input residual/normalization,9,Old compiled M8 vs old compiled M1,320,320,320,320,320,320,320,320
MLP SiLU and gating,0,Final compiled M8 vs final eager M8,320,320,320,320,320,320,320,320
MLP SiLU and gating,0,Fix 1 compiled M8 vs Fix 1 eager M8,320,0,320,320,194,45,120,1
MLP SiLU and gating,0,Fix 1 compiled M8 vs Fix 1 compiled M1,320,320,320,320,320,320,320,320
MLP SiLU and gating,0,Old compiled M8 vs old compiled M1,320,320,320,320,320,320,320,320
MLP SiLU and gating,1,Final compiled M8 vs final eager M8,320,320,320,320,320,320,320,320
MLP SiLU and gating,1,Fix 1 compiled M8 vs Fix 1 eager M8,320,0,318,318,197,37,115,0
MLP SiLU and gating,1,Fix 1 compiled M8 vs Fix 1 compiled M1,320,320,320,320,320,320,320,320
MLP SiLU and gating,1,Old compiled M8 vs old compiled M1,320,320,320,320,320,320,320,320
MLP SiLU and gating,10,Final compiled M8 vs final eager M8,320,320,320,320,320,320,320,320
MLP SiLU and gating,10,Fix 1 compiled M8 vs Fix 1 eager M8,320,0,320,320,181,34,118,0
MLP SiLU and gating,10,Fix 1 compiled M8 vs Fix 1 compiled M1,320,320,320,320,320,320,320,320
MLP SiLU and gating,10,Old compiled M8 vs old compiled M1,320,320,320,320,320,320,320,320
MLP SiLU and gating,11,Final compiled M8 vs final eager M8,320,320,320,320,320,320,320,320
MLP SiLU and gating,11,Fix 1 compiled M8 vs Fix 1 eager M8,320,0,319,319,185,43,112,1
MLP SiLU and gating,11,Fix 1 compiled M8 vs Fix 1 compiled M1,320,320,320,320,320,320,320,320
MLP SiLU and gating,11,Old compiled M8 vs old compiled M1,320,320,320,320,320,320,320,320
MLP SiLU and gating,12,Final compiled M8 vs final eager M8,320,320,320,320,320,320,320,320
MLP SiLU and gating,12,Fix 1 compiled M8 vs Fix 1 eager M8,320,0,319,319,183,34,128,0
MLP SiLU and gating,12,Fix 1 compiled M8 vs Fix 1 compiled M1,320,320,320,320,320,320,320,320
MLP SiLU and gating,12,Old compiled M8 vs old compiled M1,320,320,320,320,320,320,320,320
MLP SiLU and gating,13,Final compiled M8 vs final eager M8,320,320,320,320,320,320,320,320
MLP SiLU and gating,13,Fix 1 compiled M8 vs Fix 1 eager M8,320,0,319,319,181,38,136,0
MLP SiLU and gating,13,Fix 1 compiled M8 vs Fix 1 compiled M1,320,320,320,320,320,320,320,320
MLP SiLU and gating,13,Old compiled M8 vs old compiled M1,320,320,320,320,320,320,320,320
MLP SiLU and gating,14,Final compiled M8 vs final eager M8,320,320,320,320,320,320,320,320
MLP SiLU and gating,14,Fix 1 compiled M8 vs Fix 1 eager M8,320,0,318,318,184,33,119,0
MLP SiLU and gating,14,Fix 1 compiled M8 vs Fix 1 compiled M1,320,320,320,320,320,320,320,320
MLP SiLU and gating,14,Old compiled M8 vs old compiled M1,320,320,320,320,320,320,320,320
MLP SiLU and gating,15,Final compiled M8 vs final eager M8,320,320,320,320,320,320,320,320
MLP SiLU and gating,15,Fix 1 compiled M8 vs Fix 1 eager M8,320,0,319,319,186,34,108,0
MLP SiLU and gating,15,Fix 1 compiled M8 vs Fix 1 compiled M1,320,320,320,320,320,320,320,320
MLP SiLU and gating,15,Old compiled M8 vs old compiled M1,320,320,320,320,320,320,320,320
MLP SiLU and gating,16,Final compiled M8 vs final eager M8,320,320,320,320,320,320,320,320
MLP SiLU and gating,16,Fix 1 compiled M8 vs Fix 1 eager M8,320,0,319,319,195,31,118,1
MLP SiLU and gating,16,Fix 1 compiled M8 vs Fix 1 compiled M1,320,320,320,320,320,320,320,320
MLP SiLU and gating,16,Old compiled M8 vs old compiled M1,320,320,320,320,320,320,320,320
MLP SiLU and gating,17,Final compiled M8 vs final eager M8,320,320,320,320,320,320,320,320
MLP SiLU and gating,17,Fix 1 compiled M8 vs Fix 1 eager M8,320,0,318,318,199,34,113,0
MLP SiLU and gating,17,Fix 1 compiled M8 vs Fix 1 compiled M1,320,320,320,320,320,320,320,320
MLP SiLU and gating,17,Old compiled M8 vs old compiled M1,320,320,320,320,320,320,320,320
MLP SiLU and gating,18,Final compiled M8 vs final eager M8,320,320,320,320,320,320,320,320
MLP SiLU and gating,18,Fix 1 compiled M8 vs Fix 1 eager M8,320,0,318,318,185,32,118,0
MLP SiLU and gating,18,Fix 1 compiled M8 vs Fix 1 compiled M1,320,320,320,320,320,320,320,320
MLP SiLU and gating,18,Old compiled M8 vs old compiled M1,320,320,320,320,320,320,320,320
MLP SiLU and gating,19,Final compiled M8 vs final eager M8,320,320,320,320,320,320,320,320
MLP SiLU and gating,19,Fix 1 compiled M8 vs Fix 1 eager M8,320,0,319,319,184,42,125,1
MLP SiLU and gating,19,Fix 1 compiled M8 vs Fix 1 compiled M1,320,320,320,320,320,320,320,320
MLP SiLU and gating,19,Old compiled M8 vs old compiled M1,320,320,320,320,320,320,320,320
MLP SiLU and gating,2,Final compiled M8 vs final eager M8,320,320,320,320,320,320,320,320
MLP SiLU and gating,2,Fix 1 compiled M8 vs Fix 1 eager M8,320,0,318,318,188,38,111,1
MLP SiLU and gating,2,Fix 1 compiled M8 vs Fix 1 compiled M1,320,320,320,320,320,320,320,320
MLP SiLU and gating,2,Old compiled M8 vs old compiled M1,320,320,320,320,320,320,320,320
MLP SiLU and gating,20,Final compiled M8 vs final eager M8,320,320,320,320,320,320,320,320
MLP SiLU and gating,20,Fix 1 compiled M8 vs Fix 1 eager M8,320,0,318,318,190,33,124,1
MLP SiLU and gating,20,Fix 1 compiled M8 vs Fix 1 compiled M1,320,320,320,320,320,320,320,320
MLP SiLU and gating,20,Old compiled M8 vs old compiled M1,320,320,320,320,320,320,320,320
MLP SiLU and gating,21,Final compiled M8 vs final eager M8,320,320,320,320,320,320,320,320
MLP SiLU and gating,21,Fix 1 compiled M8 vs Fix 1 eager M8,320,0,319,319,193,36,110,0
MLP SiLU and gating,21,Fix 1 compiled M8 vs Fix 1 compiled M1,320,320,320,320,320,320,320,320
MLP SiLU and gating,21,Old compiled M8 vs old compiled M1,320,320,320,320,320,320,320,320
MLP SiLU and gating,22,Final compiled M8 vs final eager M8,320,320,320,320,320,320,320,320
MLP SiLU and gating,22,Fix 1 compiled M8 vs Fix 1 eager M8,320,0,318,318,184,33,110,0
MLP SiLU and gating,22,Fix 1 compiled M8 vs Fix 1 compiled M1,320,320,320,320,320,320,320,320
MLP SiLU and gating,22,Old compiled M8 vs old compiled M1,320,320,320,320,320,320,320,320
MLP SiLU and gating,23,Final compiled M8 vs final eager M8,320,320,320,320,320,320,320,320
MLP SiLU and gating,23,Fix 1 compiled M8 vs Fix 1 eager M8,320,0,320,320,195,40,113,1
MLP SiLU and gating,23,Fix 1 compiled M8 vs Fix 1 compiled M1,320,320,320,320,320,320,320,320
MLP SiLU and gating,23,Old compiled M8 vs old compiled M1,320,320,320,320,320,320,320,320
MLP SiLU and gating,24,Final compiled M8 vs final eager M8,320,320,320,320,320,320,320,320
MLP SiLU and gating,24,Fix 1 compiled M8 vs Fix 1 eager M8,320,0,319,319,192,41,115,0
MLP SiLU and gating,24,Fix 1 compiled M8 vs Fix 1 compiled M1,320,320,320,320,320,320,320,320
MLP SiLU and gating,24,Old compiled M8 vs old compiled M1,320,320,320,320,320,320,320,320
MLP SiLU and gating,25,Final compiled M8 vs final eager M8,320,320,320,320,320,320,320,320
MLP SiLU and gating,25,Fix 1 compiled M8 vs Fix 1 eager M8,320,0,318,318,191,32,113,1
MLP SiLU and gating,25,Fix 1 compiled M8 vs Fix 1 compiled M1,320,320,320,320,320,320,320,320
MLP SiLU and gating,25,Old compiled M8 vs old compiled M1,320,320,320,320,320,320,320,320
MLP SiLU and gating,26,Final compiled M8 vs final eager M8,320,320,320,320,320,320,320,320
MLP SiLU and gating,26,Fix 1 compiled M8 vs Fix 1 eager M8,320,0,318,318,202,50,107,0
MLP SiLU and gating,26,Fix 1 compiled M8 vs Fix 1 compiled M1,320,320,320,320,320,320,320,320
MLP SiLU and gating,26,Old compiled M8 vs old compiled M1,320,320,320,320,320,320,320,320
MLP SiLU and gating,27,Final compiled M8 vs final eager M8,320,320,320,320,320,320,320,320
MLP SiLU and gating,27,Fix 1 compiled M8 vs Fix 1 eager M8,320,0,318,318,198,36,136,0
MLP SiLU and gating,27,Fix 1 compiled M8 vs Fix 1 compiled M1,320,320,320,320,320,320,320,320
MLP SiLU and gating,27,Old compiled M8 vs old compiled M1,320,320,320,320,320,320,320,320
MLP SiLU and gating,28,Final compiled M8 vs final eager M8,320,320,320,320,320,320,320,320
MLP SiLU and gating,28,Fix 1 compiled M8 vs Fix 1 eager M8,320,0,318,318,198,41,119,3
MLP SiLU and gating,28,Fix 1 compiled M8 vs Fix 1 compiled M1,320,320,320,320,320,320,320,320
MLP SiLU and gating,28,Old compiled M8 vs old compiled M1,320,320,320,320,320,320,320,320
MLP SiLU and gating,29,Final compiled M8 vs final eager M8,320,320,320,320,320,320,320,320
MLP SiLU and gating,29,Fix 1 compiled M8 vs Fix 1 eager M8,320,0,319,319,201,37,124,2
MLP SiLU and gating,29,Fix 1 compiled M8 vs Fix 1 compiled M1,320,320,320,320,320,320,320,320
MLP SiLU and gating,29,Old compiled M8 vs old compiled M1,320,320,320,320,320,320,320,320
MLP SiLU and gating,3,Final compiled M8 vs final eager M8,320,320,320,320,320,320,320,320
MLP SiLU and gating,3,Fix 1 compiled M8 vs Fix 1 eager M8,320,0,319,319,177,33,122,0
MLP SiLU and gating,3,Fix 1 compiled M8 vs Fix 1 compiled M1,320,320,320,320,320,320,320,320
MLP SiLU and gating,3,Old compiled M8 vs old compiled M1,320,320,320,320,320,320,320,320
MLP SiLU and gating,30,Final compiled M8 vs final eager M8,320,320,320,320,320,320,320,320
MLP SiLU and gating,30,Fix 1 compiled M8 vs Fix 1 eager M8,320,0,319,319,193,46,112,0
MLP SiLU and gating,30,Fix 1 compiled M8 vs Fix 1 compiled M1,320,320,320,320,320,320,320,320
MLP SiLU and gating,30,Old compiled M8 vs old compiled M1,320,320,320,320,320,320,320,320
MLP SiLU and gating,31,Final compiled M8 vs final eager M8,320,320,320,320,320,320,320,320
MLP SiLU and gating,31,Fix 1 compiled M8 vs Fix 1 eager M8,320,0,318,318,191,41,127,2
MLP SiLU and gating,31,Fix 1 compiled M8 vs Fix 1 compiled M1,320,320,320,320,320,320,320,320
MLP SiLU and gating,31,Old compiled M8 vs old compiled M1,320,320,320,320,320,320,320,320
MLP SiLU and gating,32,Final compiled M8 vs final eager M8,320,320,320,320,320,320,320,320
MLP SiLU and gating,32,Fix 1 compiled M8 vs Fix 1 eager M8,320,0,318,318,216,34,117,0
MLP SiLU and gating,32,Fix 1 compiled M8 vs Fix 1 compiled M1,320,320,320,320,320,320,320,320
MLP SiLU and gating,32,Old compiled M8 vs old compiled M1,320,320,320,320,320,320,320,320
MLP SiLU and gating,33,Final compiled M8 vs final eager M8,320,320,320,320,320,320,320,320
MLP SiLU and gating,33,Fix 1 compiled M8 vs Fix 1 eager M8,320,0,319,319,197,42,128,0
MLP SiLU and gating,33,Fix 1 compiled M8 vs Fix 1 compiled M1,320,320,320,320,320,320,320,320
MLP SiLU and gating,33,Old compiled M8 vs old compiled M1,320,320,320,320,320,320,320,320
MLP SiLU and gating,34,Final compiled M8 vs final eager M8,320,320,320,320,320,320,320,320
MLP SiLU and gating,34,Fix 1 compiled M8 vs Fix 1 eager M8,320,0,317,317,201,40,133,0
MLP SiLU and gating,34,Fix 1 compiled M8 vs Fix 1 compiled M1,320,320,320,320,320,320,320,320
MLP SiLU and gating,34,Old compiled M8 vs old compiled M1,320,320,320,320,320,320,320,320
MLP SiLU and gating,35,Final compiled M8 vs final eager M8,320,320,320,320,320,320,320,320
MLP SiLU and gating,35,Fix 1 compiled M8 vs Fix 1 eager M8,320,0,318,318,207,53,122,2
MLP SiLU and gating,35,Fix 1 compiled M8 vs Fix 1 compiled M1,320,320,320,320,320,320,320,320
MLP SiLU and gating,35,Old compiled M8 vs old compiled M1,320,320,320,320,320,320,320,320
MLP SiLU and gating,36,Final compiled M8 vs final eager M8,320,320,320,320,320,320,320,320
MLP SiLU and gating,36,Fix 1 compiled M8 vs Fix 1 eager M8,320,0,319,319,200,43,126,0
MLP SiLU and gating,36,Fix 1 compiled M8 vs Fix 1 compiled M1,320,320,320,320,320,320,320,320
MLP SiLU and gating,36,Old compiled M8 vs old compiled M1,320,320,320,320,320,320,320,320
MLP SiLU and gating,37,Final compiled M8 vs final eager M8,320,320,320,320,320,320,320,320
MLP SiLU and gating,37,Fix 1 compiled M8 vs Fix 1 eager M8,320,0,319,319,205,43,128,0
MLP SiLU and gating,37,Fix 1 compiled M8 vs Fix 1 compiled M1,320,320,320,320,320,320,320,320
MLP SiLU and gating,37,Old compiled M8 vs old compiled M1,320,320,320,320,320,320,320,320
MLP SiLU and gating,38,Final compiled M8 vs final eager M8,320,320,320,320,320,320,320,320
MLP SiLU and gating,38,Fix 1 compiled M8 vs Fix 1 eager M8,320,0,318,318,210,49,129,0
MLP SiLU and gating,38,Fix 1 compiled M8 vs Fix 1 compiled M1,320,320,320,320,320,320,320,320
MLP SiLU and gating,38,Old compiled M8 vs old compiled M1,320,320,320,320,320,320,320,320
MLP SiLU and gating,39,Final compiled M8 vs final eager M8,320,320,320,320,320,320,320,320
MLP SiLU and gating,39,Fix 1 compiled M8 vs Fix 1 eager M8,320,0,319,319,211,38,126,1
MLP SiLU and gating,39,Fix 1 compiled M8 vs Fix 1 compiled M1,320,320,320,320,320,320,320,320
MLP SiLU and gating,39,Old compiled M8 vs old compiled M1,320,320,320,320,320,320,320,320
MLP SiLU and gating,4,Final compiled M8 vs final eager M8,320,320,320,320,320,320,320,320
MLP SiLU and gating,4,Fix 1 compiled M8 vs Fix 1 eager M8,320,0,318,318,190,35,108,1
MLP SiLU and gating,4,Fix 1 compiled M8 vs Fix 1 compiled M1,320,320,320,320,320,320,320,320
MLP SiLU and gating,4,Old compiled M8 vs old compiled M1,320,320,320,320,320,320,320,320
MLP SiLU and gating,40,Final compiled M8 vs final eager M8,320,320,320,320,320,320,320,320
MLP SiLU and gating,40,Fix 1 compiled M8 vs Fix 1 eager M8,320,0,319,319,206,46,131,1
MLP SiLU and gating,40,Fix 1 compiled M8 vs Fix 1 compiled M1,320,320,320,320,320,320,320,320
MLP SiLU and gating,40,Old compiled M8 vs old compiled M1,320,320,320,320,320,320,320,320
MLP SiLU and gating,41,Final compiled M8 vs final eager M8,320,320,320,320,320,320,320,320
MLP SiLU and gating,41,Fix 1 compiled M8 vs Fix 1 eager M8,320,0,319,319,213,49,132,0
MLP SiLU and gating,41,Fix 1 compiled M8 vs Fix 1 compiled M1,320,320,320,320,320,320,320,320
MLP SiLU and gating,41,Old compiled M8 vs old compiled M1,320,320,320,320,320,320,320,320
MLP SiLU and gating,42,Final compiled M8 vs final eager M8,320,320,320,320,320,320,320,320
MLP SiLU and gating,42,Fix 1 compiled M8 vs Fix 1 eager M8,320,0,319,319,213,41,128,1
MLP SiLU and gating,42,Fix 1 compiled M8 vs Fix 1 compiled M1,320,320,320,320,320,320,320,320
MLP SiLU and gating,42,Old compiled M8 vs old compiled M1,320,320,320,320,320,320,320,320
MLP SiLU and gating,43,Final compiled M8 vs final eager M8,320,320,320,320,320,320,320,320
MLP SiLU and gating,43,Fix 1 compiled M8 vs Fix 1 eager M8,320,0,319,319,214,39,128,0
MLP SiLU and gating,43,Fix 1 compiled M8 vs Fix 1 compiled M1,320,320,320,320,320,320,320,320
MLP SiLU and gating,43,Old compiled M8 vs old compiled M1,320,320,320,320,320,320,320,320
MLP SiLU and gating,44,Final compiled M8 vs final eager M8,320,320,320,320,320,320,320,320
MLP SiLU and gating,44,Fix 1 compiled M8 vs Fix 1 eager M8,320,0,318,318,208,47,134,0
MLP SiLU and gating,44,Fix 1 compiled M8 vs Fix 1 compiled M1,320,320,320,320,320,320,320,320
MLP SiLU and gating,44,Old compiled M8 vs old compiled M1,320,320,320,320,320,320,320,320
MLP SiLU and gating,45,Final compiled M8 vs final eager M8,320,320,320,320,320,320,320,320
MLP SiLU and gating,45,Fix 1 compiled M8 vs Fix 1 eager M8,320,0,319,319,218,35,145,3
MLP SiLU and gating,45,Fix 1 compiled M8 vs Fix 1 compiled M1,320,320,320,320,320,320,320,320
MLP SiLU and gating,45,Old compiled M8 vs old compiled M1,320,320,320,320,320,320,320,320
MLP SiLU and gating,46,Final compiled M8 vs final eager M8,320,320,320,320,320,320,320,320
MLP SiLU and gating,46,Fix 1 compiled M8 vs Fix 1 eager M8,320,0,319,319,198,43,126,1
MLP SiLU and gating,46,Fix 1 compiled M8 vs Fix 1 compiled M1,320,320,320,320,320,320,320,320
MLP SiLU and gating,46,Old compiled M8 vs old compiled M1,320,320,320,320,320,320,320,320
MLP SiLU and gating,47,Final compiled M8 vs final eager M8,320,320,320,320,320,320,320,320
MLP SiLU and gating,47,Fix 1 compiled M8 vs Fix 1 eager M8,320,0,319,319,225,46,144,0
MLP SiLU and gating,47,Fix 1 compiled M8 vs Fix 1 compiled M1,320,320,320,320,320,320,320,320
MLP SiLU and gating,47,Old compiled M8 vs old compiled M1,320,320,320,320,320,320,320,320
MLP SiLU and gating,48,Final compiled M8 vs final eager M8,320,320,320,320,320,320,320,320
MLP SiLU and gating,48,Fix 1 compiled M8 vs Fix 1 eager M8,320,0,319,319,231,68,148,2
MLP SiLU and gating,48,Fix 1 compiled M8 vs Fix 1 compiled M1,320,320,320,320,320,320,320,320
MLP SiLU and gating,48,Old compiled M8 vs old compiled M1,320,320,320,320,320,320,320,320
MLP SiLU and gating,49,Final compiled M8 vs final eager M8,320,320,320,320,320,320,320,320
MLP SiLU and gating,49,Fix 1 compiled M8 vs Fix 1 eager M8,320,0,319,319,209,57,145,1
MLP SiLU and gating,49,Fix 1 compiled M8 vs Fix 1 compiled M1,320,320,320,320,320,320,320,320
MLP SiLU and gating,49,Old compiled M8 vs old compiled M1,320,320,320,320,320,320,320,320
MLP SiLU and gating,5,Final compiled M8 vs final eager M8,320,320,320,320,320,320,320,320
MLP SiLU and gating,5,Fix 1 compiled M8 vs Fix 1 eager M8,320,0,318,318,196,42,120,0
MLP SiLU and gating,5,Fix 1 compiled M8 vs Fix 1 compiled M1,320,320,320,320,320,320,320,320
MLP SiLU and gating,5,Old compiled M8 vs old compiled M1,320,320,320,320,320,320,320,320
MLP SiLU and gating,50,Final compiled M8 vs final eager M8,320,320,320,320,320,320,320,320
MLP SiLU and gating,50,Fix 1 compiled M8 vs Fix 1 eager M8,320,0,318,318,224,60,141,0
MLP SiLU and gating,50,Fix 1 compiled M8 vs Fix 1 compiled M1,320,320,320,320,320,320,320,320
MLP SiLU and gating,50,Old compiled M8 vs old compiled M1,320,320,320,320,320,320,320,320
MLP SiLU and gating,51,Final compiled M8 vs final eager M8,320,320,320,320,320,320,320,320
MLP SiLU and gating,51,Fix 1 compiled M8 vs Fix 1 eager M8,320,0,319,319,228,51,153,0
MLP SiLU and gating,51,Fix 1 compiled M8 vs Fix 1 compiled M1,320,320,320,320,320,320,320,320
MLP SiLU and gating,51,Old compiled M8 vs old compiled M1,320,320,320,320,320,320,320,320
MLP SiLU and gating,52,Final compiled M8 vs final eager M8,320,320,320,320,320,320,320,320
MLP SiLU and gating,52,Fix 1 compiled M8 vs Fix 1 eager M8,320,0,319,319,229,56,167,3
MLP SiLU and gating,52,Fix 1 compiled M8 vs Fix 1 compiled M1,320,320,320,320,320,320,320,320
MLP SiLU and gating,52,Old compiled M8 vs old compiled M1,320,320,320,320,320,320,320,320
MLP SiLU and gating,53,Final compiled M8 vs final eager M8,320,320,320,320,320,320,320,320
MLP SiLU and gating,53,Fix 1 compiled M8 vs Fix 1 eager M8,320,0,318,318,235,72,163,3
MLP SiLU and gating,53,Fix 1 compiled M8 vs Fix 1 compiled M1,320,320,320,320,320,320,320,320
MLP SiLU and gating,53,Old compiled M8 vs old compiled M1,320,320,320,320,320,320,320,320
MLP SiLU and gating,54,Final compiled M8 vs final eager M8,320,320,320,320,320,320,320,320
MLP SiLU and gating,54,Fix 1 compiled M8 vs Fix 1 eager M8,320,0,318,318,243,76,178,4
MLP SiLU and gating,54,Fix 1 compiled M8 vs Fix 1 compiled M1,320,320,320,320,320,320,320,320
MLP SiLU and gating,54,Old compiled M8 vs old compiled M1,320,320,320,320,320,320,320,320
MLP SiLU and gating,55,Final compiled M8 vs final eager M8,320,320,320,320,320,320,320,320
MLP SiLU and gating,55,Fix 1 compiled M8 vs Fix 1 eager M8,320,0,319,319,234,88,186,3
MLP SiLU and gating,55,Fix 1 compiled M8 vs Fix 1 compiled M1,320,320,320,320,320,320,320,320
MLP SiLU and gating,55,Old compiled M8 vs old compiled M1,320,320,320,320,320,320,320,320
MLP SiLU and gating,56,Final compiled M8 vs final eager M8,320,320,320,320,320,320,320,320
MLP SiLU and gating,56,Fix 1 compiled M8 vs Fix 1 eager M8,320,0,319,319,237,84,168,4
MLP SiLU and gating,56,Fix 1 compiled M8 vs Fix 1 compiled M1,320,320,320,320,320,320,320,320
MLP SiLU and gating,56,Old compiled M8 vs old compiled M1,320,320,320,320,320,320,320,320
MLP SiLU and gating,57,Final compiled M8 vs final eager M8,320,320,320,320,320,320,320,320
MLP SiLU and gating,57,Fix 1 compiled M8 vs Fix 1 eager M8,320,0,319,319,256,93,187,3
MLP SiLU and gating,57,Fix 1 compiled M8 vs Fix 1 compiled M1,320,320,320,320,320,320,320,320
MLP SiLU and gating,57,Old compiled M8 vs old compiled M1,320,320,320,320,320,320,320,320
MLP SiLU and gating,58,Final compiled M8 vs final eager M8,320,320,320,320,320,320,320,320
MLP SiLU and gating,58,Fix 1 compiled M8 vs Fix 1 eager M8,320,0,318,318,238,82,188,7
MLP SiLU and gating,58,Fix 1 compiled M8 vs Fix 1 compiled M1,320,320,320,320,320,320,320,320
MLP SiLU and gating,58,Old compiled M8 vs old compiled M1,320,320,320,320,320,320,320,320
MLP SiLU and gating,59,Final compiled M8 vs final eager M8,320,320,320,320,320,320,320,320
MLP SiLU and gating,59,Fix 1 compiled M8 vs Fix 1 eager M8,320,0,320,320,240,100,185,12
MLP SiLU and gating,59,Fix 1 compiled M8 vs Fix 1 compiled M1,320,320,320,320,320,320,320,320
MLP SiLU and gating,59,Old compiled M8 vs old compiled M1,320,320,320,320,320,320,320,320
MLP SiLU and gating,6,Final compiled M8 vs final eager M8,320,320,320,320,320,320,320,320
MLP SiLU and gating,6,Fix 1 compiled M8 vs Fix 1 eager M8,320,0,319,319,185,41,111,0
MLP SiLU and gating,6,Fix 1 compiled M8 vs Fix 1 compiled M1,320,320,320,320,320,320,320,320
MLP SiLU and gating,6,Old compiled M8 vs old compiled M1,320,320,320,320,320,320,320,320
MLP SiLU and gating,60,Final compiled M8 vs final eager M8,320,320,320,320,320,320,320,320
MLP SiLU and gating,60,Fix 1 compiled M8 vs Fix 1 eager M8,320,0,319,319,252,114,207,12
MLP SiLU and gating,60,Fix 1 compiled M8 vs Fix 1 compiled M1,320,320,320,320,320,320,320,320
MLP SiLU and gating,60,Old compiled M8 vs old compiled M1,320,320,320,320,320,320,320,320
MLP SiLU and gating,61,Final compiled M8 vs final eager M8,320,320,320,320,320,320,320,320
MLP SiLU and gating,61,Fix 1 compiled M8 vs Fix 1 eager M8,320,0,319,319,263,121,214,12
MLP SiLU and gating,61,Fix 1 compiled M8 vs Fix 1 compiled M1,320,320,320,320,320,320,320,320
MLP SiLU and gating,61,Old compiled M8 vs old compiled M1,320,320,320,320,320,320,320,320
MLP SiLU and gating,62,Final compiled M8 vs final eager M8,320,320,320,320,320,320,320,320
MLP SiLU and gating,62,Fix 1 compiled M8 vs Fix 1 eager M8,320,0,319,319,276,158,242,25
MLP SiLU and gating,62,Fix 1 compiled M8 vs Fix 1 compiled M1,320,320,320,320,320,320,320,320
MLP SiLU and gating,62,Old compiled M8 vs old compiled M1,320,320,320,320,320,320,320,320
MLP SiLU and gating,63,Final compiled M8 vs final eager M8,320,320,320,320,320,320,320,320
MLP SiLU and gating,63,Fix 1 compiled M8 vs Fix 1 eager M8,320,0,319,319,311,268,292,160
MLP SiLU and gating,63,Fix 1 compiled M8 vs Fix 1 compiled M1,320,320,320,320,320,320,320,320
MLP SiLU and gating,63,Old compiled M8 vs old compiled M1,320,320,320,320,320,320,320,320
MLP SiLU and gating,7,Final compiled M8 vs final eager M8,320,320,320,320,320,320,320,320
MLP SiLU and gating,7,Fix 1 compiled M8 vs Fix 1 eager M8,320,0,318,318,203,40,123,0
MLP SiLU and gating,7,Fix 1 compiled M8 vs Fix 1 compiled M1,320,320,320,320,320,320,320,320
MLP SiLU and gating,7,Old compiled M8 vs old compiled M1,320,320,320,320,320,320,320,320
MLP SiLU and gating,8,Final compiled M8 vs final eager M8,320,320,320,320,320,320,320,320
MLP SiLU and gating,8,Fix 1 compiled M8 vs Fix 1 eager M8,320,0,320,320,201,33,115,0
MLP SiLU and gating,8,Fix 1 compiled M8 vs Fix 1 compiled M1,320,320,320,320,320,320,320,320
MLP SiLU and gating,8,Old compiled M8 vs old compiled M1,320,320,320,320,320,320,320,320
MLP SiLU and gating,9,Final compiled M8 vs final eager M8,320,320,320,320,320,320,320,320
MLP SiLU and gating,9,Fix 1 compiled M8 vs Fix 1 eager M8,320,0,318,318,188,44,117,0
MLP SiLU and gating,9,Fix 1 compiled M8 vs Fix 1 compiled M1,320,320,320,320,320,320,320,320
MLP SiLU and gating,9,Old compiled M8 vs old compiled M1,320,320,320,320,320,320,320,320
MLP down input FP8 quantization,0,Final compiled M8 vs final eager M8,320,320,320,320,320,320,320,320
MLP down input FP8 quantization,0,Fix 1 compiled M8 vs Fix 1 eager M8,320,320,320,320,320,320,320,320
MLP down input FP8 quantization,0,Fix 1 compiled M8 vs Fix 1 compiled M1,320,320,320,320,320,320,320,320
MLP down input FP8 quantization,0,Old compiled M8 vs old compiled M1,320,320,320,320,320,320,320,320
MLP down input FP8 quantization,1,Final compiled M8 vs final eager M8,320,320,320,320,320,320,320,320
MLP down input FP8 quantization,1,Fix 1 compiled M8 vs Fix 1 eager M8,320,320,320,320,320,320,320,320
MLP down input FP8 quantization,1,Fix 1 compiled M8 vs Fix 1 compiled M1,320,320,320,320,320,320,320,320
MLP down input FP8 quantization,1,Old compiled M8 vs old compiled M1,320,320,320,320,320,320,320,320
MLP down input FP8 quantization,10,Final compiled M8 vs final eager M8,320,320,320,320,320,320,320,320
MLP down input FP8 quantization,10,Fix 1 compiled M8 vs Fix 1 eager M8,320,320,320,320,320,320,320,320
MLP down input FP8 quantization,10,Fix 1 compiled M8 vs Fix 1 compiled M1,320,320,320,320,320,320,320,320
MLP down input FP8 quantization,10,Old compiled M8 vs old compiled M1,320,320,320,320,320,320,320,320
MLP down input FP8 quantization,11,Final compiled M8 vs final eager M8,320,320,320,320,320,320,320,320
MLP down input FP8 quantization,11,Fix 1 compiled M8 vs Fix 1 eager M8,320,320,320,320,320,320,320,320
MLP down input FP8 quantization,11,Fix 1 compiled M8 vs Fix 1 compiled M1,320,320,320,320,320,320,320,320
MLP down input FP8 quantization,11,Old compiled M8 vs old compiled M1,320,320,320,320,320,320,320,320
MLP down input FP8 quantization,12,Final compiled M8 vs final eager M8,320,320,320,320,320,320,320,320
MLP down input FP8 quantization,12,Fix 1 compiled M8 vs Fix 1 eager M8,320,320,320,320,320,320,320,320
MLP down input FP8 quantization,12,Fix 1 compiled M8 vs Fix 1 compiled M1,320,320,320,320,320,320,320,320
MLP down input FP8 quantization,12,Old compiled M8 vs old compiled M1,320,320,320,320,320,320,320,320
MLP down input FP8 quantization,13,Final compiled M8 vs final eager M8,320,320,320,320,320,320,320,320
MLP down input FP8 quantization,13,Fix 1 compiled M8 vs Fix 1 eager M8,320,320,320,320,320,320,320,320
MLP down input FP8 quantization,13,Fix 1 compiled M8 vs Fix 1 compiled M1,320,320,320,320,320,320,320,320
MLP down input FP8 quantization,13,Old compiled M8 vs old compiled M1,320,320,320,320,320,320,320,320
MLP down input FP8 quantization,14,Final compiled M8 vs final eager M8,320,320,320,320,320,320,320,320
MLP down input FP8 quantization,14,Fix 1 compiled M8 vs Fix 1 eager M8,320,320,320,320,320,320,320,320
MLP down input FP8 quantization,14,Fix 1 compiled M8 vs Fix 1 compiled M1,320,320,320,320,320,320,320,320
MLP down input FP8 quantization,14,Old compiled M8 vs old compiled M1,320,320,320,320,320,320,320,320
MLP down input FP8 quantization,15,Final compiled M8 vs final eager M8,320,320,320,320,320,320,320,320
MLP down input FP8 quantization,15,Fix 1 compiled M8 vs Fix 1 eager M8,320,320,320,320,320,320,320,320
MLP down input FP8 quantization,15,Fix 1 compiled M8 vs Fix 1 compiled M1,320,320,320,320,320,320,320,320
MLP down input FP8 quantization,15,Old compiled M8 vs old compiled M1,320,320,320,320,320,320,320,320
MLP down input FP8 quantization,16,Final compiled M8 vs final eager M8,320,320,320,320,320,320,320,320
MLP down input FP8 quantization,16,Fix 1 compiled M8 vs Fix 1 eager M8,320,320,320,320,320,320,320,320
MLP down input FP8 quantization,16,Fix 1 compiled M8 vs Fix 1 compiled M1,320,320,320,320,320,320,320,320
MLP down input FP8 quantization,16,Old compiled M8 vs old compiled M1,320,320,320,320,320,320,320,320
MLP down input FP8 quantization,17,Final compiled M8 vs final eager M8,320,320,320,320,320,320,320,320
MLP down input FP8 quantization,17,Fix 1 compiled M8 vs Fix 1 eager M8,320,320,320,320,320,320,320,320
MLP down input FP8 quantization,17,Fix 1 compiled M8 vs Fix 1 compiled M1,320,320,320,320,320,320,320,320
MLP down input FP8 quantization,17,Old compiled M8 vs old compiled M1,320,320,320,320,320,320,320,320
MLP down input FP8 quantization,18,Final compiled M8 vs final eager M8,320,320,320,320,320,320,320,320
MLP down input FP8 quantization,18,Fix 1 compiled M8 vs Fix 1 eager M8,320,320,320,320,320,320,320,320
MLP down input FP8 quantization,18,Fix 1 compiled M8 vs Fix 1 compiled M1,320,320,320,320,320,320,320,320
MLP down input FP8 quantization,18,Old compiled M8 vs old compiled M1,320,320,320,320,320,320,320,320
MLP down input FP8 quantization,19,Final compiled M8 vs final eager M8,320,320,320,320,320,320,320,320
MLP down input FP8 quantization,19,Fix 1 compiled M8 vs Fix 1 eager M8,320,320,320,320,320,320,320,320
MLP down input FP8 quantization,19,Fix 1 compiled M8 vs Fix 1 compiled M1,320,320,320,320,320,320,320,320
MLP down input FP8 quantization,19,Old compiled M8 vs old compiled M1,320,320,320,320,320,320,320,320
MLP down input FP8 quantization,2,Final compiled M8 vs final eager M8,320,320,320,320,320,320,320,320
MLP down input FP8 quantization,2,Fix 1 compiled M8 vs Fix 1 eager M8,320,320,320,320,320,320,320,320
MLP down input FP8 quantization,2,Fix 1 compiled M8 vs Fix 1 compiled M1,320,320,320,320,320,320,320,320
MLP down input FP8 quantization,2,Old compiled M8 vs old compiled M1,320,320,320,320,320,320,320,320
MLP down input FP8 quantization,20,Final compiled M8 vs final eager M8,320,320,320,320,320,320,320,320
MLP down input FP8 quantization,20,Fix 1 compiled M8 vs Fix 1 eager M8,320,320,320,320,320,320,320,320
MLP down input FP8 quantization,20,Fix 1 compiled M8 vs Fix 1 compiled M1,320,320,320,320,320,320,320,320
MLP down input FP8 quantization,20,Old compiled M8 vs old compiled M1,320,320,320,320,320,320,320,320
MLP down input FP8 quantization,21,Final compiled M8 vs final eager M8,320,320,320,320,320,320,320,320
MLP down input FP8 quantization,21,Fix 1 compiled M8 vs Fix 1 eager M8,320,320,320,320,320,320,320,320
MLP down input FP8 quantization,21,Fix 1 compiled M8 vs Fix 1 compiled M1,320,320,320,320,320,320,320,320
MLP down input FP8 quantization,21,Old compiled M8 vs old compiled M1,320,320,320,320,320,320,320,320
MLP down input FP8 quantization,22,Final compiled M8 vs final eager M8,320,320,320,320,320,320,320,320
MLP down input FP8 quantization,22,Fix 1 compiled M8 vs Fix 1 eager M8,320,320,320,320,320,320,320,320
MLP down input FP8 quantization,22,Fix 1 compiled M8 vs Fix 1 compiled M1,320,320,320,320,320,320,320,320
MLP down input FP8 quantization,22,Old compiled M8 vs old compiled M1,320,320,320,320,320,320,320,320
MLP down input FP8 quantization,23,Final compiled M8 vs final eager M8,320,320,320,320,320,320,320,320
MLP down input FP8 quantization,23,Fix 1 compiled M8 vs Fix 1 eager M8,320,320,320,320,320,320,320,320
MLP down input FP8 quantization,23,Fix 1 compiled M8 vs Fix 1 compiled M1,320,320,320,320,320,320,320,320
MLP down input FP8 quantization,23,Old compiled M8 vs old compiled M1,320,320,320,320,320,320,320,320
MLP down input FP8 quantization,24,Final compiled M8 vs final eager M8,320,320,320,320,320,320,320,320
MLP down input FP8 quantization,24,Fix 1 compiled M8 vs Fix 1 eager M8,320,320,320,320,320,320,320,320
MLP down input FP8 quantization,24,Fix 1 compiled M8 vs Fix 1 compiled M1,320,320,320,320,320,320,320,320
MLP down input FP8 quantization,24,Old compiled M8 vs old compiled M1,320,320,320,320,320,320,320,320
MLP down input FP8 quantization,25,Final compiled M8 vs final eager M8,320,320,320,320,320,320,320,320
MLP down input FP8 quantization,25,Fix 1 compiled M8 vs Fix 1 eager M8,320,320,320,320,320,320,320,320
MLP down input FP8 quantization,25,Fix 1 compiled M8 vs Fix 1 compiled M1,320,320,320,320,320,320,320,320
MLP down input FP8 quantization,25,Old compiled M8 vs old compiled M1,320,320,320,320,320,320,320,320
MLP down input FP8 quantization,26,Final compiled M8 vs final eager M8,320,320,320,320,320,320,320,320
MLP down input FP8 quantization,26,Fix 1 compiled M8 vs Fix 1 eager M8,320,320,320,320,320,320,320,320
MLP down input FP8 quantization,26,Fix 1 compiled M8 vs Fix 1 compiled M1,320,320,320,320,320,320,320,320
MLP down input FP8 quantization,26,Old compiled M8 vs old compiled M1,320,320,320,320,320,320,320,320
MLP down input FP8 quantization,27,Final compiled M8 vs final eager M8,320,320,320,320,320,320,320,320
MLP down input FP8 quantization,27,Fix 1 compiled M8 vs Fix 1 eager M8,320,320,320,320,320,320,320,320
MLP down input FP8 quantization,27,Fix 1 compiled M8 vs Fix 1 compiled M1,320,320,320,320,320,320,320,320
MLP down input FP8 quantization,27,Old compiled M8 vs old compiled M1,320,320,320,320,320,320,320,320
MLP down input FP8 quantization,28,Final compiled M8 vs final eager M8,320,320,320,320,320,320,320,320
MLP down input FP8 quantization,28,Fix 1 compiled M8 vs Fix 1 eager M8,320,320,320,320,320,320,320,320
MLP down input FP8 quantization,28,Fix 1 compiled M8 vs Fix 1 compiled M1,320,320,320,320,320,320,320,320
MLP down input FP8 quantization,28,Old compiled M8 vs old compiled M1,320,320,320,320,320,320,320,320
MLP down input FP8 quantization,29,Final compiled M8 vs final eager M8,320,320,320,320,320,320,320,320
MLP down input FP8 quantization,29,Fix 1 compiled M8 vs Fix 1 eager M8,320,320,320,320,320,320,320,320
MLP down input FP8 quantization,29,Fix 1 compiled M8 vs Fix 1 compiled M1,320,320,320,320,320,320,320,320
MLP down input FP8 quantization,29,Old compiled M8 vs old compiled M1,320,320,320,320,320,320,320,320
MLP down input FP8 quantization,3,Final compiled M8 vs final eager M8,320,320,320,320,320,320,320,320
MLP down input FP8 quantization,3,Fix 1 compiled M8 vs Fix 1 eager M8,320,320,320,320,320,320,320,320
MLP down input FP8 quantization,3,Fix 1 compiled M8 vs Fix 1 compiled M1,320,320,320,320,320,320,320,320
MLP down input FP8 quantization,3,Old compiled M8 vs old compiled M1,320,320,320,320,320,320,320,320
MLP down input FP8 quantization,30,Final compiled M8 vs final eager M8,320,320,320,320,320,320,320,320
MLP down input FP8 quantization,30,Fix 1 compiled M8 vs Fix 1 eager M8,320,320,320,320,320,320,320,320
MLP down input FP8 quantization,30,Fix 1 compiled M8 vs Fix 1 compiled M1,320,320,320,320,320,320,320,320
MLP down input FP8 quantization,30,Old compiled M8 vs old compiled M1,320,320,320,320,320,320,320,320
MLP down input FP8 quantization,31,Final compiled M8 vs final eager M8,320,320,320,320,320,320,320,320
MLP down input FP8 quantization,31,Fix 1 compiled M8 vs Fix 1 eager M8,320,320,320,320,320,320,320,320
MLP down input FP8 quantization,31,Fix 1 compiled M8 vs Fix 1 compiled M1,320,320,320,320,320,320,320,320
MLP down input FP8 quantization,31,Old compiled M8 vs old compiled M1,320,320,320,320,320,320,320,320
MLP down input FP8 quantization,32,Final compiled M8 vs final eager M8,320,320,320,320,320,320,320,320
MLP down input FP8 quantization,32,Fix 1 compiled M8 vs Fix 1 eager M8,320,320,320,320,320,320,320,320
MLP down input FP8 quantization,32,Fix 1 compiled M8 vs Fix 1 compiled M1,320,320,320,320,320,320,320,320
MLP down input FP8 quantization,32,Old compiled M8 vs old compiled M1,320,320,320,320,320,320,320,320
MLP down input FP8 quantization,33,Final compiled M8 vs final eager M8,320,320,320,320,320,320,320,320
MLP down input FP8 quantization,33,Fix 1 compiled M8 vs Fix 1 eager M8,320,320,320,320,320,320,320,320
MLP down input FP8 quantization,33,Fix 1 compiled M8 vs Fix 1 compiled M1,320,320,320,320,320,320,320,320
MLP down input FP8 quantization,33,Old compiled M8 vs old compiled M1,320,320,320,320,320,320,320,320
MLP down input FP8 quantization,34,Final compiled M8 vs final eager M8,320,320,320,320,320,320,320,320
MLP down input FP8 quantization,34,Fix 1 compiled M8 vs Fix 1 eager M8,320,320,320,320,320,320,320,320
MLP down input FP8 quantization,34,Fix 1 compiled M8 vs Fix 1 compiled M1,320,320,320,320,320,320,320,320
MLP down input FP8 quantization,34,Old compiled M8 vs old compiled M1,320,320,320,320,320,320,320,320
MLP down input FP8 quantization,35,Final compiled M8 vs final eager M8,320,320,320,320,320,320,320,320
MLP down input FP8 quantization,35,Fix 1 compiled M8 vs Fix 1 eager M8,320,320,320,320,320,320,320,320
MLP down input FP8 quantization,35,Fix 1 compiled M8 vs Fix 1 compiled M1,320,320,320,320,320,320,320,320
MLP down input FP8 quantization,35,Old compiled M8 vs old compiled M1,320,320,320,320,320,320,320,320
MLP down input FP8 quantization,36,Final compiled M8 vs final eager M8,320,320,320,320,320,320,320,320
MLP down input FP8 quantization,36,Fix 1 compiled M8 vs Fix 1 eager M8,320,320,320,320,320,320,320,320
MLP down input FP8 quantization,36,Fix 1 compiled M8 vs Fix 1 compiled M1,320,320,320,320,320,320,320,320
MLP down input FP8 quantization,36,Old compiled M8 vs old compiled M1,320,320,320,320,320,320,320,320
MLP down input FP8 quantization,37,Final compiled M8 vs final eager M8,320,320,320,320,320,320,320,320
MLP down input FP8 quantization,37,Fix 1 compiled M8 vs Fix 1 eager M8,320,320,320,320,320,320,320,320
MLP down input FP8 quantization,37,Fix 1 compiled M8 vs Fix 1 compiled M1,320,320,320,320,320,320,320,320
MLP down input FP8 quantization,37,Old compiled M8 vs old compiled M1,320,320,320,320,320,320,320,320
MLP down input FP8 quantization,38,Final compiled M8 vs final eager M8,320,320,320,320,320,320,320,320
MLP down input FP8 quantization,38,Fix 1 compiled M8 vs Fix 1 eager M8,320,320,320,320,320,320,320,320
MLP down input FP8 quantization,38,Fix 1 compiled M8 vs Fix 1 compiled M1,320,320,320,320,320,320,320,320
MLP down input FP8 quantization,38,Old compiled M8 vs old compiled M1,320,320,320,320,320,320,320,320
MLP down input FP8 quantization,39,Final compiled M8 vs final eager M8,320,320,320,320,320,320,320,320
MLP down input FP8 quantization,39,Fix 1 compiled M8 vs Fix 1 eager M8,320,320,320,320,320,320,320,320
MLP down input FP8 quantization,39,Fix 1 compiled M8 vs Fix 1 compiled M1,320,320,320,320,320,320,320,320
MLP down input FP8 quantization,39,Old compiled M8 vs old compiled M1,320,320,320,320,320,320,320,320
MLP down input FP8 quantization,4,Final compiled M8 vs final eager M8,320,320,320,320,320,320,320,320
MLP down input FP8 quantization,4,Fix 1 compiled M8 vs Fix 1 eager M8,320,320,320,320,320,320,320,320
MLP down input FP8 quantization,4,Fix 1 compiled M8 vs Fix 1 compiled M1,320,320,320,320,320,320,320,320
MLP down input FP8 quantization,4,Old compiled M8 vs old compiled M1,320,320,320,320,320,320,320,320
MLP down input FP8 quantization,40,Final compiled M8 vs final eager M8,320,320,320,320,320,320,320,320
MLP down input FP8 quantization,40,Fix 1 compiled M8 vs Fix 1 eager M8,320,320,320,320,320,320,320,320
MLP down input FP8 quantization,40,Fix 1 compiled M8 vs Fix 1 compiled M1,320,320,320,320,320,320,320,320
MLP down input FP8 quantization,40,Old compiled M8 vs old compiled M1,320,320,320,320,320,320,320,320
MLP down input FP8 quantization,41,Final compiled M8 vs final eager M8,320,320,320,320,320,320,320,320
MLP down input FP8 quantization,41,Fix 1 compiled M8 vs Fix 1 eager M8,320,320,320,320,320,320,320,320
MLP down input FP8 quantization,41,Fix 1 compiled M8 vs Fix 1 compiled M1,320,320,320,320,320,320,320,320
MLP down input FP8 quantization,41,Old compiled M8 vs old compiled M1,320,320,320,320,320,320,320,320
MLP down input FP8 quantization,42,Final compiled M8 vs final eager M8,320,320,320,320,320,320,320,320
MLP down input FP8 quantization,42,Fix 1 compiled M8 vs Fix 1 eager M8,320,320,320,320,320,320,320,320
MLP down input FP8 quantization,42,Fix 1 compiled M8 vs Fix 1 compiled M1,320,320,320,320,320,320,320,320
MLP down input FP8 quantization,42,Old compiled M8 vs old compiled M1,320,320,320,320,320,320,320,320
MLP down input FP8 quantization,43,Final compiled M8 vs final eager M8,320,320,320,320,320,320,320,320
MLP down input FP8 quantization,43,Fix 1 compiled M8 vs Fix 1 eager M8,320,320,320,320,320,320,320,320
MLP down input FP8 quantization,43,Fix 1 compiled M8 vs Fix 1 compiled M1,320,320,320,320,320,320,320,320
MLP down input FP8 quantization,43,Old compiled M8 vs old compiled M1,320,320,320,320,320,320,320,320
MLP down input FP8 quantization,44,Final compiled M8 vs final eager M8,320,320,320,320,320,320,320,320
MLP down input FP8 quantization,44,Fix 1 compiled M8 vs Fix 1 eager M8,320,320,320,320,320,320,320,320
MLP down input FP8 quantization,44,Fix 1 compiled M8 vs Fix 1 compiled M1,320,320,320,320,320,320,320,320
MLP down input FP8 quantization,44,Old compiled M8 vs old compiled M1,320,320,320,320,320,320,320,320
MLP down input FP8 quantization,45,Final compiled M8 vs final eager M8,320,320,320,320,320,320,320,320
MLP down input FP8 quantization,45,Fix 1 compiled M8 vs Fix 1 eager M8,320,320,320,320,320,320,320,320
MLP down input FP8 quantization,45,Fix 1 compiled M8 vs Fix 1 compiled M1,320,320,320,320,320,320,320,320
MLP down input FP8 quantization,45,Old compiled M8 vs old compiled M1,320,320,320,320,320,320,320,320
MLP down input FP8 quantization,46,Final compiled M8 vs final eager M8,320,320,320,320,320,320,320,320
MLP down input FP8 quantization,46,Fix 1 compiled M8 vs Fix 1 eager M8,320,320,320,320,320,320,320,320
MLP down input FP8 quantization,46,Fix 1 compiled M8 vs Fix 1 compiled M1,320,320,320,320,320,320,320,320
MLP down input FP8 quantization,46,Old compiled M8 vs old compiled M1,320,320,320,320,320,320,320,320
MLP down input FP8 quantization,47,Final compiled M8 vs final eager M8,320,320,320,320,320,320,320,320
MLP down input FP8 quantization,47,Fix 1 compiled M8 vs Fix 1 eager M8,320,320,320,320,320,320,320,320
MLP down input FP8 quantization,47,Fix 1 compiled M8 vs Fix 1 compiled M1,320,320,320,320,320,320,320,320
MLP down input FP8 quantization,47,Old compiled M8 vs old compiled M1,320,320,320,320,320,320,320,320
MLP down input FP8 quantization,48,Final compiled M8 vs final eager M8,320,320,320,320,320,320,320,320
MLP down input FP8 quantization,48,Fix 1 compiled M8 vs Fix 1 eager M8,320,320,320,320,320,320,320,320
MLP down input FP8 quantization,48,Fix 1 compiled M8 vs Fix 1 compiled M1,320,320,320,320,320,320,320,320
MLP down input FP8 quantization,48,Old compiled M8 vs old compiled M1,320,320,320,320,320,320,320,320
MLP down input FP8 quantization,49,Final compiled M8 vs final eager M8,320,320,320,320,320,320,320,320
MLP down input FP8 quantization,49,Fix 1 compiled M8 vs Fix 1 eager M8,320,320,320,320,320,320,320,320
MLP down input FP8 quantization,49,Fix 1 compiled M8 vs Fix 1 compiled M1,320,320,320,320,320,320,320,320
MLP down input FP8 quantization,49,Old compiled M8 vs old compiled M1,320,320,320,320,320,320,320,320
MLP down input FP8 quantization,5,Final compiled M8 vs final eager M8,320,320,320,320,320,320,320,320
MLP down input FP8 quantization,5,Fix 1 compiled M8 vs Fix 1 eager M8,320,320,320,320,320,320,320,320
MLP down input FP8 quantization,5,Fix 1 compiled M8 vs Fix 1 compiled M1,320,320,320,320,320,320,320,320
MLP down input FP8 quantization,5,Old compiled M8 vs old compiled M1,320,320,320,320,320,320,320,320
MLP down input FP8 quantization,50,Final compiled M8 vs final eager M8,320,320,320,320,320,320,320,320
MLP down input FP8 quantization,50,Fix 1 compiled M8 vs Fix 1 eager M8,320,320,320,320,320,320,320,320
MLP down input FP8 quantization,50,Fix 1 compiled M8 vs Fix 1 compiled M1,320,320,320,320,320,320,320,320
MLP down input FP8 quantization,50,Old compiled M8 vs old compiled M1,320,320,320,320,320,320,320,320
MLP down input FP8 quantization,51,Final compiled M8 vs final eager M8,320,320,320,320,320,320,320,320
MLP down input FP8 quantization,51,Fix 1 compiled M8 vs Fix 1 eager M8,320,320,320,320,320,320,320,320
MLP down input FP8 quantization,51,Fix 1 compiled M8 vs Fix 1 compiled M1,320,320,320,320,320,320,320,320
MLP down input FP8 quantization,51,Old compiled M8 vs old compiled M1,320,320,320,320,320,320,320,320
MLP down input FP8 quantization,52,Final compiled M8 vs final eager M8,320,320,320,320,320,320,320,320
MLP down input FP8 quantization,52,Fix 1 compiled M8 vs Fix 1 eager M8,320,320,320,320,320,320,320,320
MLP down input FP8 quantization,52,Fix 1 compiled M8 vs Fix 1 compiled M1,320,320,320,320,320,320,320,320
MLP down input FP8 quantization,52,Old compiled M8 vs old compiled M1,320,320,320,320,320,320,320,320
MLP down input FP8 quantization,53,Final compiled M8 vs final eager M8,320,320,320,320,320,320,320,320
MLP down input FP8 quantization,53,Fix 1 compiled M8 vs Fix 1 eager M8,320,320,320,320,320,320,320,320
MLP down input FP8 quantization,53,Fix 1 compiled M8 vs Fix 1 compiled M1,320,320,320,320,320,320,320,320
MLP down input FP8 quantization,53,Old compiled M8 vs old compiled M1,320,320,320,320,320,320,320,320
MLP down input FP8 quantization,54,Final compiled M8 vs final eager M8,320,320,320,320,320,320,320,320
MLP down input FP8 quantization,54,Fix 1 compiled M8 vs Fix 1 eager M8,320,320,320,320,320,320,320,320
MLP down input FP8 quantization,54,Fix 1 compiled M8 vs Fix 1 compiled M1,320,320,320,320,320,320,320,320
MLP down input FP8 quantization,54,Old compiled M8 vs old compiled M1,320,320,320,320,320,320,320,320
MLP down input FP8 quantization,55,Final compiled M8 vs final eager M8,320,320,320,320,320,320,320,320
MLP down input FP8 quantization,55,Fix 1 compiled M8 vs Fix 1 eager M8,320,320,320,320,320,320,320,320
MLP down input FP8 quantization,55,Fix 1 compiled M8 vs Fix 1 compiled M1,320,320,320,320,320,320,320,320
MLP down input FP8 quantization,55,Old compiled M8 vs old compiled M1,320,320,320,320,320,320,320,320
MLP down input FP8 quantization,56,Final compiled M8 vs final eager M8,320,320,320,320,320,320,320,320
MLP down input FP8 quantization,56,Fix 1 compiled M8 vs Fix 1 eager M8,320,320,320,320,320,320,320,320
MLP down input FP8 quantization,56,Fix 1 compiled M8 vs Fix 1 compiled M1,320,320,320,320,320,320,320,320
MLP down input FP8 quantization,56,Old compiled M8 vs old compiled M1,320,320,320,320,320,320,320,320
MLP down input FP8 quantization,57,Final compiled M8 vs final eager M8,320,320,320,320,320,320,320,320
MLP down input FP8 quantization,57,Fix 1 compiled M8 vs Fix 1 eager M8,320,320,320,320,320,320,320,320
MLP down input FP8 quantization,57,Fix 1 compiled M8 vs Fix 1 compiled M1,320,320,320,320,320,320,320,320
MLP down input FP8 quantization,57,Old compiled M8 vs old compiled M1,320,320,320,320,320,320,320,320
MLP down input FP8 quantization,58,Final compiled M8 vs final eager M8,320,320,320,320,320,320,320,320
MLP down input FP8 quantization,58,Fix 1 compiled M8 vs Fix 1 eager M8,320,320,320,320,320,320,320,320
MLP down input FP8 quantization,58,Fix 1 compiled M8 vs Fix 1 compiled M1,320,320,320,320,320,320,320,320
MLP down input FP8 quantization,58,Old compiled M8 vs old compiled M1,320,320,320,320,320,320,320,320
MLP down input FP8 quantization,59,Final compiled M8 vs final eager M8,320,320,320,320,320,320,320,320
MLP down input FP8 quantization,59,Fix 1 compiled M8 vs Fix 1 eager M8,320,320,320,320,320,320,320,320
MLP down input FP8 quantization,59,Fix 1 compiled M8 vs Fix 1 compiled M1,320,320,320,320,320,320,320,320
MLP down input FP8 quantization,59,Old compiled M8 vs old compiled M1,320,320,320,320,320,320,320,320
MLP down input FP8 quantization,6,Final compiled M8 vs final eager M8,320,320,320,320,320,320,320,320
MLP down input FP8 quantization,6,Fix 1 compiled M8 vs Fix 1 eager M8,320,320,320,320,320,320,320,320
MLP down input FP8 quantization,6,Fix 1 compiled M8 vs Fix 1 compiled M1,320,320,320,320,320,320,320,320
MLP down input FP8 quantization,6,Old compiled M8 vs old compiled M1,320,320,320,320,320,320,320,320
MLP down input FP8 quantization,60,Final compiled M8 vs final eager M8,320,320,320,320,320,320,320,320
MLP down input FP8 quantization,60,Fix 1 compiled M8 vs Fix 1 eager M8,320,320,320,320,320,320,320,320
MLP down input FP8 quantization,60,Fix 1 compiled M8 vs Fix 1 compiled M1,320,320,320,320,320,320,320,320
MLP down input FP8 quantization,60,Old compiled M8 vs old compiled M1,320,320,320,320,320,320,320,320
MLP down input FP8 quantization,61,Final compiled M8 vs final eager M8,320,320,320,320,320,320,320,320
MLP down input FP8 quantization,61,Fix 1 compiled M8 vs Fix 1 eager M8,320,320,320,320,320,320,320,320
MLP down input FP8 quantization,61,Fix 1 compiled M8 vs Fix 1 compiled M1,320,320,320,320,320,320,320,320
MLP down input FP8 quantization,61,Old compiled M8 vs old compiled M1,320,320,320,320,320,320,320,320
MLP down input FP8 quantization,62,Final compiled M8 vs final eager M8,320,320,320,320,320,320,320,320
MLP down input FP8 quantization,62,Fix 1 compiled M8 vs Fix 1 eager M8,320,320,320,320,320,320,320,320
MLP down input FP8 quantization,62,Fix 1 compiled M8 vs Fix 1 compiled M1,320,320,320,320,320,320,320,320
MLP down input FP8 quantization,62,Old compiled M8 vs old compiled M1,320,320,320,320,320,320,320,320
MLP down input FP8 quantization,63,Final compiled M8 vs final eager M8,320,320,320,320,320,320,320,320
MLP down input FP8 quantization,63,Fix 1 compiled M8 vs Fix 1 eager M8,320,320,320,320,320,320,320,320
MLP down input FP8 quantization,63,Fix 1 compiled M8 vs Fix 1 compiled M1,320,320,320,320,320,320,320,320
MLP down input FP8 quantization,63,Old compiled M8 vs old compiled M1,320,320,320,320,320,320,320,320
MLP down input FP8 quantization,7,Final compiled M8 vs final eager M8,320,320,320,320,320,320,320,320
MLP down input FP8 quantization,7,Fix 1 compiled M8 vs Fix 1 eager M8,320,320,320,320,320,320,320,320
MLP down input FP8 quantization,7,Fix 1 compiled M8 vs Fix 1 compiled M1,320,320,320,320,320,320,320,320
MLP down input FP8 quantization,7,Old compiled M8 vs old compiled M1,320,320,320,320,320,320,320,320
MLP down input FP8 quantization,8,Final compiled M8 vs final eager M8,320,320,320,320,320,320,320,320
MLP down input FP8 quantization,8,Fix 1 compiled M8 vs Fix 1 eager M8,320,320,320,320,320,320,320,320
MLP down input FP8 quantization,8,Fix 1 compiled M8 vs Fix 1 compiled M1,320,320,320,320,320,320,320,320
MLP down input FP8 quantization,8,Old compiled M8 vs old compiled M1,320,320,320,320,320,320,320,320
MLP down input FP8 quantization,9,Final compiled M8 vs final eager M8,320,320,320,320,320,320,320,320
MLP down input FP8 quantization,9,Fix 1 compiled M8 vs Fix 1 eager M8,320,320,320,320,320,320,320,320
MLP down input FP8 quantization,9,Fix 1 compiled M8 vs Fix 1 compiled M1,320,320,320,320,320,320,320,320
MLP down input FP8 quantization,9,Old compiled M8 vs old compiled M1,320,320,320,320,320,320,320,320
MLP down projection,0,Final compiled M8 vs final eager M8,320,320,320,320,320,320,320,320
MLP down projection,0,Fix 1 compiled M8 vs Fix 1 eager M8,320,320,320,320,320,320,320,320
MLP down projection,0,Fix 1 compiled M8 vs Fix 1 compiled M1,320,320,320,320,320,320,320,320
MLP down projection,0,Old compiled M8 vs old compiled M1,320,320,320,320,320,320,320,320
MLP down projection,1,Final compiled M8 vs final eager M8,320,320,320,320,320,320,320,320
MLP down projection,1,Fix 1 compiled M8 vs Fix 1 eager M8,320,320,320,320,320,320,320,320
MLP down projection,1,Fix 1 compiled M8 vs Fix 1 compiled M1,320,320,320,320,320,320,320,320
MLP down projection,1,Old compiled M8 vs old compiled M1,320,320,320,320,320,320,320,320
MLP down projection,10,Final compiled M8 vs final eager M8,320,320,320,320,320,320,320,320
MLP down projection,10,Fix 1 compiled M8 vs Fix 1 eager M8,320,320,320,320,320,320,320,320
MLP down projection,10,Fix 1 compiled M8 vs Fix 1 compiled M1,320,320,320,320,320,320,320,320
MLP down projection,10,Old compiled M8 vs old compiled M1,320,320,320,320,320,320,320,320
MLP down projection,11,Final compiled M8 vs final eager M8,320,320,320,320,320,320,320,320
MLP down projection,11,Fix 1 compiled M8 vs Fix 1 eager M8,320,320,320,320,320,320,320,320
MLP down projection,11,Fix 1 compiled M8 vs Fix 1 compiled M1,320,320,320,320,320,320,320,320
MLP down projection,11,Old compiled M8 vs old compiled M1,320,320,320,320,320,320,320,320
MLP down projection,12,Final compiled M8 vs final eager M8,320,320,320,320,320,320,320,320
MLP down projection,12,Fix 1 compiled M8 vs Fix 1 eager M8,320,320,320,320,320,320,320,320
MLP down projection,12,Fix 1 compiled M8 vs Fix 1 compiled M1,320,320,320,320,320,320,320,320
MLP down projection,12,Old compiled M8 vs old compiled M1,320,320,320,320,320,320,320,320
MLP down projection,13,Final compiled M8 vs final eager M8,320,320,320,320,320,320,320,320
MLP down projection,13,Fix 1 compiled M8 vs Fix 1 eager M8,320,320,320,320,320,320,320,320
MLP down projection,13,Fix 1 compiled M8 vs Fix 1 compiled M1,320,320,320,320,320,320,320,320
MLP down projection,13,Old compiled M8 vs old compiled M1,320,320,320,320,320,320,320,320
MLP down projection,14,Final compiled M8 vs final eager M8,320,320,320,320,320,320,320,320
MLP down projection,14,Fix 1 compiled M8 vs Fix 1 eager M8,320,320,320,320,320,320,320,320
MLP down projection,14,Fix 1 compiled M8 vs Fix 1 compiled M1,320,320,320,320,320,320,320,320
MLP down projection,14,Old compiled M8 vs old compiled M1,320,320,320,320,320,320,320,320
MLP down projection,15,Final compiled M8 vs final eager M8,320,320,320,320,320,320,320,320
MLP down projection,15,Fix 1 compiled M8 vs Fix 1 eager M8,320,320,320,320,320,320,320,320
MLP down projection,15,Fix 1 compiled M8 vs Fix 1 compiled M1,320,320,320,320,320,320,320,320
MLP down projection,15,Old compiled M8 vs old compiled M1,320,320,320,320,320,320,320,320
MLP down projection,16,Final compiled M8 vs final eager M8,320,320,320,320,320,320,320,320
MLP down projection,16,Fix 1 compiled M8 vs Fix 1 eager M8,320,320,320,320,320,320,320,320
MLP down projection,16,Fix 1 compiled M8 vs Fix 1 compiled M1,320,320,320,320,320,320,320,320
MLP down projection,16,Old compiled M8 vs old compiled M1,320,320,320,320,320,320,320,320
MLP down projection,17,Final compiled M8 vs final eager M8,320,320,320,320,320,320,320,320
MLP down projection,17,Fix 1 compiled M8 vs Fix 1 eager M8,320,320,320,320,320,320,320,320
MLP down projection,17,Fix 1 compiled M8 vs Fix 1 compiled M1,320,320,320,320,320,320,320,320
MLP down projection,17,Old compiled M8 vs old compiled M1,320,320,320,320,320,320,320,320
MLP down projection,18,Final compiled M8 vs final eager M8,320,320,320,320,320,320,320,320
MLP down projection,18,Fix 1 compiled M8 vs Fix 1 eager M8,320,320,320,320,320,320,320,320
MLP down projection,18,Fix 1 compiled M8 vs Fix 1 compiled M1,320,320,320,320,320,320,320,320
MLP down projection,18,Old compiled M8 vs old compiled M1,320,320,320,320,320,320,320,320
MLP down projection,19,Final compiled M8 vs final eager M8,320,320,320,320,320,320,320,320
MLP down projection,19,Fix 1 compiled M8 vs Fix 1 eager M8,320,320,320,320,320,320,320,320
MLP down projection,19,Fix 1 compiled M8 vs Fix 1 compiled M1,320,320,320,320,320,320,320,320
MLP down projection,19,Old compiled M8 vs old compiled M1,320,320,320,320,320,320,320,320
MLP down projection,2,Final compiled M8 vs final eager M8,320,320,320,320,320,320,320,320
MLP down projection,2,Fix 1 compiled M8 vs Fix 1 eager M8,320,320,320,320,320,320,320,320
MLP down projection,2,Fix 1 compiled M8 vs Fix 1 compiled M1,320,320,320,320,320,320,320,320
MLP down projection,2,Old compiled M8 vs old compiled M1,320,320,320,320,320,320,320,320
MLP down projection,20,Final compiled M8 vs final eager M8,320,320,320,320,320,320,320,320
MLP down projection,20,Fix 1 compiled M8 vs Fix 1 eager M8,320,320,320,320,320,320,320,320
MLP down projection,20,Fix 1 compiled M8 vs Fix 1 compiled M1,320,320,320,320,320,320,320,320
MLP down projection,20,Old compiled M8 vs old compiled M1,320,320,320,320,320,320,320,320
MLP down projection,21,Final compiled M8 vs final eager M8,320,320,320,320,320,320,320,320
MLP down projection,21,Fix 1 compiled M8 vs Fix 1 eager M8,320,320,320,320,320,320,320,320
MLP down projection,21,Fix 1 compiled M8 vs Fix 1 compiled M1,320,320,320,320,320,320,320,320
MLP down projection,21,Old compiled M8 vs old compiled M1,320,320,320,320,320,320,320,320
MLP down projection,22,Final compiled M8 vs final eager M8,320,320,320,320,320,320,320,320
MLP down projection,22,Fix 1 compiled M8 vs Fix 1 eager M8,320,320,320,320,320,320,320,320
MLP down projection,22,Fix 1 compiled M8 vs Fix 1 compiled M1,320,320,320,320,320,320,320,320
MLP down projection,22,Old compiled M8 vs old compiled M1,320,320,320,320,320,320,320,320
MLP down projection,23,Final compiled M8 vs final eager M8,320,320,320,320,320,320,320,320
MLP down projection,23,Fix 1 compiled M8 vs Fix 1 eager M8,320,320,320,320,320,320,320,320
MLP down projection,23,Fix 1 compiled M8 vs Fix 1 compiled M1,320,320,320,320,320,320,320,320
MLP down projection,23,Old compiled M8 vs old compiled M1,320,320,320,320,320,320,320,320
MLP down projection,24,Final compiled M8 vs final eager M8,320,320,320,320,320,320,320,320
MLP down projection,24,Fix 1 compiled M8 vs Fix 1 eager M8,320,320,320,320,320,320,320,320
MLP down projection,24,Fix 1 compiled M8 vs Fix 1 compiled M1,320,320,320,320,320,320,320,320
MLP down projection,24,Old compiled M8 vs old compiled M1,320,320,320,320,320,320,320,320
MLP down projection,25,Final compiled M8 vs final eager M8,320,320,320,320,320,320,320,320
MLP down projection,25,Fix 1 compiled M8 vs Fix 1 eager M8,320,320,320,320,320,320,320,320
MLP down projection,25,Fix 1 compiled M8 vs Fix 1 compiled M1,320,320,320,320,320,320,320,320
MLP down projection,25,Old compiled M8 vs old compiled M1,320,320,320,320,320,320,320,320
MLP down projection,26,Final compiled M8 vs final eager M8,320,320,320,320,320,320,320,320
MLP down projection,26,Fix 1 compiled M8 vs Fix 1 eager M8,320,320,320,320,320,320,320,320
MLP down projection,26,Fix 1 compiled M8 vs Fix 1 compiled M1,320,320,320,320,320,320,320,320
MLP down projection,26,Old compiled M8 vs old compiled M1,320,320,320,320,320,320,320,320
MLP down projection,27,Final compiled M8 vs final eager M8,320,320,320,320,320,320,320,320
MLP down projection,27,Fix 1 compiled M8 vs Fix 1 eager M8,320,320,320,320,320,320,320,320
MLP down projection,27,Fix 1 compiled M8 vs Fix 1 compiled M1,320,320,320,320,320,320,320,320
MLP down projection,27,Old compiled M8 vs old compiled M1,320,320,320,320,320,320,320,320
MLP down projection,28,Final compiled M8 vs final eager M8,320,320,320,320,320,320,320,320
MLP down projection,28,Fix 1 compiled M8 vs Fix 1 eager M8,320,320,320,320,320,320,320,320
MLP down projection,28,Fix 1 compiled M8 vs Fix 1 compiled M1,320,320,320,320,320,320,320,320
MLP down projection,28,Old compiled M8 vs old compiled M1,320,320,320,320,320,320,320,320
MLP down projection,29,Final compiled M8 vs final eager M8,320,320,320,320,320,320,320,320
MLP down projection,29,Fix 1 compiled M8 vs Fix 1 eager M8,320,320,320,320,320,320,320,320
MLP down projection,29,Fix 1 compiled M8 vs Fix 1 compiled M1,320,320,320,320,320,320,320,320
MLP down projection,29,Old compiled M8 vs old compiled M1,320,320,320,320,320,320,320,320
MLP down projection,3,Final compiled M8 vs final eager M8,320,320,320,320,320,320,320,320
MLP down projection,3,Fix 1 compiled M8 vs Fix 1 eager M8,320,320,320,320,320,320,320,320
MLP down projection,3,Fix 1 compiled M8 vs Fix 1 compiled M1,320,320,320,320,320,320,320,320
MLP down projection,3,Old compiled M8 vs old compiled M1,320,320,320,320,320,320,320,320
MLP down projection,30,Final compiled M8 vs final eager M8,320,320,320,320,320,320,320,320
MLP down projection,30,Fix 1 compiled M8 vs Fix 1 eager M8,320,320,320,320,320,320,320,320
MLP down projection,30,Fix 1 compiled M8 vs Fix 1 compiled M1,320,320,320,320,320,320,320,320
MLP down projection,30,Old compiled M8 vs old compiled M1,320,320,320,320,320,320,320,320
MLP down projection,31,Final compiled M8 vs final eager M8,320,320,320,320,320,320,320,320
MLP down projection,31,Fix 1 compiled M8 vs Fix 1 eager M8,320,320,320,320,320,320,320,320
MLP down projection,31,Fix 1 compiled M8 vs Fix 1 compiled M1,320,320,320,320,320,320,320,320
MLP down projection,31,Old compiled M8 vs old compiled M1,320,320,320,320,320,320,320,320
MLP down projection,32,Final compiled M8 vs final eager M8,320,320,320,320,320,320,320,320
MLP down projection,32,Fix 1 compiled M8 vs Fix 1 eager M8,320,320,320,320,320,320,320,320
MLP down projection,32,Fix 1 compiled M8 vs Fix 1 compiled M1,320,320,320,320,320,320,320,320
MLP down projection,32,Old compiled M8 vs old compiled M1,320,320,320,320,320,320,320,320
MLP down projection,33,Final compiled M8 vs final eager M8,320,320,320,320,320,320,320,320
MLP down projection,33,Fix 1 compiled M8 vs Fix 1 eager M8,320,320,320,320,320,320,320,320
MLP down projection,33,Fix 1 compiled M8 vs Fix 1 compiled M1,320,320,320,320,320,320,320,320
MLP down projection,33,Old compiled M8 vs old compiled M1,320,320,320,320,320,320,320,320
MLP down projection,34,Final compiled M8 vs final eager M8,320,320,320,320,320,320,320,320
MLP down projection,34,Fix 1 compiled M8 vs Fix 1 eager M8,320,320,320,320,320,320,320,320
MLP down projection,34,Fix 1 compiled M8 vs Fix 1 compiled M1,320,320,320,320,320,320,320,320
MLP down projection,34,Old compiled M8 vs old compiled M1,320,320,320,320,320,320,320,320
MLP down projection,35,Final compiled M8 vs final eager M8,320,320,320,320,320,320,320,320
MLP down projection,35,Fix 1 compiled M8 vs Fix 1 eager M8,320,320,320,320,320,320,320,320
MLP down projection,35,Fix 1 compiled M8 vs Fix 1 compiled M1,320,320,320,320,320,320,320,320
MLP down projection,35,Old compiled M8 vs old compiled M1,320,320,320,320,320,320,320,320
MLP down projection,36,Final compiled M8 vs final eager M8,320,320,320,320,320,320,320,320
MLP down projection,36,Fix 1 compiled M8 vs Fix 1 eager M8,320,320,320,320,320,320,320,320
MLP down projection,36,Fix 1 compiled M8 vs Fix 1 compiled M1,320,320,320,320,320,320,320,320
MLP down projection,36,Old compiled M8 vs old compiled M1,320,320,320,320,320,320,320,320
MLP down projection,37,Final compiled M8 vs final eager M8,320,320,320,320,320,320,320,320
MLP down projection,37,Fix 1 compiled M8 vs Fix 1 eager M8,320,320,320,320,320,320,320,320
MLP down projection,37,Fix 1 compiled M8 vs Fix 1 compiled M1,320,320,320,320,320,320,320,320
MLP down projection,37,Old compiled M8 vs old compiled M1,320,320,320,320,320,320,320,320
MLP down projection,38,Final compiled M8 vs final eager M8,320,320,320,320,320,320,320,320
MLP down projection,38,Fix 1 compiled M8 vs Fix 1 eager M8,320,320,320,320,320,320,320,320
MLP down projection,38,Fix 1 compiled M8 vs Fix 1 compiled M1,320,320,320,320,320,320,320,320
MLP down projection,38,Old compiled M8 vs old compiled M1,320,320,320,320,320,320,320,320
MLP down projection,39,Final compiled M8 vs final eager M8,320,320,320,320,320,320,320,320
MLP down projection,39,Fix 1 compiled M8 vs Fix 1 eager M8,320,320,320,320,320,320,320,320
MLP down projection,39,Fix 1 compiled M8 vs Fix 1 compiled M1,320,320,320,320,320,320,320,320
MLP down projection,39,Old compiled M8 vs old compiled M1,320,320,320,320,320,320,320,320
MLP down projection,4,Final compiled M8 vs final eager M8,320,320,320,320,320,320,320,320
MLP down projection,4,Fix 1 compiled M8 vs Fix 1 eager M8,320,320,320,320,320,320,320,320
MLP down projection,4,Fix 1 compiled M8 vs Fix 1 compiled M1,320,320,320,320,320,320,320,320
MLP down projection,4,Old compiled M8 vs old compiled M1,320,320,320,320,320,320,320,320
MLP down projection,40,Final compiled M8 vs final eager M8,320,320,320,320,320,320,320,320
MLP down projection,40,Fix 1 compiled M8 vs Fix 1 eager M8,320,320,320,320,320,320,320,320
MLP down projection,40,Fix 1 compiled M8 vs Fix 1 compiled M1,320,320,320,320,320,320,320,320
MLP down projection,40,Old compiled M8 vs old compiled M1,320,320,320,320,320,320,320,320
MLP down projection,41,Final compiled M8 vs final eager M8,320,320,320,320,320,320,320,320
MLP down projection,41,Fix 1 compiled M8 vs Fix 1 eager M8,320,320,320,320,320,320,320,320
MLP down projection,41,Fix 1 compiled M8 vs Fix 1 compiled M1,320,320,320,320,320,320,320,320
MLP down projection,41,Old compiled M8 vs old compiled M1,320,320,320,320,320,320,320,320
MLP down projection,42,Final compiled M8 vs final eager M8,320,320,320,320,320,320,320,320
MLP down projection,42,Fix 1 compiled M8 vs Fix 1 eager M8,320,320,320,320,320,320,320,320
MLP down projection,42,Fix 1 compiled M8 vs Fix 1 compiled M1,320,320,320,320,320,320,320,320
MLP down projection,42,Old compiled M8 vs old compiled M1,320,320,320,320,320,320,320,320
MLP down projection,43,Final compiled M8 vs final eager M8,320,320,320,320,320,320,320,320
MLP down projection,43,Fix 1 compiled M8 vs Fix 1 eager M8,320,320,320,320,320,320,320,320
MLP down projection,43,Fix 1 compiled M8 vs Fix 1 compiled M1,320,320,320,320,320,320,320,320
MLP down projection,43,Old compiled M8 vs old compiled M1,320,320,320,320,320,320,320,320
MLP down projection,44,Final compiled M8 vs final eager M8,320,320,320,320,320,320,320,320
MLP down projection,44,Fix 1 compiled M8 vs Fix 1 eager M8,320,320,320,320,320,320,320,320
MLP down projection,44,Fix 1 compiled M8 vs Fix 1 compiled M1,320,320,320,320,320,320,320,320
MLP down projection,44,Old compiled M8 vs old compiled M1,320,320,320,320,320,320,320,320
MLP down projection,45,Final compiled M8 vs final eager M8,320,320,320,320,320,320,320,320
MLP down projection,45,Fix 1 compiled M8 vs Fix 1 eager M8,320,320,320,320,320,320,320,320
MLP down projection,45,Fix 1 compiled M8 vs Fix 1 compiled M1,320,320,320,320,320,320,320,320
MLP down projection,45,Old compiled M8 vs old compiled M1,320,320,320,320,320,320,320,320
MLP down projection,46,Final compiled M8 vs final eager M8,320,320,320,320,320,320,320,320
MLP down projection,46,Fix 1 compiled M8 vs Fix 1 eager M8,320,320,320,320,320,320,320,320
MLP down projection,46,Fix 1 compiled M8 vs Fix 1 compiled M1,320,320,320,320,320,320,320,320
MLP down projection,46,Old compiled M8 vs old compiled M1,320,320,320,320,320,320,320,320
MLP down projection,47,Final compiled M8 vs final eager M8,320,320,320,320,320,320,320,320
MLP down projection,47,Fix 1 compiled M8 vs Fix 1 eager M8,320,320,320,320,320,320,320,320
MLP down projection,47,Fix 1 compiled M8 vs Fix 1 compiled M1,320,320,320,320,320,320,320,320
MLP down projection,47,Old compiled M8 vs old compiled M1,320,320,320,320,320,320,320,320
MLP down projection,48,Final compiled M8 vs final eager M8,320,320,320,320,320,320,320,320
MLP down projection,48,Fix 1 compiled M8 vs Fix 1 eager M8,320,320,320,320,320,320,320,320
MLP down projection,48,Fix 1 compiled M8 vs Fix 1 compiled M1,320,320,320,320,320,320,320,320
MLP down projection,48,Old compiled M8 vs old compiled M1,320,320,320,320,320,320,320,320
MLP down projection,49,Final compiled M8 vs final eager M8,320,320,320,320,320,320,320,320
MLP down projection,49,Fix 1 compiled M8 vs Fix 1 eager M8,320,320,320,320,320,320,320,320
MLP down projection,49,Fix 1 compiled M8 vs Fix 1 compiled M1,320,320,320,320,320,320,320,320
MLP down projection,49,Old compiled M8 vs old compiled M1,320,320,320,320,320,320,320,320
MLP down projection,5,Final compiled M8 vs final eager M8,320,320,320,320,320,320,320,320
MLP down projection,5,Fix 1 compiled M8 vs Fix 1 eager M8,320,320,320,320,320,320,320,320
MLP down projection,5,Fix 1 compiled M8 vs Fix 1 compiled M1,320,320,320,320,320,320,320,320
MLP down projection,5,Old compiled M8 vs old compiled M1,320,320,320,320,320,320,320,320
MLP down projection,50,Final compiled M8 vs final eager M8,320,320,320,320,320,320,320,320
MLP down projection,50,Fix 1 compiled M8 vs Fix 1 eager M8,320,320,320,320,320,320,320,320
MLP down projection,50,Fix 1 compiled M8 vs Fix 1 compiled M1,320,320,320,320,320,320,320,320
MLP down projection,50,Old compiled M8 vs old compiled M1,320,320,320,320,320,320,320,320
MLP down projection,51,Final compiled M8 vs final eager M8,320,320,320,320,320,320,320,320
MLP down projection,51,Fix 1 compiled M8 vs Fix 1 eager M8,320,320,320,320,320,320,320,320
MLP down projection,51,Fix 1 compiled M8 vs Fix 1 compiled M1,320,320,320,320,320,320,320,320
MLP down projection,51,Old compiled M8 vs old compiled M1,320,320,320,320,320,320,320,320
MLP down projection,52,Final compiled M8 vs final eager M8,320,320,320,320,320,320,320,320
MLP down projection,52,Fix 1 compiled M8 vs Fix 1 eager M8,320,320,320,320,320,320,320,320
MLP down projection,52,Fix 1 compiled M8 vs Fix 1 compiled M1,320,320,320,320,320,320,320,320
MLP down projection,52,Old compiled M8 vs old compiled M1,320,320,320,320,320,320,320,320
MLP down projection,53,Final compiled M8 vs final eager M8,320,320,320,320,320,320,320,320
MLP down projection,53,Fix 1 compiled M8 vs Fix 1 eager M8,320,320,320,320,320,320,320,320
MLP down projection,53,Fix 1 compiled M8 vs Fix 1 compiled M1,320,320,320,320,320,320,320,320
MLP down projection,53,Old compiled M8 vs old compiled M1,320,320,320,320,320,320,320,320
MLP down projection,54,Final compiled M8 vs final eager M8,320,320,320,320,320,320,320,320
MLP down projection,54,Fix 1 compiled M8 vs Fix 1 eager M8,320,320,320,320,320,320,320,320
MLP down projection,54,Fix 1 compiled M8 vs Fix 1 compiled M1,320,320,320,320,320,320,320,320
MLP down projection,54,Old compiled M8 vs old compiled M1,320,320,320,320,320,320,320,320
MLP down projection,55,Final compiled M8 vs final eager M8,320,320,320,320,320,320,320,320
MLP down projection,55,Fix 1 compiled M8 vs Fix 1 eager M8,320,320,320,320,320,320,320,320
MLP down projection,55,Fix 1 compiled M8 vs Fix 1 compiled M1,320,320,320,320,320,320,320,320
MLP down projection,55,Old compiled M8 vs old compiled M1,320,320,320,320,320,320,320,320
MLP down projection,56,Final compiled M8 vs final eager M8,320,320,320,320,320,320,320,320
MLP down projection,56,Fix 1 compiled M8 vs Fix 1 eager M8,320,320,320,320,320,320,320,320
MLP down projection,56,Fix 1 compiled M8 vs Fix 1 compiled M1,320,320,320,320,320,320,320,320
MLP down projection,56,Old compiled M8 vs old compiled M1,320,320,320,320,320,320,320,320
MLP down projection,57,Final compiled M8 vs final eager M8,320,320,320,320,320,320,320,320
MLP down projection,57,Fix 1 compiled M8 vs Fix 1 eager M8,320,320,320,320,320,320,320,320
MLP down projection,57,Fix 1 compiled M8 vs Fix 1 compiled M1,320,320,320,320,320,320,320,320
MLP down projection,57,Old compiled M8 vs old compiled M1,320,320,320,320,320,320,320,320
MLP down projection,58,Final compiled M8 vs final eager M8,320,320,320,320,320,320,320,320
MLP down projection,58,Fix 1 compiled M8 vs Fix 1 eager M8,320,320,320,320,320,320,320,320
MLP down projection,58,Fix 1 compiled M8 vs Fix 1 compiled M1,320,320,320,320,320,320,320,320
MLP down projection,58,Old compiled M8 vs old compiled M1,320,320,320,320,320,320,320,320
MLP down projection,59,Final compiled M8 vs final eager M8,320,320,320,320,320,320,320,320
MLP down projection,59,Fix 1 compiled M8 vs Fix 1 eager M8,320,320,320,320,320,320,320,320
MLP down projection,59,Fix 1 compiled M8 vs Fix 1 compiled M1,320,320,320,320,320,320,320,320
MLP down projection,59,Old compiled M8 vs old compiled M1,320,320,320,320,320,320,320,320
MLP down projection,6,Final compiled M8 vs final eager M8,320,320,320,320,320,320,320,320
MLP down projection,6,Fix 1 compiled M8 vs Fix 1 eager M8,320,320,320,320,320,320,320,320
MLP down projection,6,Fix 1 compiled M8 vs Fix 1 compiled M1,320,320,320,320,320,320,320,320
MLP down projection,6,Old compiled M8 vs old compiled M1,320,320,320,320,320,320,320,320
MLP down projection,60,Final compiled M8 vs final eager M8,320,320,320,320,320,320,320,320
MLP down projection,60,Fix 1 compiled M8 vs Fix 1 eager M8,320,320,320,320,320,320,320,320
MLP down projection,60,Fix 1 compiled M8 vs Fix 1 compiled M1,320,320,320,320,320,320,320,320
MLP down projection,60,Old compiled M8 vs old compiled M1,320,320,320,320,320,320,320,320
MLP down projection,61,Final compiled M8 vs final eager M8,320,320,320,320,320,320,320,320
MLP down projection,61,Fix 1 compiled M8 vs Fix 1 eager M8,320,320,320,320,320,320,320,320
MLP down projection,61,Fix 1 compiled M8 vs Fix 1 compiled M1,320,320,320,320,320,320,320,320
MLP down projection,61,Old compiled M8 vs old compiled M1,320,320,320,320,320,320,320,320
MLP down projection,62,Final compiled M8 vs final eager M8,320,320,320,320,320,320,320,320
MLP down projection,62,Fix 1 compiled M8 vs Fix 1 eager M8,320,320,320,320,320,320,320,320
MLP down projection,62,Fix 1 compiled M8 vs Fix 1 compiled M1,320,320,320,320,320,320,320,320
MLP down projection,62,Old compiled M8 vs old compiled M1,320,320,320,320,320,320,320,320
MLP down projection,63,Final compiled M8 vs final eager M8,320,320,320,320,320,320,320,320
MLP down projection,63,Fix 1 compiled M8 vs Fix 1 eager M8,320,320,320,320,320,320,320,320
MLP down projection,63,Fix 1 compiled M8 vs Fix 1 compiled M1,320,320,320,320,320,320,320,320
MLP down projection,63,Old compiled M8 vs old compiled M1,320,320,320,320,320,320,320,320
MLP down projection,7,Final compiled M8 vs final eager M8,320,320,320,320,320,320,320,320
MLP down projection,7,Fix 1 compiled M8 vs Fix 1 eager M8,320,320,320,320,320,320,320,320
MLP down projection,7,Fix 1 compiled M8 vs Fix 1 compiled M1,320,320,320,320,320,320,320,320
MLP down projection,7,Old compiled M8 vs old compiled M1,320,320,320,320,320,320,320,320
MLP down projection,8,Final compiled M8 vs final eager M8,320,320,320,320,320,320,320,320
MLP down projection,8,Fix 1 compiled M8 vs Fix 1 eager M8,320,320,320,320,320,320,320,320
MLP down projection,8,Fix 1 compiled M8 vs Fix 1 compiled M1,320,320,320,320,320,320,320,320
MLP down projection,8,Old compiled M8 vs old compiled M1,320,320,320,320,320,320,320,320
MLP down projection,9,Final compiled M8 vs final eager M8,320,320,320,320,320,320,320,320
MLP down projection,9,Fix 1 compiled M8 vs Fix 1 eager M8,320,320,320,320,320,320,320,320
MLP down projection,9,Fix 1 compiled M8 vs Fix 1 compiled M1,320,320,320,320,320,320,320,320
MLP down projection,9,Old compiled M8 vs old compiled M1,320,320,320,320,320,320,320,320
MLP gate/up input FP8 quantization,0,Final compiled M8 vs final eager M8,320,320,320,320,320,320,320,320
MLP gate/up input FP8 quantization,0,Fix 1 compiled M8 vs Fix 1 eager M8,320,320,320,320,320,320,320,320
MLP gate/up input FP8 quantization,0,Fix 1 compiled M8 vs Fix 1 compiled M1,320,320,320,320,320,320,320,320
MLP gate/up input FP8 quantization,0,Old compiled M8 vs old compiled M1,320,320,320,320,320,320,320,320
MLP gate/up input FP8 quantization,1,Final compiled M8 vs final eager M8,320,320,320,320,320,320,320,320
MLP gate/up input FP8 quantization,1,Fix 1 compiled M8 vs Fix 1 eager M8,320,320,320,320,320,320,320,320
MLP gate/up input FP8 quantization,1,Fix 1 compiled M8 vs Fix 1 compiled M1,320,320,320,320,320,320,320,320
MLP gate/up input FP8 quantization,1,Old compiled M8 vs old compiled M1,320,320,320,320,320,320,320,320
MLP gate/up input FP8 quantization,10,Final compiled M8 vs final eager M8,320,320,320,320,320,320,320,320
MLP gate/up input FP8 quantization,10,Fix 1 compiled M8 vs Fix 1 eager M8,320,320,320,320,320,320,320,320
MLP gate/up input FP8 quantization,10,Fix 1 compiled M8 vs Fix 1 compiled M1,320,320,320,320,320,320,320,320
MLP gate/up input FP8 quantization,10,Old compiled M8 vs old compiled M1,320,320,320,320,320,320,320,320
MLP gate/up input FP8 quantization,11,Final compiled M8 vs final eager M8,320,320,320,320,320,320,320,320
MLP gate/up input FP8 quantization,11,Fix 1 compiled M8 vs Fix 1 eager M8,320,320,320,320,320,320,320,320
MLP gate/up input FP8 quantization,11,Fix 1 compiled M8 vs Fix 1 compiled M1,320,320,320,320,320,320,320,320
MLP gate/up input FP8 quantization,11,Old compiled M8 vs old compiled M1,320,320,320,320,320,320,320,320
MLP gate/up input FP8 quantization,12,Final compiled M8 vs final eager M8,320,320,320,320,320,320,320,320
MLP gate/up input FP8 quantization,12,Fix 1 compiled M8 vs Fix 1 eager M8,320,320,320,320,320,320,320,320
MLP gate/up input FP8 quantization,12,Fix 1 compiled M8 vs Fix 1 compiled M1,320,320,320,320,320,320,320,320
MLP gate/up input FP8 quantization,12,Old compiled M8 vs old compiled M1,320,320,320,320,320,320,320,320
MLP gate/up input FP8 quantization,13,Final compiled M8 vs final eager M8,320,320,320,320,320,320,320,320
MLP gate/up input FP8 quantization,13,Fix 1 compiled M8 vs Fix 1 eager M8,320,320,320,320,320,320,320,320
MLP gate/up input FP8 quantization,13,Fix 1 compiled M8 vs Fix 1 compiled M1,320,320,320,320,320,320,320,320
MLP gate/up input FP8 quantization,13,Old compiled M8 vs old compiled M1,320,320,320,320,320,320,320,320
MLP gate/up input FP8 quantization,14,Final compiled M8 vs final eager M8,320,320,320,320,320,320,320,320
MLP gate/up input FP8 quantization,14,Fix 1 compiled M8 vs Fix 1 eager M8,320,320,320,320,320,320,320,320
MLP gate/up input FP8 quantization,14,Fix 1 compiled M8 vs Fix 1 compiled M1,320,320,320,320,320,320,320,320
MLP gate/up input FP8 quantization,14,Old compiled M8 vs old compiled M1,320,320,320,320,320,320,320,320
MLP gate/up input FP8 quantization,15,Final compiled M8 vs final eager M8,320,320,320,320,320,320,320,320
MLP gate/up input FP8 quantization,15,Fix 1 compiled M8 vs Fix 1 eager M8,320,320,320,320,320,320,320,320
MLP gate/up input FP8 quantization,15,Fix 1 compiled M8 vs Fix 1 compiled M1,320,320,320,320,320,320,320,320
MLP gate/up input FP8 quantization,15,Old compiled M8 vs old compiled M1,320,320,320,320,320,320,320,320
MLP gate/up input FP8 quantization,16,Final compiled M8 vs final eager M8,320,320,320,320,320,320,320,320
MLP gate/up input FP8 quantization,16,Fix 1 compiled M8 vs Fix 1 eager M8,320,320,320,320,320,320,320,320
MLP gate/up input FP8 quantization,16,Fix 1 compiled M8 vs Fix 1 compiled M1,320,320,320,320,320,320,320,320
MLP gate/up input FP8 quantization,16,Old compiled M8 vs old compiled M1,320,320,320,320,320,320,320,320
MLP gate/up input FP8 quantization,17,Final compiled M8 vs final eager M8,320,320,320,320,320,320,320,320
MLP gate/up input FP8 quantization,17,Fix 1 compiled M8 vs Fix 1 eager M8,320,320,320,320,320,320,320,320
MLP gate/up input FP8 quantization,17,Fix 1 compiled M8 vs Fix 1 compiled M1,320,320,320,320,320,320,320,320
MLP gate/up input FP8 quantization,17,Old compiled M8 vs old compiled M1,320,320,320,320,320,320,320,320
MLP gate/up input FP8 quantization,18,Final compiled M8 vs final eager M8,320,320,320,320,320,320,320,320
MLP gate/up input FP8 quantization,18,Fix 1 compiled M8 vs Fix 1 eager M8,320,320,320,320,320,320,320,320
MLP gate/up input FP8 quantization,18,Fix 1 compiled M8 vs Fix 1 compiled M1,320,320,320,320,320,320,320,320
MLP gate/up input FP8 quantization,18,Old compiled M8 vs old compiled M1,320,320,320,320,320,320,320,320
MLP gate/up input FP8 quantization,19,Final compiled M8 vs final eager M8,320,320,320,320,320,320,320,320
MLP gate/up input FP8 quantization,19,Fix 1 compiled M8 vs Fix 1 eager M8,320,320,320,320,320,320,320,320
MLP gate/up input FP8 quantization,19,Fix 1 compiled M8 vs Fix 1 compiled M1,320,320,320,320,320,320,320,320
MLP gate/up input FP8 quantization,19,Old compiled M8 vs old compiled M1,320,320,320,320,320,320,320,320
MLP gate/up input FP8 quantization,2,Final compiled M8 vs final eager M8,320,320,320,320,320,320,320,320
MLP gate/up input FP8 quantization,2,Fix 1 compiled M8 vs Fix 1 eager M8,320,320,320,320,320,320,320,320
MLP gate/up input FP8 quantization,2,Fix 1 compiled M8 vs Fix 1 compiled M1,320,320,320,320,320,320,320,320
MLP gate/up input FP8 quantization,2,Old compiled M8 vs old compiled M1,320,320,320,320,320,320,320,320
MLP gate/up input FP8 quantization,20,Final compiled M8 vs final eager M8,320,320,320,320,320,320,320,320
MLP gate/up input FP8 quantization,20,Fix 1 compiled M8 vs Fix 1 eager M8,320,320,320,320,320,320,320,320
MLP gate/up input FP8 quantization,20,Fix 1 compiled M8 vs Fix 1 compiled M1,320,320,320,320,320,320,320,320
MLP gate/up input FP8 quantization,20,Old compiled M8 vs old compiled M1,320,320,320,320,320,320,320,320
MLP gate/up input FP8 quantization,21,Final compiled M8 vs final eager M8,320,320,320,320,320,320,320,320
MLP gate/up input FP8 quantization,21,Fix 1 compiled M8 vs Fix 1 eager M8,320,320,320,320,320,320,320,320
MLP gate/up input FP8 quantization,21,Fix 1 compiled M8 vs Fix 1 compiled M1,320,320,320,320,320,320,320,320
MLP gate/up input FP8 quantization,21,Old compiled M8 vs old compiled M1,320,320,320,320,320,320,320,320
MLP gate/up input FP8 quantization,22,Final compiled M8 vs final eager M8,320,320,320,320,320,320,320,320
MLP gate/up input FP8 quantization,22,Fix 1 compiled M8 vs Fix 1 eager M8,320,320,320,320,320,320,320,320
MLP gate/up input FP8 quantization,22,Fix 1 compiled M8 vs Fix 1 compiled M1,320,320,320,320,320,320,320,320
MLP gate/up input FP8 quantization,22,Old compiled M8 vs old compiled M1,320,320,320,320,320,320,320,320
MLP gate/up input FP8 quantization,23,Final compiled M8 vs final eager M8,320,320,320,320,320,320,320,320
MLP gate/up input FP8 quantization,23,Fix 1 compiled M8 vs Fix 1 eager M8,320,320,320,320,320,320,320,320
MLP gate/up input FP8 quantization,23,Fix 1 compiled M8 vs Fix 1 compiled M1,320,320,320,320,320,320,320,320
MLP gate/up input FP8 quantization,23,Old compiled M8 vs old compiled M1,320,320,320,320,320,320,320,320
MLP gate/up input FP8 quantization,24,Final compiled M8 vs final eager M8,320,320,320,320,320,320,320,320
MLP gate/up input FP8 quantization,24,Fix 1 compiled M8 vs Fix 1 eager M8,320,320,320,320,320,320,320,320
MLP gate/up input FP8 quantization,24,Fix 1 compiled M8 vs Fix 1 compiled M1,320,320,320,320,320,320,320,320
MLP gate/up input FP8 quantization,24,Old compiled M8 vs old compiled M1,320,320,320,320,320,320,320,320
MLP gate/up input FP8 quantization,25,Final compiled M8 vs final eager M8,320,320,320,320,320,320,320,320
MLP gate/up input FP8 quantization,25,Fix 1 compiled M8 vs Fix 1 eager M8,320,320,320,320,320,320,320,320
MLP gate/up input FP8 quantization,25,Fix 1 compiled M8 vs Fix 1 compiled M1,320,320,320,320,320,320,320,320
MLP gate/up input FP8 quantization,25,Old compiled M8 vs old compiled M1,320,320,320,320,320,320,320,320
MLP gate/up input FP8 quantization,26,Final compiled M8 vs final eager M8,320,320,320,320,320,320,320,320
MLP gate/up input FP8 quantization,26,Fix 1 compiled M8 vs Fix 1 eager M8,320,320,320,320,320,320,320,320
MLP gate/up input FP8 quantization,26,Fix 1 compiled M8 vs Fix 1 compiled M1,320,320,320,320,320,320,320,320
MLP gate/up input FP8 quantization,26,Old compiled M8 vs old compiled M1,320,320,320,320,320,320,320,320
MLP gate/up input FP8 quantization,27,Final compiled M8 vs final eager M8,320,320,320,320,320,320,320,320
MLP gate/up input FP8 quantization,27,Fix 1 compiled M8 vs Fix 1 eager M8,320,320,320,320,320,320,320,320
MLP gate/up input FP8 quantization,27,Fix 1 compiled M8 vs Fix 1 compiled M1,320,320,320,320,320,320,320,320
MLP gate/up input FP8 quantization,27,Old compiled M8 vs old compiled M1,320,320,320,320,320,320,320,320
MLP gate/up input FP8 quantization,28,Final compiled M8 vs final eager M8,320,320,320,320,320,320,320,320
MLP gate/up input FP8 quantization,28,Fix 1 compiled M8 vs Fix 1 eager M8,320,320,320,320,320,320,320,320
MLP gate/up input FP8 quantization,28,Fix 1 compiled M8 vs Fix 1 compiled M1,320,320,320,320,320,320,320,320
MLP gate/up input FP8 quantization,28,Old compiled M8 vs old compiled M1,320,320,320,320,320,320,320,320
MLP gate/up input FP8 quantization,29,Final compiled M8 vs final eager M8,320,320,320,320,320,320,320,320
MLP gate/up input FP8 quantization,29,Fix 1 compiled M8 vs Fix 1 eager M8,320,320,320,320,320,320,320,320
MLP gate/up input FP8 quantization,29,Fix 1 compiled M8 vs Fix 1 compiled M1,320,320,320,320,320,320,320,320
MLP gate/up input FP8 quantization,29,Old compiled M8 vs old compiled M1,320,320,320,320,320,320,320,320
MLP gate/up input FP8 quantization,3,Final compiled M8 vs final eager M8,320,320,320,320,320,320,320,320
MLP gate/up input FP8 quantization,3,Fix 1 compiled M8 vs Fix 1 eager M8,320,320,320,320,320,320,320,320
MLP gate/up input FP8 quantization,3,Fix 1 compiled M8 vs Fix 1 compiled M1,320,320,320,320,320,320,320,320
MLP gate/up input FP8 quantization,3,Old compiled M8 vs old compiled M1,320,320,320,320,320,320,320,320
MLP gate/up input FP8 quantization,30,Final compiled M8 vs final eager M8,320,320,320,320,320,320,320,320
MLP gate/up input FP8 quantization,30,Fix 1 compiled M8 vs Fix 1 eager M8,320,320,320,320,320,320,320,320
MLP gate/up input FP8 quantization,30,Fix 1 compiled M8 vs Fix 1 compiled M1,320,320,320,320,320,320,320,320
MLP gate/up input FP8 quantization,30,Old compiled M8 vs old compiled M1,320,320,320,320,320,320,320,320
MLP gate/up input FP8 quantization,31,Final compiled M8 vs final eager M8,320,320,320,320,320,320,320,320
MLP gate/up input FP8 quantization,31,Fix 1 compiled M8 vs Fix 1 eager M8,320,320,320,320,320,320,320,320
MLP gate/up input FP8 quantization,31,Fix 1 compiled M8 vs Fix 1 compiled M1,320,320,320,320,320,320,320,320
MLP gate/up input FP8 quantization,31,Old compiled M8 vs old compiled M1,320,320,320,320,320,320,320,320
MLP gate/up input FP8 quantization,32,Final compiled M8 vs final eager M8,320,320,320,320,320,320,320,320
MLP gate/up input FP8 quantization,32,Fix 1 compiled M8 vs Fix 1 eager M8,320,320,320,320,320,320,320,320
MLP gate/up input FP8 quantization,32,Fix 1 compiled M8 vs Fix 1 compiled M1,320,320,320,320,320,320,320,320
MLP gate/up input FP8 quantization,32,Old compiled M8 vs old compiled M1,320,320,320,320,320,320,320,320
MLP gate/up input FP8 quantization,33,Final compiled M8 vs final eager M8,320,320,320,320,320,320,320,320
MLP gate/up input FP8 quantization,33,Fix 1 compiled M8 vs Fix 1 eager M8,320,320,320,320,320,320,320,320
MLP gate/up input FP8 quantization,33,Fix 1 compiled M8 vs Fix 1 compiled M1,320,320,320,320,320,320,320,320
MLP gate/up input FP8 quantization,33,Old compiled M8 vs old compiled M1,320,320,320,320,320,320,320,320
MLP gate/up input FP8 quantization,34,Final compiled M8 vs final eager M8,320,320,320,320,320,320,320,320
MLP gate/up input FP8 quantization,34,Fix 1 compiled M8 vs Fix 1 eager M8,320,320,320,320,320,320,320,320
MLP gate/up input FP8 quantization,34,Fix 1 compiled M8 vs Fix 1 compiled M1,320,320,320,320,320,320,320,320
MLP gate/up input FP8 quantization,34,Old compiled M8 vs old compiled M1,320,320,320,320,320,320,320,320
MLP gate/up input FP8 quantization,35,Final compiled M8 vs final eager M8,320,320,320,320,320,320,320,320
MLP gate/up input FP8 quantization,35,Fix 1 compiled M8 vs Fix 1 eager M8,320,320,320,320,320,320,320,320
MLP gate/up input FP8 quantization,35,Fix 1 compiled M8 vs Fix 1 compiled M1,320,320,320,320,320,320,320,320
MLP gate/up input FP8 quantization,35,Old compiled M8 vs old compiled M1,320,320,320,320,320,320,320,320
MLP gate/up input FP8 quantization,36,Final compiled M8 vs final eager M8,320,320,320,320,320,320,320,320
MLP gate/up input FP8 quantization,36,Fix 1 compiled M8 vs Fix 1 eager M8,320,320,320,320,320,320,320,320
MLP gate/up input FP8 quantization,36,Fix 1 compiled M8 vs Fix 1 compiled M1,320,320,320,320,320,320,320,320
MLP gate/up input FP8 quantization,36,Old compiled M8 vs old compiled M1,320,320,320,320,320,320,320,320
MLP gate/up input FP8 quantization,37,Final compiled M8 vs final eager M8,320,320,320,320,320,320,320,320
MLP gate/up input FP8 quantization,37,Fix 1 compiled M8 vs Fix 1 eager M8,320,320,320,320,320,320,320,320
MLP gate/up input FP8 quantization,37,Fix 1 compiled M8 vs Fix 1 compiled M1,320,320,320,320,320,320,320,320
MLP gate/up input FP8 quantization,37,Old compiled M8 vs old compiled M1,320,320,320,320,320,320,320,320
MLP gate/up input FP8 quantization,38,Final compiled M8 vs final eager M8,320,320,320,320,320,320,320,320
MLP gate/up input FP8 quantization,38,Fix 1 compiled M8 vs Fix 1 eager M8,320,320,320,320,320,320,320,320
MLP gate/up input FP8 quantization,38,Fix 1 compiled M8 vs Fix 1 compiled M1,320,320,320,320,320,320,320,320
MLP gate/up input FP8 quantization,38,Old compiled M8 vs old compiled M1,320,320,320,320,320,320,320,320
MLP gate/up input FP8 quantization,39,Final compiled M8 vs final eager M8,320,320,320,320,320,320,320,320
MLP gate/up input FP8 quantization,39,Fix 1 compiled M8 vs Fix 1 eager M8,320,320,320,320,320,320,320,320
MLP gate/up input FP8 quantization,39,Fix 1 compiled M8 vs Fix 1 compiled M1,320,320,320,320,320,320,320,320
MLP gate/up input FP8 quantization,39,Old compiled M8 vs old compiled M1,320,320,320,320,320,320,320,320
MLP gate/up input FP8 quantization,4,Final compiled M8 vs final eager M8,320,320,320,320,320,320,320,320
MLP gate/up input FP8 quantization,4,Fix 1 compiled M8 vs Fix 1 eager M8,320,320,320,320,320,320,320,320
MLP gate/up input FP8 quantization,4,Fix 1 compiled M8 vs Fix 1 compiled M1,320,320,320,320,320,320,320,320
MLP gate/up input FP8 quantization,4,Old compiled M8 vs old compiled M1,320,320,320,320,320,320,320,320
MLP gate/up input FP8 quantization,40,Final compiled M8 vs final eager M8,320,320,320,320,320,320,320,320
MLP gate/up input FP8 quantization,40,Fix 1 compiled M8 vs Fix 1 eager M8,320,320,320,320,320,320,320,320
MLP gate/up input FP8 quantization,40,Fix 1 compiled M8 vs Fix 1 compiled M1,320,320,320,320,320,320,320,320
MLP gate/up input FP8 quantization,40,Old compiled M8 vs old compiled M1,320,320,320,320,320,320,320,320
MLP gate/up input FP8 quantization,41,Final compiled M8 vs final eager M8,320,320,320,320,320,320,320,320
MLP gate/up input FP8 quantization,41,Fix 1 compiled M8 vs Fix 1 eager M8,320,320,320,320,320,320,320,320
MLP gate/up input FP8 quantization,41,Fix 1 compiled M8 vs Fix 1 compiled M1,320,320,320,320,320,320,320,320
MLP gate/up input FP8 quantization,41,Old compiled M8 vs old compiled M1,320,320,320,320,320,320,320,320
MLP gate/up input FP8 quantization,42,Final compiled M8 vs final eager M8,320,320,320,320,320,320,320,320
MLP gate/up input FP8 quantization,42,Fix 1 compiled M8 vs Fix 1 eager M8,320,320,320,320,320,320,320,320
MLP gate/up input FP8 quantization,42,Fix 1 compiled M8 vs Fix 1 compiled M1,320,320,320,320,320,320,320,320
MLP gate/up input FP8 quantization,42,Old compiled M8 vs old compiled M1,320,320,320,320,320,320,320,320
MLP gate/up input FP8 quantization,43,Final compiled M8 vs final eager M8,320,320,320,320,320,320,320,320
MLP gate/up input FP8 quantization,43,Fix 1 compiled M8 vs Fix 1 eager M8,320,320,320,320,320,320,320,320
MLP gate/up input FP8 quantization,43,Fix 1 compiled M8 vs Fix 1 compiled M1,320,320,320,320,320,320,320,320
MLP gate/up input FP8 quantization,43,Old compiled M8 vs old compiled M1,320,320,320,320,320,320,320,320
MLP gate/up input FP8 quantization,44,Final compiled M8 vs final eager M8,320,320,320,320,320,320,320,320
MLP gate/up input FP8 quantization,44,Fix 1 compiled M8 vs Fix 1 eager M8,320,320,320,320,320,320,320,320
MLP gate/up input FP8 quantization,44,Fix 1 compiled M8 vs Fix 1 compiled M1,320,320,320,320,320,320,320,320
MLP gate/up input FP8 quantization,44,Old compiled M8 vs old compiled M1,320,320,320,320,320,320,320,320
MLP gate/up input FP8 quantization,45,Final compiled M8 vs final eager M8,320,320,320,320,320,320,320,320
MLP gate/up input FP8 quantization,45,Fix 1 compiled M8 vs Fix 1 eager M8,320,320,320,320,320,320,320,320
MLP gate/up input FP8 quantization,45,Fix 1 compiled M8 vs Fix 1 compiled M1,320,320,320,320,320,320,320,320
MLP gate/up input FP8 quantization,45,Old compiled M8 vs old compiled M1,320,320,320,320,320,320,320,320
MLP gate/up input FP8 quantization,46,Final compiled M8 vs final eager M8,320,320,320,320,320,320,320,320
MLP gate/up input FP8 quantization,46,Fix 1 compiled M8 vs Fix 1 eager M8,320,320,320,320,320,320,320,320
MLP gate/up input FP8 quantization,46,Fix 1 compiled M8 vs Fix 1 compiled M1,320,320,320,320,320,320,320,320
MLP gate/up input FP8 quantization,46,Old compiled M8 vs old compiled M1,320,320,320,320,320,320,320,320
MLP gate/up input FP8 quantization,47,Final compiled M8 vs final eager M8,320,320,320,320,320,320,320,320
MLP gate/up input FP8 quantization,47,Fix 1 compiled M8 vs Fix 1 eager M8,320,320,320,320,320,320,320,320
MLP gate/up input FP8 quantization,47,Fix 1 compiled M8 vs Fix 1 compiled M1,320,320,320,320,320,320,320,320
MLP gate/up input FP8 quantization,47,Old compiled M8 vs old compiled M1,320,320,320,320,320,320,320,320
MLP gate/up input FP8 quantization,48,Final compiled M8 vs final eager M8,320,320,320,320,320,320,320,320
MLP gate/up input FP8 quantization,48,Fix 1 compiled M8 vs Fix 1 eager M8,320,320,320,320,320,320,320,320
MLP gate/up input FP8 quantization,48,Fix 1 compiled M8 vs Fix 1 compiled M1,320,320,320,320,320,320,320,320
MLP gate/up input FP8 quantization,48,Old compiled M8 vs old compiled M1,320,320,320,320,320,320,320,320
MLP gate/up input FP8 quantization,49,Final compiled M8 vs final eager M8,320,320,320,320,320,320,320,320
MLP gate/up input FP8 quantization,49,Fix 1 compiled M8 vs Fix 1 eager M8,320,320,320,320,320,320,320,320
MLP gate/up input FP8 quantization,49,Fix 1 compiled M8 vs Fix 1 compiled M1,320,320,320,320,320,320,320,320
MLP gate/up input FP8 quantization,49,Old compiled M8 vs old compiled M1,320,320,320,320,320,320,320,320
MLP gate/up input FP8 quantization,5,Final compiled M8 vs final eager M8,320,320,320,320,320,320,320,320
MLP gate/up input FP8 quantization,5,Fix 1 compiled M8 vs Fix 1 eager M8,320,320,320,320,320,320,320,320
MLP gate/up input FP8 quantization,5,Fix 1 compiled M8 vs Fix 1 compiled M1,320,320,320,320,320,320,320,320
MLP gate/up input FP8 quantization,5,Old compiled M8 vs old compiled M1,320,320,320,320,320,320,320,320
MLP gate/up input FP8 quantization,50,Final compiled M8 vs final eager M8,320,320,320,320,320,320,320,320
MLP gate/up input FP8 quantization,50,Fix 1 compiled M8 vs Fix 1 eager M8,320,320,320,320,320,320,320,320
MLP gate/up input FP8 quantization,50,Fix 1 compiled M8 vs Fix 1 compiled M1,320,320,320,320,320,320,320,320
MLP gate/up input FP8 quantization,50,Old compiled M8 vs old compiled M1,320,320,320,320,320,320,320,320
MLP gate/up input FP8 quantization,51,Final compiled M8 vs final eager M8,320,320,320,320,320,320,320,320
MLP gate/up input FP8 quantization,51,Fix 1 compiled M8 vs Fix 1 eager M8,320,320,320,320,320,320,320,320
MLP gate/up input FP8 quantization,51,Fix 1 compiled M8 vs Fix 1 compiled M1,320,320,320,320,320,320,320,320
MLP gate/up input FP8 quantization,51,Old compiled M8 vs old compiled M1,320,320,320,320,320,320,320,320
MLP gate/up input FP8 quantization,52,Final compiled M8 vs final eager M8,320,320,320,320,320,320,320,320
MLP gate/up input FP8 quantization,52,Fix 1 compiled M8 vs Fix 1 eager M8,320,320,320,320,320,320,320,320
MLP gate/up input FP8 quantization,52,Fix 1 compiled M8 vs Fix 1 compiled M1,320,320,320,320,320,320,320,320
MLP gate/up input FP8 quantization,52,Old compiled M8 vs old compiled M1,320,320,320,320,320,320,320,320
MLP gate/up input FP8 quantization,53,Final compiled M8 vs final eager M8,320,320,320,320,320,320,320,320
MLP gate/up input FP8 quantization,53,Fix 1 compiled M8 vs Fix 1 eager M8,320,320,320,320,320,320,320,320
MLP gate/up input FP8 quantization,53,Fix 1 compiled M8 vs Fix 1 compiled M1,320,320,320,320,320,320,320,320
MLP gate/up input FP8 quantization,53,Old compiled M8 vs old compiled M1,320,320,320,320,320,320,320,320
MLP gate/up input FP8 quantization,54,Final compiled M8 vs final eager M8,320,320,320,320,320,320,320,320
MLP gate/up input FP8 quantization,54,Fix 1 compiled M8 vs Fix 1 eager M8,320,320,320,320,320,320,320,320
MLP gate/up input FP8 quantization,54,Fix 1 compiled M8 vs Fix 1 compiled M1,320,320,320,320,320,320,320,320
MLP gate/up input FP8 quantization,54,Old compiled M8 vs old compiled M1,320,320,320,320,320,320,320,320
MLP gate/up input FP8 quantization,55,Final compiled M8 vs final eager M8,320,320,320,320,320,320,320,320
MLP gate/up input FP8 quantization,55,Fix 1 compiled M8 vs Fix 1 eager M8,320,320,320,320,320,320,320,320
MLP gate/up input FP8 quantization,55,Fix 1 compiled M8 vs Fix 1 compiled M1,320,320,320,320,320,320,320,320
MLP gate/up input FP8 quantization,55,Old compiled M8 vs old compiled M1,320,320,320,320,320,320,320,320
MLP gate/up input FP8 quantization,56,Final compiled M8 vs final eager M8,320,320,320,320,320,320,320,320
MLP gate/up input FP8 quantization,56,Fix 1 compiled M8 vs Fix 1 eager M8,320,320,320,320,320,320,320,320
MLP gate/up input FP8 quantization,56,Fix 1 compiled M8 vs Fix 1 compiled M1,320,320,320,320,320,320,320,320
MLP gate/up input FP8 quantization,56,Old compiled M8 vs old compiled M1,320,320,320,320,320,320,320,320
MLP gate/up input FP8 quantization,57,Final compiled M8 vs final eager M8,320,320,320,320,320,320,320,320
MLP gate/up input FP8 quantization,57,Fix 1 compiled M8 vs Fix 1 eager M8,320,320,320,320,320,320,320,320
MLP gate/up input FP8 quantization,57,Fix 1 compiled M8 vs Fix 1 compiled M1,320,320,320,320,320,320,320,320
MLP gate/up input FP8 quantization,57,Old compiled M8 vs old compiled M1,320,320,320,320,320,320,320,320
MLP gate/up input FP8 quantization,58,Final compiled M8 vs final eager M8,320,320,320,320,320,320,320,320
MLP gate/up input FP8 quantization,58,Fix 1 compiled M8 vs Fix 1 eager M8,320,320,320,320,320,320,320,320
MLP gate/up input FP8 quantization,58,Fix 1 compiled M8 vs Fix 1 compiled M1,320,320,320,320,320,320,320,320
MLP gate/up input FP8 quantization,58,Old compiled M8 vs old compiled M1,320,320,320,320,320,320,320,320
MLP gate/up input FP8 quantization,59,Final compiled M8 vs final eager M8,320,320,320,320,320,320,320,320
MLP gate/up input FP8 quantization,59,Fix 1 compiled M8 vs Fix 1 eager M8,320,320,320,320,320,320,320,320
MLP gate/up input FP8 quantization,59,Fix 1 compiled M8 vs Fix 1 compiled M1,320,320,320,320,320,320,320,320
MLP gate/up input FP8 quantization,59,Old compiled M8 vs old compiled M1,320,320,320,320,320,320,320,320
MLP gate/up input FP8 quantization,6,Final compiled M8 vs final eager M8,320,320,320,320,320,320,320,320
MLP gate/up input FP8 quantization,6,Fix 1 compiled M8 vs Fix 1 eager M8,320,320,320,320,320,320,320,320
MLP gate/up input FP8 quantization,6,Fix 1 compiled M8 vs Fix 1 compiled M1,320,320,320,320,320,320,320,320
MLP gate/up input FP8 quantization,6,Old compiled M8 vs old compiled M1,320,320,320,320,320,320,320,320
MLP gate/up input FP8 quantization,60,Final compiled M8 vs final eager M8,320,320,320,320,320,320,320,320
MLP gate/up input FP8 quantization,60,Fix 1 compiled M8 vs Fix 1 eager M8,320,320,320,320,320,320,320,320
MLP gate/up input FP8 quantization,60,Fix 1 compiled M8 vs Fix 1 compiled M1,320,320,320,320,320,320,320,320
MLP gate/up input FP8 quantization,60,Old compiled M8 vs old compiled M1,320,320,320,320,320,320,320,320
MLP gate/up input FP8 quantization,61,Final compiled M8 vs final eager M8,320,320,320,320,320,320,320,320
MLP gate/up input FP8 quantization,61,Fix 1 compiled M8 vs Fix 1 eager M8,320,320,320,320,320,320,320,320
MLP gate/up input FP8 quantization,61,Fix 1 compiled M8 vs Fix 1 compiled M1,320,320,320,320,320,320,320,320
MLP gate/up input FP8 quantization,61,Old compiled M8 vs old compiled M1,320,320,320,320,320,320,320,320
MLP gate/up input FP8 quantization,62,Final compiled M8 vs final eager M8,320,320,320,320,320,320,320,320
MLP gate/up input FP8 quantization,62,Fix 1 compiled M8 vs Fix 1 eager M8,320,320,320,320,320,320,320,320
MLP gate/up input FP8 quantization,62,Fix 1 compiled M8 vs Fix 1 compiled M1,320,320,320,320,320,320,320,320
MLP gate/up input FP8 quantization,62,Old compiled M8 vs old compiled M1,320,320,320,320,320,320,320,320
MLP gate/up input FP8 quantization,63,Final compiled M8 vs final eager M8,320,320,320,320,320,320,320,320
MLP gate/up input FP8 quantization,63,Fix 1 compiled M8 vs Fix 1 eager M8,320,320,320,320,320,320,320,320
MLP gate/up input FP8 quantization,63,Fix 1 compiled M8 vs Fix 1 compiled M1,320,320,320,320,320,320,320,320
MLP gate/up input FP8 quantization,63,Old compiled M8 vs old compiled M1,320,320,320,320,320,320,320,320
MLP gate/up input FP8 quantization,7,Final compiled M8 vs final eager M8,320,320,320,320,320,320,320,320
MLP gate/up input FP8 quantization,7,Fix 1 compiled M8 vs Fix 1 eager M8,320,320,320,320,320,320,320,320
MLP gate/up input FP8 quantization,7,Fix 1 compiled M8 vs Fix 1 compiled M1,320,320,320,320,320,320,320,320
MLP gate/up input FP8 quantization,7,Old compiled M8 vs old compiled M1,320,320,320,320,320,320,320,320
MLP gate/up input FP8 quantization,8,Final compiled M8 vs final eager M8,320,320,320,320,320,320,320,320
MLP gate/up input FP8 quantization,8,Fix 1 compiled M8 vs Fix 1 eager M8,320,320,320,320,320,320,320,320
MLP gate/up input FP8 quantization,8,Fix 1 compiled M8 vs Fix 1 compiled M1,320,320,320,320,320,320,320,320
MLP gate/up input FP8 quantization,8,Old compiled M8 vs old compiled M1,320,320,320,320,320,320,320,320
MLP gate/up input FP8 quantization,9,Final compiled M8 vs final eager M8,320,320,320,320,320,320,320,320
MLP gate/up input FP8 quantization,9,Fix 1 compiled M8 vs Fix 1 eager M8,320,320,320,320,320,320,320,320
MLP gate/up input FP8 quantization,9,Fix 1 compiled M8 vs Fix 1 compiled M1,320,320,320,320,320,320,320,320
MLP gate/up input FP8 quantization,9,Old compiled M8 vs old compiled M1,320,320,320,320,320,320,320,320
MLP gate/up projection,0,Final compiled M8 vs final eager M8,320,320,320,320,320,320,320,320
MLP gate/up projection,0,Fix 1 compiled M8 vs Fix 1 eager M8,320,320,320,320,320,320,320,320
MLP gate/up projection,0,Fix 1 compiled M8 vs Fix 1 compiled M1,320,320,320,320,320,320,320,320
MLP gate/up projection,0,Old compiled M8 vs old compiled M1,320,320,320,320,320,320,320,320
MLP gate/up projection,1,Final compiled M8 vs final eager M8,320,320,320,320,320,320,320,320
MLP gate/up projection,1,Fix 1 compiled M8 vs Fix 1 eager M8,320,320,320,320,320,320,320,320
MLP gate/up projection,1,Fix 1 compiled M8 vs Fix 1 compiled M1,320,320,320,320,320,320,320,320
MLP gate/up projection,1,Old compiled M8 vs old compiled M1,320,320,320,320,320,320,320,320
MLP gate/up projection,10,Final compiled M8 vs final eager M8,320,320,320,320,320,320,320,320
MLP gate/up projection,10,Fix 1 compiled M8 vs Fix 1 eager M8,320,320,320,320,320,320,320,320
MLP gate/up projection,10,Fix 1 compiled M8 vs Fix 1 compiled M1,320,320,320,320,320,320,320,320
MLP gate/up projection,10,Old compiled M8 vs old compiled M1,320,320,320,320,320,320,320,320
MLP gate/up projection,11,Final compiled M8 vs final eager M8,320,320,320,320,320,320,320,320
MLP gate/up projection,11,Fix 1 compiled M8 vs Fix 1 eager M8,320,320,320,320,320,320,320,320
MLP gate/up projection,11,Fix 1 compiled M8 vs Fix 1 compiled M1,320,320,320,320,320,320,320,320
MLP gate/up projection,11,Old compiled M8 vs old compiled M1,320,320,320,320,320,320,320,320
MLP gate/up projection,12,Final compiled M8 vs final eager M8,320,320,320,320,320,320,320,320
MLP gate/up projection,12,Fix 1 compiled M8 vs Fix 1 eager M8,320,320,320,320,320,320,320,320
MLP gate/up projection,12,Fix 1 compiled M8 vs Fix 1 compiled M1,320,320,320,320,320,320,320,320
MLP gate/up projection,12,Old compiled M8 vs old compiled M1,320,320,320,320,320,320,320,320
MLP gate/up projection,13,Final compiled M8 vs final eager M8,320,320,320,320,320,320,320,320
MLP gate/up projection,13,Fix 1 compiled M8 vs Fix 1 eager M8,320,320,320,320,320,320,320,320
MLP gate/up projection,13,Fix 1 compiled M8 vs Fix 1 compiled M1,320,320,320,320,320,320,320,320
MLP gate/up projection,13,Old compiled M8 vs old compiled M1,320,320,320,320,320,320,320,320
MLP gate/up projection,14,Final compiled M8 vs final eager M8,320,320,320,320,320,320,320,320
MLP gate/up projection,14,Fix 1 compiled M8 vs Fix 1 eager M8,320,320,320,320,320,320,320,320
MLP gate/up projection,14,Fix 1 compiled M8 vs Fix 1 compiled M1,320,320,320,320,320,320,320,320
MLP gate/up projection,14,Old compiled M8 vs old compiled M1,320,320,320,320,320,320,320,320
MLP gate/up projection,15,Final compiled M8 vs final eager M8,320,320,320,320,320,320,320,320
MLP gate/up projection,15,Fix 1 compiled M8 vs Fix 1 eager M8,320,320,320,320,320,320,320,320
MLP gate/up projection,15,Fix 1 compiled M8 vs Fix 1 compiled M1,320,320,320,320,320,320,320,320
MLP gate/up projection,15,Old compiled M8 vs old compiled M1,320,320,320,320,320,320,320,320
MLP gate/up projection,16,Final compiled M8 vs final eager M8,320,320,320,320,320,320,320,320
MLP gate/up projection,16,Fix 1 compiled M8 vs Fix 1 eager M8,320,320,320,320,320,320,320,320
MLP gate/up projection,16,Fix 1 compiled M8 vs Fix 1 compiled M1,320,320,320,320,320,320,320,320
MLP gate/up projection,16,Old compiled M8 vs old compiled M1,320,320,320,320,320,320,320,320
MLP gate/up projection,17,Final compiled M8 vs final eager M8,320,320,320,320,320,320,320,320
MLP gate/up projection,17,Fix 1 compiled M8 vs Fix 1 eager M8,320,320,320,320,320,320,320,320
MLP gate/up projection,17,Fix 1 compiled M8 vs Fix 1 compiled M1,320,320,320,320,320,320,320,320
MLP gate/up projection,17,Old compiled M8 vs old compiled M1,320,320,320,320,320,320,320,320
MLP gate/up projection,18,Final compiled M8 vs final eager M8,320,320,320,320,320,320,320,320
MLP gate/up projection,18,Fix 1 compiled M8 vs Fix 1 eager M8,320,320,320,320,320,320,320,320
MLP gate/up projection,18,Fix 1 compiled M8 vs Fix 1 compiled M1,320,320,320,320,320,320,320,320
MLP gate/up projection,18,Old compiled M8 vs old compiled M1,320,320,320,320,320,320,320,320
MLP gate/up projection,19,Final compiled M8 vs final eager M8,320,320,320,320,320,320,320,320
MLP gate/up projection,19,Fix 1 compiled M8 vs Fix 1 eager M8,320,320,320,320,320,320,320,320
MLP gate/up projection,19,Fix 1 compiled M8 vs Fix 1 compiled M1,320,320,320,320,320,320,320,320
MLP gate/up projection,19,Old compiled M8 vs old compiled M1,320,320,320,320,320,320,320,320
MLP gate/up projection,2,Final compiled M8 vs final eager M8,320,320,320,320,320,320,320,320
MLP gate/up projection,2,Fix 1 compiled M8 vs Fix 1 eager M8,320,320,320,320,320,320,320,320
MLP gate/up projection,2,Fix 1 compiled M8 vs Fix 1 compiled M1,320,320,320,320,320,320,320,320
MLP gate/up projection,2,Old compiled M8 vs old compiled M1,320,320,320,320,320,320,320,320
MLP gate/up projection,20,Final compiled M8 vs final eager M8,320,320,320,320,320,320,320,320
MLP gate/up projection,20,Fix 1 compiled M8 vs Fix 1 eager M8,320,320,320,320,320,320,320,320
MLP gate/up projection,20,Fix 1 compiled M8 vs Fix 1 compiled M1,320,320,320,320,320,320,320,320
MLP gate/up projection,20,Old compiled M8 vs old compiled M1,320,320,320,320,320,320,320,320
MLP gate/up projection,21,Final compiled M8 vs final eager M8,320,320,320,320,320,320,320,320
MLP gate/up projection,21,Fix 1 compiled M8 vs Fix 1 eager M8,320,320,320,320,320,320,320,320
MLP gate/up projection,21,Fix 1 compiled M8 vs Fix 1 compiled M1,320,320,320,320,320,320,320,320
MLP gate/up projection,21,Old compiled M8 vs old compiled M1,320,320,320,320,320,320,320,320
MLP gate/up projection,22,Final compiled M8 vs final eager M8,320,320,320,320,320,320,320,320
MLP gate/up projection,22,Fix 1 compiled M8 vs Fix 1 eager M8,320,320,320,320,320,320,320,320
MLP gate/up projection,22,Fix 1 compiled M8 vs Fix 1 compiled M1,320,320,320,320,320,320,320,320
MLP gate/up projection,22,Old compiled M8 vs old compiled M1,320,320,320,320,320,320,320,320
MLP gate/up projection,23,Final compiled M8 vs final eager M8,320,320,320,320,320,320,320,320
MLP gate/up projection,23,Fix 1 compiled M8 vs Fix 1 eager M8,320,320,320,320,320,320,320,320
MLP gate/up projection,23,Fix 1 compiled M8 vs Fix 1 compiled M1,320,320,320,320,320,320,320,320
MLP gate/up projection,23,Old compiled M8 vs old compiled M1,320,320,320,320,320,320,320,320
MLP gate/up projection,24,Final compiled M8 vs final eager M8,320,320,320,320,320,320,320,320
MLP gate/up projection,24,Fix 1 compiled M8 vs Fix 1 eager M8,320,320,320,320,320,320,320,320
MLP gate/up projection,24,Fix 1 compiled M8 vs Fix 1 compiled M1,320,320,320,320,320,320,320,320
MLP gate/up projection,24,Old compiled M8 vs old compiled M1,320,320,320,320,320,320,320,320
MLP gate/up projection,25,Final compiled M8 vs final eager M8,320,320,320,320,320,320,320,320
MLP gate/up projection,25,Fix 1 compiled M8 vs Fix 1 eager M8,320,320,320,320,320,320,320,320
MLP gate/up projection,25,Fix 1 compiled M8 vs Fix 1 compiled M1,320,320,320,320,320,320,320,320
MLP gate/up projection,25,Old compiled M8 vs old compiled M1,320,320,320,320,320,320,320,320
MLP gate/up projection,26,Final compiled M8 vs final eager M8,320,320,320,320,320,320,320,320
MLP gate/up projection,26,Fix 1 compiled M8 vs Fix 1 eager M8,320,320,320,320,320,320,320,320
MLP gate/up projection,26,Fix 1 compiled M8 vs Fix 1 compiled M1,320,320,320,320,320,320,320,320
MLP gate/up projection,26,Old compiled M8 vs old compiled M1,320,320,320,320,320,320,320,320
MLP gate/up projection,27,Final compiled M8 vs final eager M8,320,320,320,320,320,320,320,320
MLP gate/up projection,27,Fix 1 compiled M8 vs Fix 1 eager M8,320,320,320,320,320,320,320,320
MLP gate/up projection,27,Fix 1 compiled M8 vs Fix 1 compiled M1,320,320,320,320,320,320,320,320
MLP gate/up projection,27,Old compiled M8 vs old compiled M1,320,320,320,320,320,320,320,320
MLP gate/up projection,28,Final compiled M8 vs final eager M8,320,320,320,320,320,320,320,320
MLP gate/up projection,28,Fix 1 compiled M8 vs Fix 1 eager M8,320,320,320,320,320,320,320,320
MLP gate/up projection,28,Fix 1 compiled M8 vs Fix 1 compiled M1,320,320,320,320,320,320,320,320
MLP gate/up projection,28,Old compiled M8 vs old compiled M1,320,320,320,320,320,320,320,320
MLP gate/up projection,29,Final compiled M8 vs final eager M8,320,320,320,320,320,320,320,320
MLP gate/up projection,29,Fix 1 compiled M8 vs Fix 1 eager M8,320,320,320,320,320,320,320,320
MLP gate/up projection,29,Fix 1 compiled M8 vs Fix 1 compiled M1,320,320,320,320,320,320,320,320
MLP gate/up projection,29,Old compiled M8 vs old compiled M1,320,320,320,320,320,320,320,320
MLP gate/up projection,3,Final compiled M8 vs final eager M8,320,320,320,320,320,320,320,320
MLP gate/up projection,3,Fix 1 compiled M8 vs Fix 1 eager M8,320,320,320,320,320,320,320,320
MLP gate/up projection,3,Fix 1 compiled M8 vs Fix 1 compiled M1,320,320,320,320,320,320,320,320
MLP gate/up projection,3,Old compiled M8 vs old compiled M1,320,320,320,320,320,320,320,320
MLP gate/up projection,30,Final compiled M8 vs final eager M8,320,320,320,320,320,320,320,320
MLP gate/up projection,30,Fix 1 compiled M8 vs Fix 1 eager M8,320,320,320,320,320,320,320,320
MLP gate/up projection,30,Fix 1 compiled M8 vs Fix 1 compiled M1,320,320,320,320,320,320,320,320
MLP gate/up projection,30,Old compiled M8 vs old compiled M1,320,320,320,320,320,320,320,320
MLP gate/up projection,31,Final compiled M8 vs final eager M8,320,320,320,320,320,320,320,320
MLP gate/up projection,31,Fix 1 compiled M8 vs Fix 1 eager M8,320,320,320,320,320,320,320,320
MLP gate/up projection,31,Fix 1 compiled M8 vs Fix 1 compiled M1,320,320,320,320,320,320,320,320
MLP gate/up projection,31,Old compiled M8 vs old compiled M1,320,320,320,320,320,320,320,320
MLP gate/up projection,32,Final compiled M8 vs final eager M8,320,320,320,320,320,320,320,320
MLP gate/up projection,32,Fix 1 compiled M8 vs Fix 1 eager M8,320,320,320,320,320,320,320,320
MLP gate/up projection,32,Fix 1 compiled M8 vs Fix 1 compiled M1,320,320,320,320,320,320,320,320
MLP gate/up projection,32,Old compiled M8 vs old compiled M1,320,320,320,320,320,320,320,320
MLP gate/up projection,33,Final compiled M8 vs final eager M8,320,320,320,320,320,320,320,320
MLP gate/up projection,33,Fix 1 compiled M8 vs Fix 1 eager M8,320,320,320,320,320,320,320,320
MLP gate/up projection,33,Fix 1 compiled M8 vs Fix 1 compiled M1,320,320,320,320,320,320,320,320
MLP gate/up projection,33,Old compiled M8 vs old compiled M1,320,320,320,320,320,320,320,320
MLP gate/up projection,34,Final compiled M8 vs final eager M8,320,320,320,320,320,320,320,320
MLP gate/up projection,34,Fix 1 compiled M8 vs Fix 1 eager M8,320,320,320,320,320,320,320,320
MLP gate/up projection,34,Fix 1 compiled M8 vs Fix 1 compiled M1,320,320,320,320,320,320,320,320
MLP gate/up projection,34,Old compiled M8 vs old compiled M1,320,320,320,320,320,320,320,320
MLP gate/up projection,35,Final compiled M8 vs final eager M8,320,320,320,320,320,320,320,320
MLP gate/up projection,35,Fix 1 compiled M8 vs Fix 1 eager M8,320,320,320,320,320,320,320,320
MLP gate/up projection,35,Fix 1 compiled M8 vs Fix 1 compiled M1,320,320,320,320,320,320,320,320
MLP gate/up projection,35,Old compiled M8 vs old compiled M1,320,320,320,320,320,320,320,320
MLP gate/up projection,36,Final compiled M8 vs final eager M8,320,320,320,320,320,320,320,320
MLP gate/up projection,36,Fix 1 compiled M8 vs Fix 1 eager M8,320,320,320,320,320,320,320,320
MLP gate/up projection,36,Fix 1 compiled M8 vs Fix 1 compiled M1,320,320,320,320,320,320,320,320
MLP gate/up projection,36,Old compiled M8 vs old compiled M1,320,320,320,320,320,320,320,320
MLP gate/up projection,37,Final compiled M8 vs final eager M8,320,320,320,320,320,320,320,320
MLP gate/up projection,37,Fix 1 compiled M8 vs Fix 1 eager M8,320,320,320,320,320,320,320,320
MLP gate/up projection,37,Fix 1 compiled M8 vs Fix 1 compiled M1,320,320,320,320,320,320,320,320
MLP gate/up projection,37,Old compiled M8 vs old compiled M1,320,320,320,320,320,320,320,320
MLP gate/up projection,38,Final compiled M8 vs final eager M8,320,320,320,320,320,320,320,320
MLP gate/up projection,38,Fix 1 compiled M8 vs Fix 1 eager M8,320,320,320,320,320,320,320,320
MLP gate/up projection,38,Fix 1 compiled M8 vs Fix 1 compiled M1,320,320,320,320,320,320,320,320
MLP gate/up projection,38,Old compiled M8 vs old compiled M1,320,320,320,320,320,320,320,320
MLP gate/up projection,39,Final compiled M8 vs final eager M8,320,320,320,320,320,320,320,320
MLP gate/up projection,39,Fix 1 compiled M8 vs Fix 1 eager M8,320,320,320,320,320,320,320,320
MLP gate/up projection,39,Fix 1 compiled M8 vs Fix 1 compiled M1,320,320,320,320,320,320,320,320
MLP gate/up projection,39,Old compiled M8 vs old compiled M1,320,320,320,320,320,320,320,320
MLP gate/up projection,4,Final compiled M8 vs final eager M8,320,320,320,320,320,320,320,320
MLP gate/up projection,4,Fix 1 compiled M8 vs Fix 1 eager M8,320,320,320,320,320,320,320,320
MLP gate/up projection,4,Fix 1 compiled M8 vs Fix 1 compiled M1,320,320,320,320,320,320,320,320
MLP gate/up projection,4,Old compiled M8 vs old compiled M1,320,320,320,320,320,320,320,320
MLP gate/up projection,40,Final compiled M8 vs final eager M8,320,320,320,320,320,320,320,320
MLP gate/up projection,40,Fix 1 compiled M8 vs Fix 1 eager M8,320,320,320,320,320,320,320,320
MLP gate/up projection,40,Fix 1 compiled M8 vs Fix 1 compiled M1,320,320,320,320,320,320,320,320
MLP gate/up projection,40,Old compiled M8 vs old compiled M1,320,320,320,320,320,320,320,320
MLP gate/up projection,41,Final compiled M8 vs final eager M8,320,320,320,320,320,320,320,320
MLP gate/up projection,41,Fix 1 compiled M8 vs Fix 1 eager M8,320,320,320,320,320,320,320,320
MLP gate/up projection,41,Fix 1 compiled M8 vs Fix 1 compiled M1,320,320,320,320,320,320,320,320
MLP gate/up projection,41,Old compiled M8 vs old compiled M1,320,320,320,320,320,320,320,320
MLP gate/up projection,42,Final compiled M8 vs final eager M8,320,320,320,320,320,320,320,320
MLP gate/up projection,42,Fix 1 compiled M8 vs Fix 1 eager M8,320,320,320,320,320,320,320,320
MLP gate/up projection,42,Fix 1 compiled M8 vs Fix 1 compiled M1,320,320,320,320,320,320,320,320
MLP gate/up projection,42,Old compiled M8 vs old compiled M1,320,320,320,320,320,320,320,320
MLP gate/up projection,43,Final compiled M8 vs final eager M8,320,320,320,320,320,320,320,320
MLP gate/up projection,43,Fix 1 compiled M8 vs Fix 1 eager M8,320,320,320,320,320,320,320,320
MLP gate/up projection,43,Fix 1 compiled M8 vs Fix 1 compiled M1,320,320,320,320,320,320,320,320
MLP gate/up projection,43,Old compiled M8 vs old compiled M1,320,320,320,320,320,320,320,320
MLP gate/up projection,44,Final compiled M8 vs final eager M8,320,320,320,320,320,320,320,320
MLP gate/up projection,44,Fix 1 compiled M8 vs Fix 1 eager M8,320,320,320,320,320,320,320,320
MLP gate/up projection,44,Fix 1 compiled M8 vs Fix 1 compiled M1,320,320,320,320,320,320,320,320
MLP gate/up projection,44,Old compiled M8 vs old compiled M1,320,320,320,320,320,320,320,320
MLP gate/up projection,45,Final compiled M8 vs final eager M8,320,320,320,320,320,320,320,320
MLP gate/up projection,45,Fix 1 compiled M8 vs Fix 1 eager M8,320,320,320,320,320,320,320,320
MLP gate/up projection,45,Fix 1 compiled M8 vs Fix 1 compiled M1,320,320,320,320,320,320,320,320
MLP gate/up projection,45,Old compiled M8 vs old compiled M1,320,320,320,320,320,320,320,320
MLP gate/up projection,46,Final compiled M8 vs final eager M8,320,320,320,320,320,320,320,320
MLP gate/up projection,46,Fix 1 compiled M8 vs Fix 1 eager M8,320,320,320,320,320,320,320,320
MLP gate/up projection,46,Fix 1 compiled M8 vs Fix 1 compiled M1,320,320,320,320,320,320,320,320
MLP gate/up projection,46,Old compiled M8 vs old compiled M1,320,320,320,320,320,320,320,320
MLP gate/up projection,47,Final compiled M8 vs final eager M8,320,320,320,320,320,320,320,320
MLP gate/up projection,47,Fix 1 compiled M8 vs Fix 1 eager M8,320,320,320,320,320,320,320,320
MLP gate/up projection,47,Fix 1 compiled M8 vs Fix 1 compiled M1,320,320,320,320,320,320,320,320
MLP gate/up projection,47,Old compiled M8 vs old compiled M1,320,320,320,320,320,320,320,320
MLP gate/up projection,48,Final compiled M8 vs final eager M8,320,320,320,320,320,320,320,320
MLP gate/up projection,48,Fix 1 compiled M8 vs Fix 1 eager M8,320,320,320,320,320,320,320,320
MLP gate/up projection,48,Fix 1 compiled M8 vs Fix 1 compiled M1,320,320,320,320,320,320,320,320
MLP gate/up projection,48,Old compiled M8 vs old compiled M1,320,320,320,320,320,320,320,320
MLP gate/up projection,49,Final compiled M8 vs final eager M8,320,320,320,320,320,320,320,320
MLP gate/up projection,49,Fix 1 compiled M8 vs Fix 1 eager M8,320,320,320,320,320,320,320,320
MLP gate/up projection,49,Fix 1 compiled M8 vs Fix 1 compiled M1,320,320,320,320,320,320,320,320
MLP gate/up projection,49,Old compiled M8 vs old compiled M1,320,320,320,320,320,320,320,320
MLP gate/up projection,5,Final compiled M8 vs final eager M8,320,320,320,320,320,320,320,320
MLP gate/up projection,5,Fix 1 compiled M8 vs Fix 1 eager M8,320,320,320,320,320,320,320,320
MLP gate/up projection,5,Fix 1 compiled M8 vs Fix 1 compiled M1,320,320,320,320,320,320,320,320
MLP gate/up projection,5,Old compiled M8 vs old compiled M1,320,320,320,320,320,320,320,320
MLP gate/up projection,50,Final compiled M8 vs final eager M8,320,320,320,320,320,320,320,320
MLP gate/up projection,50,Fix 1 compiled M8 vs Fix 1 eager M8,320,320,320,320,320,320,320,320
MLP gate/up projection,50,Fix 1 compiled M8 vs Fix 1 compiled M1,320,320,320,320,320,320,320,320
MLP gate/up projection,50,Old compiled M8 vs old compiled M1,320,320,320,320,320,320,320,320
MLP gate/up projection,51,Final compiled M8 vs final eager M8,320,320,320,320,320,320,320,320
MLP gate/up projection,51,Fix 1 compiled M8 vs Fix 1 eager M8,320,320,320,320,320,320,320,320
MLP gate/up projection,51,Fix 1 compiled M8 vs Fix 1 compiled M1,320,320,320,320,320,320,320,320
MLP gate/up projection,51,Old compiled M8 vs old compiled M1,320,320,320,320,320,320,320,320
MLP gate/up projection,52,Final compiled M8 vs final eager M8,320,320,320,320,320,320,320,320
MLP gate/up projection,52,Fix 1 compiled M8 vs Fix 1 eager M8,320,320,320,320,320,320,320,320
MLP gate/up projection,52,Fix 1 compiled M8 vs Fix 1 compiled M1,320,320,320,320,320,320,320,320
MLP gate/up projection,52,Old compiled M8 vs old compiled M1,320,320,320,320,320,320,320,320
MLP gate/up projection,53,Final compiled M8 vs final eager M8,320,320,320,320,320,320,320,320
MLP gate/up projection,53,Fix 1 compiled M8 vs Fix 1 eager M8,320,320,320,320,320,320,320,320
MLP gate/up projection,53,Fix 1 compiled M8 vs Fix 1 compiled M1,320,320,320,320,320,320,320,320
MLP gate/up projection,53,Old compiled M8 vs old compiled M1,320,320,320,320,320,320,320,320
MLP gate/up projection,54,Final compiled M8 vs final eager M8,320,320,320,320,320,320,320,320
MLP gate/up projection,54,Fix 1 compiled M8 vs Fix 1 eager M8,320,320,320,320,320,320,320,320
MLP gate/up projection,54,Fix 1 compiled M8 vs Fix 1 compiled M1,320,320,320,320,320,320,320,320
MLP gate/up projection,54,Old compiled M8 vs old compiled M1,320,320,320,320,320,320,320,320
MLP gate/up projection,55,Final compiled M8 vs final eager M8,320,320,320,320,320,320,320,320
MLP gate/up projection,55,Fix 1 compiled M8 vs Fix 1 eager M8,320,320,320,320,320,320,320,320
MLP gate/up projection,55,Fix 1 compiled M8 vs Fix 1 compiled M1,320,320,320,320,320,320,320,320
MLP gate/up projection,55,Old compiled M8 vs old compiled M1,320,320,320,320,320,320,320,320
MLP gate/up projection,56,Final compiled M8 vs final eager M8,320,320,320,320,320,320,320,320
MLP gate/up projection,56,Fix 1 compiled M8 vs Fix 1 eager M8,320,320,320,320,320,320,320,320
MLP gate/up projection,56,Fix 1 compiled M8 vs Fix 1 compiled M1,320,320,320,320,320,320,320,320
MLP gate/up projection,56,Old compiled M8 vs old compiled M1,320,320,320,320,320,320,320,320
MLP gate/up projection,57,Final compiled M8 vs final eager M8,320,320,320,320,320,320,320,320
MLP gate/up projection,57,Fix 1 compiled M8 vs Fix 1 eager M8,320,320,320,320,320,320,320,320
MLP gate/up projection,57,Fix 1 compiled M8 vs Fix 1 compiled M1,320,320,320,320,320,320,320,320
MLP gate/up projection,57,Old compiled M8 vs old compiled M1,320,320,320,320,320,320,320,320
MLP gate/up projection,58,Final compiled M8 vs final eager M8,320,320,320,320,320,320,320,320
MLP gate/up projection,58,Fix 1 compiled M8 vs Fix 1 eager M8,320,320,320,320,320,320,320,320
MLP gate/up projection,58,Fix 1 compiled M8 vs Fix 1 compiled M1,320,320,320,320,320,320,320,320
MLP gate/up projection,58,Old compiled M8 vs old compiled M1,320,320,320,320,320,320,320,320
MLP gate/up projection,59,Final compiled M8 vs final eager M8,320,320,320,320,320,320,320,320
MLP gate/up projection,59,Fix 1 compiled M8 vs Fix 1 eager M8,320,320,320,320,320,320,320,320
MLP gate/up projection,59,Fix 1 compiled M8 vs Fix 1 compiled M1,320,320,320,320,320,320,320,320
MLP gate/up projection,59,Old compiled M8 vs old compiled M1,320,320,320,320,320,320,320,320
MLP gate/up projection,6,Final compiled M8 vs final eager M8,320,320,320,320,320,320,320,320
MLP gate/up projection,6,Fix 1 compiled M8 vs Fix 1 eager M8,320,320,320,320,320,320,320,320
MLP gate/up projection,6,Fix 1 compiled M8 vs Fix 1 compiled M1,320,320,320,320,320,320,320,320
MLP gate/up projection,6,Old compiled M8 vs old compiled M1,320,320,320,320,320,320,320,320
MLP gate/up projection,60,Final compiled M8 vs final eager M8,320,320,320,320,320,320,320,320
MLP gate/up projection,60,Fix 1 compiled M8 vs Fix 1 eager M8,320,320,320,320,320,320,320,320
MLP gate/up projection,60,Fix 1 compiled M8 vs Fix 1 compiled M1,320,320,320,320,320,320,320,320
MLP gate/up projection,60,Old compiled M8 vs old compiled M1,320,320,320,320,320,320,320,320
MLP gate/up projection,61,Final compiled M8 vs final eager M8,320,320,320,320,320,320,320,320
MLP gate/up projection,61,Fix 1 compiled M8 vs Fix 1 eager M8,320,320,320,320,320,320,320,320
MLP gate/up projection,61,Fix 1 compiled M8 vs Fix 1 compiled M1,320,320,320,320,320,320,320,320
MLP gate/up projection,61,Old compiled M8 vs old compiled M1,320,320,320,320,320,320,320,320
MLP gate/up projection,62,Final compiled M8 vs final eager M8,320,320,320,320,320,320,320,320
MLP gate/up projection,62,Fix 1 compiled M8 vs Fix 1 eager M8,320,320,320,320,320,320,320,320
MLP gate/up projection,62,Fix 1 compiled M8 vs Fix 1 compiled M1,320,320,320,320,320,320,320,320
MLP gate/up projection,62,Old compiled M8 vs old compiled M1,320,320,320,320,320,320,320,320
MLP gate/up projection,63,Final compiled M8 vs final eager M8,320,320,320,320,320,320,320,320
MLP gate/up projection,63,Fix 1 compiled M8 vs Fix 1 eager M8,320,320,320,320,320,320,320,320
MLP gate/up projection,63,Fix 1 compiled M8 vs Fix 1 compiled M1,320,320,320,320,320,320,320,320
MLP gate/up projection,63,Old compiled M8 vs old compiled M1,320,320,320,320,320,320,320,320
MLP gate/up projection,7,Final compiled M8 vs final eager M8,320,320,320,320,320,320,320,320
MLP gate/up projection,7,Fix 1 compiled M8 vs Fix 1 eager M8,320,320,320,320,320,320,320,320
MLP gate/up projection,7,Fix 1 compiled M8 vs Fix 1 compiled M1,320,320,320,320,320,320,320,320
MLP gate/up projection,7,Old compiled M8 vs old compiled M1,320,320,320,320,320,320,320,320
MLP gate/up projection,8,Final compiled M8 vs final eager M8,320,320,320,320,320,320,320,320
MLP gate/up projection,8,Fix 1 compiled M8 vs Fix 1 eager M8,320,320,320,320,320,320,320,320
MLP gate/up projection,8,Fix 1 compiled M8 vs Fix 1 compiled M1,320,320,320,320,320,320,320,320
MLP gate/up projection,8,Old compiled M8 vs old compiled M1,320,320,320,320,320,320,320,320
MLP gate/up projection,9,Final compiled M8 vs final eager M8,320,320,320,320,320,320,320,320
MLP gate/up projection,9,Fix 1 compiled M8 vs Fix 1 eager M8,320,320,320,320,320,320,320,320
MLP gate/up projection,9,Fix 1 compiled M8 vs Fix 1 compiled M1,320,320,320,320,320,320,320,320
MLP gate/up projection,9,Old compiled M8 vs old compiled M1,320,320,320,320,320,320,320,320
Post-attention/GDN residual/normalization,0,Final compiled M8 vs final eager M8,320,320,320,320,320,320,320,320
Post-attention/GDN residual/normalization,0,Fix 1 compiled M8 vs Fix 1 eager M8,320,320,320,320,320,320,320,320
Post-attention/GDN residual/normalization,0,Fix 1 compiled M8 vs Fix 1 compiled M1,320,320,320,320,320,320,320,320
Post-attention/GDN residual/normalization,0,Old compiled M8 vs old compiled M1,320,320,320,320,320,320,320,320
Post-attention/GDN residual/normalization,1,Final compiled M8 vs final eager M8,320,320,320,320,320,320,320,320
Post-attention/GDN residual/normalization,1,Fix 1 compiled M8 vs Fix 1 eager M8,320,320,320,320,320,320,320,320
Post-attention/GDN residual/normalization,1,Fix 1 compiled M8 vs Fix 1 compiled M1,320,320,320,320,320,320,320,320
Post-attention/GDN residual/normalization,1,Old compiled M8 vs old compiled M1,320,320,320,320,320,320,320,320
Post-attention/GDN residual/normalization,10,Final compiled M8 vs final eager M8,320,320,320,320,320,320,320,320
Post-attention/GDN residual/normalization,10,Fix 1 compiled M8 vs Fix 1 eager M8,320,320,320,320,320,320,320,320
Post-attention/GDN residual/normalization,10,Fix 1 compiled M8 vs Fix 1 compiled M1,320,320,320,320,320,320,320,320
Post-attention/GDN residual/normalization,10,Old compiled M8 vs old compiled M1,320,320,320,320,320,320,320,320
Post-attention/GDN residual/normalization,11,Final compiled M8 vs final eager M8,320,320,320,320,320,320,320,320
Post-attention/GDN residual/normalization,11,Fix 1 compiled M8 vs Fix 1 eager M8,320,320,320,320,320,320,320,320
Post-attention/GDN residual/normalization,11,Fix 1 compiled M8 vs Fix 1 compiled M1,320,320,320,320,320,320,320,320
Post-attention/GDN residual/normalization,11,Old compiled M8 vs old compiled M1,320,320,320,320,320,320,320,320
Post-attention/GDN residual/normalization,12,Final compiled M8 vs final eager M8,320,320,320,320,320,320,320,320
Post-attention/GDN residual/normalization,12,Fix 1 compiled M8 vs Fix 1 eager M8,320,320,320,320,320,320,320,320
Post-attention/GDN residual/normalization,12,Fix 1 compiled M8 vs Fix 1 compiled M1,320,320,320,320,320,320,320,320
Post-attention/GDN residual/normalization,12,Old compiled M8 vs old compiled M1,320,320,320,320,320,320,320,320
Post-attention/GDN residual/normalization,13,Final compiled M8 vs final eager M8,320,320,320,320,320,320,320,320
Post-attention/GDN residual/normalization,13,Fix 1 compiled M8 vs Fix 1 eager M8,320,320,320,320,320,320,320,320
Post-attention/GDN residual/normalization,13,Fix 1 compiled M8 vs Fix 1 compiled M1,320,320,320,320,320,320,320,320
Post-attention/GDN residual/normalization,13,Old compiled M8 vs old compiled M1,320,320,320,320,320,320,320,320
Post-attention/GDN residual/normalization,14,Final compiled M8 vs final eager M8,320,320,320,320,320,320,320,320
Post-attention/GDN residual/normalization,14,Fix 1 compiled M8 vs Fix 1 eager M8,320,320,320,320,320,320,320,320
Post-attention/GDN residual/normalization,14,Fix 1 compiled M8 vs Fix 1 compiled M1,320,320,320,320,320,320,320,320
Post-attention/GDN residual/normalization,14,Old compiled M8 vs old compiled M1,320,320,320,320,320,320,320,320
Post-attention/GDN residual/normalization,15,Final compiled M8 vs final eager M8,320,320,320,320,320,320,320,320
Post-attention/GDN residual/normalization,15,Fix 1 compiled M8 vs Fix 1 eager M8,320,320,320,320,320,320,320,320
Post-attention/GDN residual/normalization,15,Fix 1 compiled M8 vs Fix 1 compiled M1,320,320,320,320,320,320,320,320
Post-attention/GDN residual/normalization,15,Old compiled M8 vs old compiled M1,320,320,320,320,320,320,320,320
Post-attention/GDN residual/normalization,16,Final compiled M8 vs final eager M8,320,320,320,320,320,320,320,320
Post-attention/GDN residual/normalization,16,Fix 1 compiled M8 vs Fix 1 eager M8,320,320,320,320,320,320,320,320
Post-attention/GDN residual/normalization,16,Fix 1 compiled M8 vs Fix 1 compiled M1,320,320,320,320,320,320,320,320
Post-attention/GDN residual/normalization,16,Old compiled M8 vs old compiled M1,320,320,320,320,320,320,320,320
Post-attention/GDN residual/normalization,17,Final compiled M8 vs final eager M8,320,320,320,320,320,320,320,320
Post-attention/GDN residual/normalization,17,Fix 1 compiled M8 vs Fix 1 eager M8,320,320,320,320,320,320,320,320
Post-attention/GDN residual/normalization,17,Fix 1 compiled M8 vs Fix 1 compiled M1,320,320,320,320,320,320,320,320
Post-attention/GDN residual/normalization,17,Old compiled M8 vs old compiled M1,320,320,320,320,320,320,320,320
Post-attention/GDN residual/normalization,18,Final compiled M8 vs final eager M8,320,320,320,320,320,320,320,320
Post-attention/GDN residual/normalization,18,Fix 1 compiled M8 vs Fix 1 eager M8,320,320,320,320,320,320,320,320
Post-attention/GDN residual/normalization,18,Fix 1 compiled M8 vs Fix 1 compiled M1,320,320,320,320,320,320,320,320
Post-attention/GDN residual/normalization,18,Old compiled M8 vs old compiled M1,320,320,320,320,320,320,320,320
Post-attention/GDN residual/normalization,19,Final compiled M8 vs final eager M8,320,320,320,320,320,320,320,320
Post-attention/GDN residual/normalization,19,Fix 1 compiled M8 vs Fix 1 eager M8,320,320,320,320,320,320,320,320
Post-attention/GDN residual/normalization,19,Fix 1 compiled M8 vs Fix 1 compiled M1,320,320,320,320,320,320,320,320
Post-attention/GDN residual/normalization,19,Old compiled M8 vs old compiled M1,320,320,320,320,320,320,320,320
Post-attention/GDN residual/normalization,2,Final compiled M8 vs final eager M8,320,320,320,320,320,320,320,320
Post-attention/GDN residual/normalization,2,Fix 1 compiled M8 vs Fix 1 eager M8,320,320,320,320,320,320,320,320
Post-attention/GDN residual/normalization,2,Fix 1 compiled M8 vs Fix 1 compiled M1,320,320,320,320,320,320,320,320
Post-attention/GDN residual/normalization,2,Old compiled M8 vs old compiled M1,320,320,320,320,320,320,320,320
Post-attention/GDN residual/normalization,20,Final compiled M8 vs final eager M8,320,320,320,320,320,320,320,320
Post-attention/GDN residual/normalization,20,Fix 1 compiled M8 vs Fix 1 eager M8,320,320,320,320,320,320,320,320
Post-attention/GDN residual/normalization,20,Fix 1 compiled M8 vs Fix 1 compiled M1,320,320,320,320,320,320,320,320
Post-attention/GDN residual/normalization,20,Old compiled M8 vs old compiled M1,320,320,320,320,320,320,320,320
Post-attention/GDN residual/normalization,21,Final compiled M8 vs final eager M8,320,320,320,320,320,320,320,320
Post-attention/GDN residual/normalization,21,Fix 1 compiled M8 vs Fix 1 eager M8,320,320,320,320,320,320,320,320
Post-attention/GDN residual/normalization,21,Fix 1 compiled M8 vs Fix 1 compiled M1,320,320,320,320,320,320,320,320
Post-attention/GDN residual/normalization,21,Old compiled M8 vs old compiled M1,320,320,320,320,320,320,320,320
Post-attention/GDN residual/normalization,22,Final compiled M8 vs final eager M8,320,320,320,320,320,320,320,320
Post-attention/GDN residual/normalization,22,Fix 1 compiled M8 vs Fix 1 eager M8,320,320,320,320,320,320,320,320
Post-attention/GDN residual/normalization,22,Fix 1 compiled M8 vs Fix 1 compiled M1,320,320,320,320,320,320,320,320
Post-attention/GDN residual/normalization,22,Old compiled M8 vs old compiled M1,320,320,320,320,320,320,320,320
Post-attention/GDN residual/normalization,23,Final compiled M8 vs final eager M8,320,320,320,320,320,320,320,320
Post-attention/GDN residual/normalization,23,Fix 1 compiled M8 vs Fix 1 eager M8,320,320,320,320,320,320,320,320
Post-attention/GDN residual/normalization,23,Fix 1 compiled M8 vs Fix 1 compiled M1,320,320,320,320,320,320,320,320
Post-attention/GDN residual/normalization,23,Old compiled M8 vs old compiled M1,320,320,320,320,320,320,320,320
Post-attention/GDN residual/normalization,24,Final compiled M8 vs final eager M8,320,320,320,320,320,320,320,320
Post-attention/GDN residual/normalization,24,Fix 1 compiled M8 vs Fix 1 eager M8,320,320,320,320,320,320,320,320
Post-attention/GDN residual/normalization,24,Fix 1 compiled M8 vs Fix 1 compiled M1,320,320,320,320,320,320,320,320
Post-attention/GDN residual/normalization,24,Old compiled M8 vs old compiled M1,320,320,320,320,320,320,320,320
Post-attention/GDN residual/normalization,25,Final compiled M8 vs final eager M8,320,320,320,320,320,320,320,320
Post-attention/GDN residual/normalization,25,Fix 1 compiled M8 vs Fix 1 eager M8,320,320,320,320,320,320,320,320
Post-attention/GDN residual/normalization,25,Fix 1 compiled M8 vs Fix 1 compiled M1,320,320,320,320,320,320,320,320
Post-attention/GDN residual/normalization,25,Old compiled M8 vs old compiled M1,320,320,320,320,320,320,320,320
Post-attention/GDN residual/normalization,26,Final compiled M8 vs final eager M8,320,320,320,320,320,320,320,320
Post-attention/GDN residual/normalization,26,Fix 1 compiled M8 vs Fix 1 eager M8,320,320,320,320,320,320,320,320
Post-attention/GDN residual/normalization,26,Fix 1 compiled M8 vs Fix 1 compiled M1,320,320,320,320,320,320,320,320
Post-attention/GDN residual/normalization,26,Old compiled M8 vs old compiled M1,320,320,320,320,320,320,320,320
Post-attention/GDN residual/normalization,27,Final compiled M8 vs final eager M8,320,320,320,320,320,320,320,320
Post-attention/GDN residual/normalization,27,Fix 1 compiled M8 vs Fix 1 eager M8,320,320,320,320,320,320,320,320
Post-attention/GDN residual/normalization,27,Fix 1 compiled M8 vs Fix 1 compiled M1,320,320,320,320,320,320,320,320
Post-attention/GDN residual/normalization,27,Old compiled M8 vs old compiled M1,320,320,320,320,320,320,320,320
Post-attention/GDN residual/normalization,28,Final compiled M8 vs final eager M8,320,320,320,320,320,320,320,320
Post-attention/GDN residual/normalization,28,Fix 1 compiled M8 vs Fix 1 eager M8,320,320,320,320,320,320,320,320
Post-attention/GDN residual/normalization,28,Fix 1 compiled M8 vs Fix 1 compiled M1,320,320,320,320,320,320,320,320
Post-attention/GDN residual/normalization,28,Old compiled M8 vs old compiled M1,320,320,320,320,320,320,320,320
Post-attention/GDN residual/normalization,29,Final compiled M8 vs final eager M8,320,320,320,320,320,320,320,320
Post-attention/GDN residual/normalization,29,Fix 1 compiled M8 vs Fix 1 eager M8,320,320,320,320,320,320,320,320
Post-attention/GDN residual/normalization,29,Fix 1 compiled M8 vs Fix 1 compiled M1,320,320,320,320,320,320,320,320
Post-attention/GDN residual/normalization,29,Old compiled M8 vs old compiled M1,320,320,320,320,320,320,320,320
Post-attention/GDN residual/normalization,3,Final compiled M8 vs final eager M8,320,320,320,320,320,320,320,320
Post-attention/GDN residual/normalization,3,Fix 1 compiled M8 vs Fix 1 eager M8,320,320,320,320,320,320,320,320
Post-attention/GDN residual/normalization,3,Fix 1 compiled M8 vs Fix 1 compiled M1,320,320,320,320,320,320,320,320
Post-attention/GDN residual/normalization,3,Old compiled M8 vs old compiled M1,320,320,320,320,320,320,320,320
Post-attention/GDN residual/normalization,30,Final compiled M8 vs final eager M8,320,320,320,320,320,320,320,320
Post-attention/GDN residual/normalization,30,Fix 1 compiled M8 vs Fix 1 eager M8,320,320,320,320,320,320,320,320
Post-attention/GDN residual/normalization,30,Fix 1 compiled M8 vs Fix 1 compiled M1,320,320,320,320,320,320,320,320
Post-attention/GDN residual/normalization,30,Old compiled M8 vs old compiled M1,320,320,320,320,320,320,320,320
Post-attention/GDN residual/normalization,31,Final compiled M8 vs final eager M8,320,320,320,320,320,320,320,320
Post-attention/GDN residual/normalization,31,Fix 1 compiled M8 vs Fix 1 eager M8,320,320,320,320,320,320,320,320
Post-attention/GDN residual/normalization,31,Fix 1 compiled M8 vs Fix 1 compiled M1,320,320,320,320,320,320,320,320
Post-attention/GDN residual/normalization,31,Old compiled M8 vs old compiled M1,320,320,320,320,320,320,320,320
Post-attention/GDN residual/normalization,32,Final compiled M8 vs final eager M8,320,320,320,320,320,320,320,320
Post-attention/GDN residual/normalization,32,Fix 1 compiled M8 vs Fix 1 eager M8,320,320,320,320,320,320,320,320
Post-attention/GDN residual/normalization,32,Fix 1 compiled M8 vs Fix 1 compiled M1,320,320,320,320,320,320,320,320
Post-attention/GDN residual/normalization,32,Old compiled M8 vs old compiled M1,320,320,320,320,320,320,320,320
Post-attention/GDN residual/normalization,33,Final compiled M8 vs final eager M8,320,320,320,320,320,320,320,320
Post-attention/GDN residual/normalization,33,Fix 1 compiled M8 vs Fix 1 eager M8,320,320,320,320,320,320,320,320
Post-attention/GDN residual/normalization,33,Fix 1 compiled M8 vs Fix 1 compiled M1,320,320,320,320,320,320,320,320
Post-attention/GDN residual/normalization,33,Old compiled M8 vs old compiled M1,320,320,320,320,320,320,320,320
Post-attention/GDN residual/normalization,34,Final compiled M8 vs final eager M8,320,320,320,320,320,320,320,320
Post-attention/GDN residual/normalization,34,Fix 1 compiled M8 vs Fix 1 eager M8,320,320,320,320,320,320,320,320
Post-attention/GDN residual/normalization,34,Fix 1 compiled M8 vs Fix 1 compiled M1,320,320,320,320,320,320,320,320
Post-attention/GDN residual/normalization,34,Old compiled M8 vs old compiled M1,320,320,320,320,320,320,320,320
Post-attention/GDN residual/normalization,35,Final compiled M8 vs final eager M8,320,320,320,320,320,320,320,320
Post-attention/GDN residual/normalization,35,Fix 1 compiled M8 vs Fix 1 eager M8,320,320,320,320,320,320,320,320
Post-attention/GDN residual/normalization,35,Fix 1 compiled M8 vs Fix 1 compiled M1,320,320,320,320,320,320,320,320
Post-attention/GDN residual/normalization,35,Old compiled M8 vs old compiled M1,320,320,320,320,320,320,320,320
Post-attention/GDN residual/normalization,36,Final compiled M8 vs final eager M8,320,320,320,320,320,320,320,320
Post-attention/GDN residual/normalization,36,Fix 1 compiled M8 vs Fix 1 eager M8,320,320,320,320,320,320,320,320
Post-attention/GDN residual/normalization,36,Fix 1 compiled M8 vs Fix 1 compiled M1,320,320,320,320,320,320,320,320
Post-attention/GDN residual/normalization,36,Old compiled M8 vs old compiled M1,320,320,320,320,320,320,320,320
Post-attention/GDN residual/normalization,37,Final compiled M8 vs final eager M8,320,320,320,320,320,320,320,320
Post-attention/GDN residual/normalization,37,Fix 1 compiled M8 vs Fix 1 eager M8,320,320,320,320,320,320,320,320
Post-attention/GDN residual/normalization,37,Fix 1 compiled M8 vs Fix 1 compiled M1,320,320,320,320,320,320,320,320
Post-attention/GDN residual/normalization,37,Old compiled M8 vs old compiled M1,320,320,320,320,320,320,320,320
Post-attention/GDN residual/normalization,38,Final compiled M8 vs final eager M8,320,320,320,320,320,320,320,320
Post-attention/GDN residual/normalization,38,Fix 1 compiled M8 vs Fix 1 eager M8,320,320,320,320,320,320,320,320
Post-attention/GDN residual/normalization,38,Fix 1 compiled M8 vs Fix 1 compiled M1,320,320,320,320,320,320,320,320
Post-attention/GDN residual/normalization,38,Old compiled M8 vs old compiled M1,320,320,320,320,320,320,320,320
Post-attention/GDN residual/normalization,39,Final compiled M8 vs final eager M8,320,320,320,320,320,320,320,320
Post-attention/GDN residual/normalization,39,Fix 1 compiled M8 vs Fix 1 eager M8,320,320,320,320,320,320,320,320
Post-attention/GDN residual/normalization,39,Fix 1 compiled M8 vs Fix 1 compiled M1,320,320,320,320,320,320,320,320
Post-attention/GDN residual/normalization,39,Old compiled M8 vs old compiled M1,320,320,320,320,320,320,320,320
Post-attention/GDN residual/normalization,4,Final compiled M8 vs final eager M8,320,320,320,320,320,320,320,320
Post-attention/GDN residual/normalization,4,Fix 1 compiled M8 vs Fix 1 eager M8,320,320,320,320,320,320,320,320
Post-attention/GDN residual/normalization,4,Fix 1 compiled M8 vs Fix 1 compiled M1,320,320,320,320,320,320,320,320
Post-attention/GDN residual/normalization,4,Old compiled M8 vs old compiled M1,320,320,320,320,320,320,320,320
Post-attention/GDN residual/normalization,40,Final compiled M8 vs final eager M8,320,320,320,320,320,320,320,320
Post-attention/GDN residual/normalization,40,Fix 1 compiled M8 vs Fix 1 eager M8,320,320,320,320,320,320,320,320
Post-attention/GDN residual/normalization,40,Fix 1 compiled M8 vs Fix 1 compiled M1,320,320,320,320,320,320,320,320
Post-attention/GDN residual/normalization,40,Old compiled M8 vs old compiled M1,320,320,320,320,320,320,320,320
Post-attention/GDN residual/normalization,41,Final compiled M8 vs final eager M8,320,320,320,320,320,320,320,320
Post-attention/GDN residual/normalization,41,Fix 1 compiled M8 vs Fix 1 eager M8,320,320,320,320,320,320,320,320
Post-attention/GDN residual/normalization,41,Fix 1 compiled M8 vs Fix 1 compiled M1,320,320,320,320,320,320,320,320
Post-attention/GDN residual/normalization,41,Old compiled M8 vs old compiled M1,320,320,320,320,320,320,320,320
Post-attention/GDN residual/normalization,42,Final compiled M8 vs final eager M8,320,320,320,320,320,320,320,320
Post-attention/GDN residual/normalization,42,Fix 1 compiled M8 vs Fix 1 eager M8,320,320,320,320,320,320,320,320
Post-attention/GDN residual/normalization,42,Fix 1 compiled M8 vs Fix 1 compiled M1,320,320,320,320,320,320,320,320
Post-attention/GDN residual/normalization,42,Old compiled M8 vs old compiled M1,320,320,320,320,320,320,320,320
Post-attention/GDN residual/normalization,43,Final compiled M8 vs final eager M8,320,320,320,320,320,320,320,320
Post-attention/GDN residual/normalization,43,Fix 1 compiled M8 vs Fix 1 eager M8,320,320,320,320,320,320,320,320
Post-attention/GDN residual/normalization,43,Fix 1 compiled M8 vs Fix 1 compiled M1,320,320,320,320,320,320,320,320
Post-attention/GDN residual/normalization,43,Old compiled M8 vs old compiled M1,320,320,320,320,320,320,320,320
Post-attention/GDN residual/normalization,44,Final compiled M8 vs final eager M8,320,320,320,320,320,320,320,320
Post-attention/GDN residual/normalization,44,Fix 1 compiled M8 vs Fix 1 eager M8,320,320,320,320,320,320,320,320
Post-attention/GDN residual/normalization,44,Fix 1 compiled M8 vs Fix 1 compiled M1,320,320,320,320,320,320,320,320
Post-attention/GDN residual/normalization,44,Old compiled M8 vs old compiled M1,320,320,320,320,320,320,320,320
Post-attention/GDN residual/normalization,45,Final compiled M8 vs final eager M8,320,320,320,320,320,320,320,320
Post-attention/GDN residual/normalization,45,Fix 1 compiled M8 vs Fix 1 eager M8,320,320,320,320,320,320,320,320
Post-attention/GDN residual/normalization,45,Fix 1 compiled M8 vs Fix 1 compiled M1,320,320,320,320,320,320,320,320
Post-attention/GDN residual/normalization,45,Old compiled M8 vs old compiled M1,320,320,320,320,320,320,320,320
Post-attention/GDN residual/normalization,46,Final compiled M8 vs final eager M8,320,320,320,320,320,320,320,320
Post-attention/GDN residual/normalization,46,Fix 1 compiled M8 vs Fix 1 eager M8,320,320,320,320,320,320,320,320
Post-attention/GDN residual/normalization,46,Fix 1 compiled M8 vs Fix 1 compiled M1,320,320,320,320,320,320,320,320
Post-attention/GDN residual/normalization,46,Old compiled M8 vs old compiled M1,320,320,320,320,320,320,320,320
Post-attention/GDN residual/normalization,47,Final compiled M8 vs final eager M8,320,320,320,320,320,320,320,320
Post-attention/GDN residual/normalization,47,Fix 1 compiled M8 vs Fix 1 eager M8,320,320,320,320,320,320,320,320
Post-attention/GDN residual/normalization,47,Fix 1 compiled M8 vs Fix 1 compiled M1,320,320,320,320,320,320,320,320
Post-attention/GDN residual/normalization,47,Old compiled M8 vs old compiled M1,320,320,320,320,320,320,320,320
Post-attention/GDN residual/normalization,48,Final compiled M8 vs final eager M8,320,320,320,320,320,320,320,320
Post-attention/GDN residual/normalization,48,Fix 1 compiled M8 vs Fix 1 eager M8,320,320,320,320,320,320,320,320
Post-attention/GDN residual/normalization,48,Fix 1 compiled M8 vs Fix 1 compiled M1,320,320,320,320,320,320,320,320
Post-attention/GDN residual/normalization,48,Old compiled M8 vs old compiled M1,320,320,320,320,320,320,320,320
Post-attention/GDN residual/normalization,49,Final compiled M8 vs final eager M8,320,320,320,320,320,320,320,320
Post-attention/GDN residual/normalization,49,Fix 1 compiled M8 vs Fix 1 eager M8,320,320,320,320,320,320,320,320
Post-attention/GDN residual/normalization,49,Fix 1 compiled M8 vs Fix 1 compiled M1,320,320,320,320,320,320,320,320
Post-attention/GDN residual/normalization,49,Old compiled M8 vs old compiled M1,320,320,320,320,320,320,320,320
Post-attention/GDN residual/normalization,5,Final compiled M8 vs final eager M8,320,320,320,320,320,320,320,320
Post-attention/GDN residual/normalization,5,Fix 1 compiled M8 vs Fix 1 eager M8,320,320,320,320,320,320,320,320
Post-attention/GDN residual/normalization,5,Fix 1 compiled M8 vs Fix 1 compiled M1,320,320,320,320,320,320,320,320
Post-attention/GDN residual/normalization,5,Old compiled M8 vs old compiled M1,320,320,320,320,320,320,320,320
Post-attention/GDN residual/normalization,50,Final compiled M8 vs final eager M8,320,320,320,320,320,320,320,320
Post-attention/GDN residual/normalization,50,Fix 1 compiled M8 vs Fix 1 eager M8,320,320,320,320,320,320,320,320
Post-attention/GDN residual/normalization,50,Fix 1 compiled M8 vs Fix 1 compiled M1,320,320,320,320,320,320,320,320
Post-attention/GDN residual/normalization,50,Old compiled M8 vs old compiled M1,320,320,320,320,320,320,320,320
Post-attention/GDN residual/normalization,51,Final compiled M8 vs final eager M8,320,320,320,320,320,320,320,320
Post-attention/GDN residual/normalization,51,Fix 1 compiled M8 vs Fix 1 eager M8,320,320,320,320,320,320,320,320
Post-attention/GDN residual/normalization,51,Fix 1 compiled M8 vs Fix 1 compiled M1,320,320,320,320,320,320,320,320
Post-attention/GDN residual/normalization,51,Old compiled M8 vs old compiled M1,320,320,320,320,320,320,320,320
Post-attention/GDN residual/normalization,52,Final compiled M8 vs final eager M8,320,320,320,320,320,320,320,320
Post-attention/GDN residual/normalization,52,Fix 1 compiled M8 vs Fix 1 eager M8,320,320,320,320,320,320,320,320
Post-attention/GDN residual/normalization,52,Fix 1 compiled M8 vs Fix 1 compiled M1,320,320,320,320,320,320,320,320
Post-attention/GDN residual/normalization,52,Old compiled M8 vs old compiled M1,320,320,320,320,320,320,320,320
Post-attention/GDN residual/normalization,53,Final compiled M8 vs final eager M8,320,320,320,320,320,320,320,320
Post-attention/GDN residual/normalization,53,Fix 1 compiled M8 vs Fix 1 eager M8,320,320,320,320,320,320,320,320
Post-attention/GDN residual/normalization,53,Fix 1 compiled M8 vs Fix 1 compiled M1,320,320,320,320,320,320,320,320
Post-attention/GDN residual/normalization,53,Old compiled M8 vs old compiled M1,320,320,320,320,320,320,320,320
Post-attention/GDN residual/normalization,54,Final compiled M8 vs final eager M8,320,320,320,320,320,320,320,320
Post-attention/GDN residual/normalization,54,Fix 1 compiled M8 vs Fix 1 eager M8,320,320,320,320,320,320,320,320
Post-attention/GDN residual/normalization,54,Fix 1 compiled M8 vs Fix 1 compiled M1,320,320,320,320,320,320,320,320
Post-attention/GDN residual/normalization,54,Old compiled M8 vs old compiled M1,320,320,320,320,320,320,320,320
Post-attention/GDN residual/normalization,55,Final compiled M8 vs final eager M8,320,320,320,320,320,320,320,320
Post-attention/GDN residual/normalization,55,Fix 1 compiled M8 vs Fix 1 eager M8,320,320,320,320,320,320,320,320
Post-attention/GDN residual/normalization,55,Fix 1 compiled M8 vs Fix 1 compiled M1,320,320,320,320,320,320,320,320
Post-attention/GDN residual/normalization,55,Old compiled M8 vs old compiled M1,320,320,320,320,320,320,320,320
Post-attention/GDN residual/normalization,56,Final compiled M8 vs final eager M8,320,320,320,320,320,320,320,320
Post-attention/GDN residual/normalization,56,Fix 1 compiled M8 vs Fix 1 eager M8,320,320,320,320,320,320,320,320
Post-attention/GDN residual/normalization,56,Fix 1 compiled M8 vs Fix 1 compiled M1,320,320,320,320,320,320,320,320
Post-attention/GDN residual/normalization,56,Old compiled M8 vs old compiled M1,320,320,320,320,320,320,320,320
Post-attention/GDN residual/normalization,57,Final compiled M8 vs final eager M8,320,320,320,320,320,320,320,320
Post-attention/GDN residual/normalization,57,Fix 1 compiled M8 vs Fix 1 eager M8,320,320,320,320,320,320,320,320
Post-attention/GDN residual/normalization,57,Fix 1 compiled M8 vs Fix 1 compiled M1,320,320,320,320,320,320,320,320
Post-attention/GDN residual/normalization,57,Old compiled M8 vs old compiled M1,320,320,320,320,320,320,320,320
Post-attention/GDN residual/normalization,58,Final compiled M8 vs final eager M8,320,320,320,320,320,320,320,320
Post-attention/GDN residual/normalization,58,Fix 1 compiled M8 vs Fix 1 eager M8,320,320,320,320,320,320,320,320
Post-attention/GDN residual/normalization,58,Fix 1 compiled M8 vs Fix 1 compiled M1,320,320,320,320,320,320,320,320
Post-attention/GDN residual/normalization,58,Old compiled M8 vs old compiled M1,320,320,320,320,320,320,320,320
Post-attention/GDN residual/normalization,59,Final compiled M8 vs final eager M8,320,320,320,320,320,320,320,320
Post-attention/GDN residual/normalization,59,Fix 1 compiled M8 vs Fix 1 eager M8,320,320,320,320,320,320,320,320
Post-attention/GDN residual/normalization,59,Fix 1 compiled M8 vs Fix 1 compiled M1,320,320,320,320,320,320,320,320
Post-attention/GDN residual/normalization,59,Old compiled M8 vs old compiled M1,320,320,320,320,320,320,320,320
Post-attention/GDN residual/normalization,6,Final compiled M8 vs final eager M8,320,320,320,320,320,320,320,320
Post-attention/GDN residual/normalization,6,Fix 1 compiled M8 vs Fix 1 eager M8,320,320,320,320,320,320,320,320
Post-attention/GDN residual/normalization,6,Fix 1 compiled M8 vs Fix 1 compiled M1,320,320,320,320,320,320,320,320
Post-attention/GDN residual/normalization,6,Old compiled M8 vs old compiled M1,320,320,320,320,320,320,320,320
Post-attention/GDN residual/normalization,60,Final compiled M8 vs final eager M8,320,320,320,320,320,320,320,320
Post-attention/GDN residual/normalization,60,Fix 1 compiled M8 vs Fix 1 eager M8,320,320,320,320,320,320,320,320
Post-attention/GDN residual/normalization,60,Fix 1 compiled M8 vs Fix 1 compiled M1,320,320,320,320,320,320,320,320
Post-attention/GDN residual/normalization,60,Old compiled M8 vs old compiled M1,320,320,320,320,320,320,320,320
Post-attention/GDN residual/normalization,61,Final compiled M8 vs final eager M8,320,320,320,320,320,320,320,320
Post-attention/GDN residual/normalization,61,Fix 1 compiled M8 vs Fix 1 eager M8,320,320,320,320,320,320,320,320
Post-attention/GDN residual/normalization,61,Fix 1 compiled M8 vs Fix 1 compiled M1,320,320,320,320,320,320,320,320
Post-attention/GDN residual/normalization,61,Old compiled M8 vs old compiled M1,320,320,320,320,320,320,320,320
Post-attention/GDN residual/normalization,62,Final compiled M8 vs final eager M8,320,320,320,320,320,320,320,320
Post-attention/GDN residual/normalization,62,Fix 1 compiled M8 vs Fix 1 eager M8,320,320,320,320,320,320,320,320
Post-attention/GDN residual/normalization,62,Fix 1 compiled M8 vs Fix 1 compiled M1,320,320,320,320,320,320,320,320
Post-attention/GDN residual/normalization,62,Old compiled M8 vs old compiled M1,320,320,320,320,320,320,320,320
Post-attention/GDN residual/normalization,63,Final compiled M8 vs final eager M8,320,320,320,320,320,320,320,320
Post-attention/GDN residual/normalization,63,Fix 1 compiled M8 vs Fix 1 eager M8,320,320,320,320,320,320,320,320
Post-attention/GDN residual/normalization,63,Fix 1 compiled M8 vs Fix 1 compiled M1,320,320,320,320,320,320,320,320
Post-attention/GDN residual/normalization,63,Old compiled M8 vs old compiled M1,320,320,320,320,320,320,320,320
Post-attention/GDN residual/normalization,7,Final compiled M8 vs final eager M8,320,320,320,320,320,320,320,320
Post-attention/GDN residual/normalization,7,Fix 1 compiled M8 vs Fix 1 eager M8,320,320,320,320,320,320,320,320
Post-attention/GDN residual/normalization,7,Fix 1 compiled M8 vs Fix 1 compiled M1,320,320,320,320,320,320,320,320
Post-attention/GDN residual/normalization,7,Old compiled M8 vs old compiled M1,320,320,320,320,320,320,320,320
Post-attention/GDN residual/normalization,8,Final compiled M8 vs final eager M8,320,320,320,320,320,320,320,320
Post-attention/GDN residual/normalization,8,Fix 1 compiled M8 vs Fix 1 eager M8,320,320,320,320,320,320,320,320
Post-attention/GDN residual/normalization,8,Fix 1 compiled M8 vs Fix 1 compiled M1,320,320,320,320,320,320,320,320
Post-attention/GDN residual/normalization,8,Old compiled M8 vs old compiled M1,320,320,320,320,320,320,320,320
Post-attention/GDN residual/normalization,9,Final compiled M8 vs final eager M8,320,320,320,320,320,320,320,320
Post-attention/GDN residual/normalization,9,Fix 1 compiled M8 vs Fix 1 eager M8,320,320,320,320,320,320,320,320
Post-attention/GDN residual/normalization,9,Fix 1 compiled M8 vs Fix 1 compiled M1,320,320,320,320,320,320,320,320
Post-attention/GDN residual/normalization,9,Old compiled M8 vs old compiled M1,320,320,320,320,320,320,320,320
